ISO-10303-21;
HEADER;
FILE_DESCRIPTION (( 'STEP AP214' ),
    '1' );
FILE_NAME ('Anderson_Powerpole_PP15_PP45.STEP',
    '2026-03-18T13:32:39',
    ( '' ),
    ( '' ),
    'SwSTEP 2.0',
    'SolidWorks 2025',
    '' );
FILE_SCHEMA (( 'AUTOMOTIVE_DESIGN' ));
ENDSEC;

DATA;
#1 = EDGE_CURVE ( 'NONE', #230, #5980, #1059, .T. ) ;
#2 = ORIENTED_EDGE ( 'NONE', *, *, #4122, .T. ) ;
#3 = VERTEX_POINT ( 'NONE', #1589 ) ;
#4 = ADVANCED_FACE ( 'NONE', ( #5743 ), #2922, .F. ) ;
#5 = COLOUR_RGB ( '',0.8588235294117646523, 0.09803921568627450844, 0.09803921568627450844 ) ;
#6 = FILL_AREA_STYLE_COLOUR ( '', #1615 ) ;
#7 = CARTESIAN_POINT ( 'NONE',  ( 0.000000000000000000, -0.1555118110236234918, -5.463695987328526437E-16 ) ) ;
#8 = PLANE ( 'NONE',  #4620 ) ;
#9 = STYLED_ITEM ( 'NONE', ( #4545 ), #4791 ) ;
#10 = EDGE_LOOP ( 'NONE', ( #2710, #4528, #2129, #5302, #2606, #1220 ) ) ;
#11 = ORIENTED_EDGE ( 'NONE', *, *, #2073, .F. ) ;
#12 = SURFACE_SIDE_STYLE ('',( #4231 ) ) ;
#13 = CARTESIAN_POINT ( 'NONE',  ( -8.725206505955578973E-05, 0.1555125724608564797, -0.1455129532302152917 ) ) ;
#14 = DIMENSIONAL_EXPONENTS ( 1.000000000000000000, 0.000000000000000000, 0.000000000000000000, 0.000000000000000000, 0.000000000000000000, 0.000000000000000000, 0.000000000000000000 ) ;
#15 = PRESENTATION_STYLE_ASSIGNMENT (( #4655 ) ) ;
#16 = COLOUR_RGB ( '',1.000000000000000000, 0.9490196078431372140, 0.9098039215686274384 ) ;
#17 = CARTESIAN_POINT ( 'NONE',  ( 0.3474196816907006435, -0.09547244094488185895, -0.07247357983688917926 ) ) ;
#18 = FACE_OUTER_BOUND ( 'NONE', #764, .T. ) ;
#19 = PRESENTATION_LAYER_ASSIGNMENT (  '', '', ( #4481 ) ) ;
#20 =( NAMED_UNIT ( * ) PLANE_ANGLE_UNIT ( ) SI_UNIT ( $, .RADIAN. ) );
#21 = AXIS2_PLACEMENT_3D ( 'NONE', #4876, #5851, #711 ) ;
#22 = FACE_OUTER_BOUND ( 'NONE', #3824, .T. ) ;
#23 = AXIS2_PLACEMENT_3D ( 'NONE', #882, #434, #3612 ) ;
#24 = CARTESIAN_POINT ( 'NONE',  ( 6.736246273439711212E-18, 0.1555118110236232976, 0.1069999999999994289 ) ) ;
#25 = DIRECTION ( 'NONE',  ( 0.000000000000000000, 0.000000000000000000, 1.000000000000000000 ) ) ;
#26 =( NAMED_UNIT ( * ) PLANE_ANGLE_UNIT ( ) SI_UNIT ( $, .RADIAN. ) );
#27 = EDGE_LOOP ( 'NONE', ( #5880, #1096, #224, #11, #138, #3450 ) ) ;
#28 = AXIS2_PLACEMENT_3D ( 'NONE', #3885, #3483, #1161 ) ;
#29 = SURFACE_STYLE_FILL_AREA ( #5066 ) ;
#30 = UNCERTAINTY_MEASURE_WITH_UNIT (LENGTH_MEASURE( 1.000000000000000082E-05 ), #4313, 'distance_accuracy_value', 'NONE');
#31 = CARTESIAN_POINT ( 'NONE',  ( 0.6565039370078741277, 0.1070011422645787691, -0.1140000000000000180 ) ) ;
#32 = FILL_AREA_STYLE ('',( #4218 ) ) ;
#33 = ORIENTED_EDGE ( 'NONE', *, *, #5246, .F. ) ;
#34 = ORIENTED_EDGE ( 'NONE', *, *, #2313, .T. ) ;
#35 = CARTESIAN_POINT ( 'NONE',  ( 0.5779999999999999583, -0.07499999999999999722, 0.1555118110236226869 ) ) ;
#36 = ADVANCED_FACE ( 'NONE', ( #4766 ), #2859, .T. ) ;
#37 = UNCERTAINTY_MEASURE_WITH_UNIT (LENGTH_MEASURE( 1.000000000000000082E-05 ), #964, 'distance_accuracy_value', 'NONE');
#38 = EDGE_CURVE ( 'NONE', #2893, #3162, #3445, .T. ) ;
#39 = EDGE_LOOP ( 'NONE', ( #1915, #1219, #1467, #4909, #592 ) ) ;
#40 = ORIENTED_EDGE ( 'NONE', *, *, #842, .F. ) ;
#41 = LINE ( 'NONE', #4262, #2389 ) ;
#42 = CARTESIAN_POINT ( 'NONE',  ( 0.4733497035020817201, 0.09374015748031497286, -0.06877752049651320032 ) ) ;
#43 = LINE ( 'NONE', #430, #5109 ) ;
#44 = EDGE_CURVE ( 'NONE', #4139, #4049, #5387, .T. ) ;
#45 = FACE_OUTER_BOUND ( 'NONE', #4622, .T. ) ;
#46 =( NAMED_UNIT ( * ) PLANE_ANGLE_UNIT ( ) SI_UNIT ( $, .RADIAN. ) );
#47 = PRESENTATION_STYLE_ASSIGNMENT (( #5147 ) ) ;
#48 = LINE ( 'NONE', #3245, #5347 ) ;
#49 = STYLED_ITEM ( 'NONE', ( #5449 ), #1233 ) ;
#50 = AXIS2_PLACEMENT_3D ( 'NONE', #1321, #2225, #374 ) ;
#51 = DIMENSIONAL_EXPONENTS ( 1.000000000000000000, 0.000000000000000000, 0.000000000000000000, 0.000000000000000000, 0.000000000000000000, 0.000000000000000000, 0.000000000000000000 ) ;
#52 = FILL_AREA_STYLE_COLOUR ( '', #2908 ) ;
#53 = ORIENTED_EDGE ( 'NONE', *, *, #259, .T. ) ;
#54 = PRESENTATION_LAYER_ASSIGNMENT (  '', '', ( #152 ) ) ;
#55 = PRESENTATION_LAYER_ASSIGNMENT (  '', '', ( #3652 ) ) ;
#56 =( CONVERSION_BASED_UNIT ( 'INCH', #5097 ) LENGTH_UNIT ( ) NAMED_UNIT ( #232 ) );
#57 = FILL_AREA_STYLE ('',( #1087 ) ) ;
#58 = FACE_OUTER_BOUND ( 'NONE', #5718, .T. ) ;
#59 = AXIS2_PLACEMENT_3D ( 'NONE', #3203, #5507, #5189 ) ;
#60 = ORIENTED_EDGE ( 'NONE', *, *, #4083, .T. ) ;
#61 = SURFACE_STYLE_USAGE ( .BOTH. , #3410 ) ;
#62 = MECHANICAL_DESIGN_GEOMETRIC_PRESENTATION_REPRESENTATION (  '', ( #4044 ), #3367 ) ;
#63 = PRESENTATION_STYLE_ASSIGNMENT (( #5232 ) ) ;
#64 =( GEOMETRIC_REPRESENTATION_CONTEXT ( 3 ) GLOBAL_UNCERTAINTY_ASSIGNED_CONTEXT ( ( #5331 ) ) GLOBAL_UNIT_ASSIGNED_CONTEXT ( ( #1334, #387, #2290 ) ) REPRESENTATION_CONTEXT ( 'NONE', 'WORKASPACE' ) );
#65 = VERTEX_POINT ( 'NONE', #3931 ) ;
#66 = ORIENTED_EDGE ( 'NONE', *, *, #2869, .T. ) ;
#67 = DIRECTION ( 'NONE',  ( -0.008726535498371386368, 0.000000000000000000, -0.9999619230641713097 ) ) ;
#68 = EDGE_CURVE ( 'NONE', #2135, #2558, #3056, .T. ) ;
#69 =( LENGTH_UNIT ( ) NAMED_UNIT ( * ) SI_UNIT ( $, .METRE. ) );
#70 = CARTESIAN_POINT ( 'NONE',  ( 0.001560379513989082608, 0.09840045322220958290, 0.000000000000000000 ) ) ;
#71 = DIRECTION ( 'NONE',  ( 1.707404996040159433E-15, 1.490029766571915468E-17, 1.000000000000000000 ) ) ;
#72 = ORIENTED_EDGE ( 'NONE', *, *, #2503, .T. ) ;
#73 = MECHANICAL_DESIGN_GEOMETRIC_PRESENTATION_REPRESENTATION (  '', ( #3190 ), #1143 ) ;
#74 = EDGE_CURVE ( 'NONE', #3264, #1427, #239, .T. ) ;
#75 =( LENGTH_UNIT ( ) NAMED_UNIT ( * ) SI_UNIT ( $, .METRE. ) );
#76 = DIRECTION ( 'NONE',  ( 0.000000000000000000, -8.529140707787145228E-17, -1.000000000000000000 ) ) ;
#77 = EDGE_CURVE ( 'NONE', #3808, #1501, #4042, .T. ) ;
#78 = PRESENTATION_STYLE_ASSIGNMENT (( #1013 ) ) ;
#79 = MECHANICAL_DESIGN_GEOMETRIC_PRESENTATION_REPRESENTATION (  '', ( #4838 ), #3489 ) ;
#80 = FACE_OUTER_BOUND ( 'NONE', #2702, .T. ) ;
#81 = FACE_OUTER_BOUND ( 'NONE', #1805, .T. ) ;
#82 = ORIENTED_EDGE ( 'NONE', *, *, #1264, .T. ) ;
#83 = MECHANICAL_DESIGN_GEOMETRIC_PRESENTATION_REPRESENTATION (  '', ( #1547 ), #950 ) ;
#84 = CARTESIAN_POINT ( 'NONE',  ( 0.6161417322834645827, -0.07690905344307664981, 0.000000000000000000 ) ) ;
#85 = SURFACE_SIDE_STYLE ('',( #542 ) ) ;
#86 = UNCERTAINTY_MEASURE_WITH_UNIT (LENGTH_MEASURE( 1.000000000000000082E-05 ), #1067, 'distance_accuracy_value', 'NONE');
#87 = CARTESIAN_POINT ( 'NONE',  ( 0.4888052543830392893, -0.07874015748031493178, -0.08407871139680342387 ) ) ;
#88 = STYLED_ITEM ( 'NONE', ( #1118 ), #3951 ) ;
#89 = SURFACE_STYLE_FILL_AREA ( #4675 ) ;
#90 = DIMENSIONAL_EXPONENTS ( 1.000000000000000000, 0.000000000000000000, 0.000000000000000000, 0.000000000000000000, 0.000000000000000000, 0.000000000000000000, 0.000000000000000000 ) ;
#91 = ORIENTED_EDGE ( 'NONE', *, *, #4902, .T. ) ;
#92 = EDGE_LOOP ( 'NONE', ( #3432, #1523, #3994, #445 ) ) ;
#93 = VECTOR ( 'NONE', #409, 39.37007874015748143 ) ;
#94 = LINE ( 'NONE', #2923, #2079 ) ;
#95 = SURFACE_SIDE_STYLE ('',( #3446 ) ) ;
#96 = UNCERTAINTY_MEASURE_WITH_UNIT (LENGTH_MEASURE( 1.000000000000000082E-05 ), #1336, 'distance_accuracy_value', 'NONE');
#97 = SURFACE_SIDE_STYLE ('',( #2476 ) ) ;
#98 = ORIENTED_EDGE ( 'NONE', *, *, #2941, .F. ) ;
#99 = ORIENTED_EDGE ( 'NONE', *, *, #3380, .T. ) ;
#100 = FACE_OUTER_BOUND ( 'NONE', #1251, .T. ) ;
#101 = SURFACE_STYLE_USAGE ( .BOTH. , #2358 ) ;
#102 = CARTESIAN_POINT ( 'NONE',  ( 0.9585912023628577749, 0.1371466931045733639, 0.1471463123352172442 ) ) ;
#103 = LENGTH_MEASURE_WITH_UNIT ( LENGTH_MEASURE( 0.02539999999999999897 ), #2934 );
#104 = LENGTH_MEASURE_WITH_UNIT ( LENGTH_MEASURE( 0.02539999999999999897 ), #3916 );
#105 = CARTESIAN_POINT ( 'NONE',  ( 0.4879999999999999338, -0.07999999999999946043, -0.1555118110236237694 ) ) ;
#106 = ADVANCED_FACE ( 'NONE', ( #3105 ), #5774, .T. ) ;
#107 = DIRECTION ( 'NONE',  ( -0.9995695637461119443, 0.000000000000000000, -0.02933747147263255500 ) ) ;
#108 = CARTESIAN_POINT ( 'NONE',  ( 0.9685039370078740717, -0.1101815174062554525, -0.01817000752958474255 ) ) ;
#109 = CARTESIAN_POINT ( 'NONE',  ( 0.6565039370078741277, -0.1052775980186415050, 0.1182772172492832646 ) ) ;
#110 = VECTOR ( 'NONE', #5373, 39.37007874015748143 ) ;
#111 = LENGTH_MEASURE_WITH_UNIT ( LENGTH_MEASURE( 0.02539999999999999897 ), #1948 );
#112 = PRESENTATION_LAYER_ASSIGNMENT (  '', '', ( #5368 ) ) ;
#113 =( GEOMETRIC_REPRESENTATION_CONTEXT ( 3 ) GLOBAL_UNCERTAINTY_ASSIGNED_CONTEXT ( ( #1361 ) ) GLOBAL_UNIT_ASSIGNED_CONTEXT ( ( #3857, #226, #4301 ) ) REPRESENTATION_CONTEXT ( 'NONE', 'WORKASPACE' ) );
#114 = EDGE_CURVE ( 'NONE', #2172, #1814, #591, .T. ) ;
#115 = CARTESIAN_POINT ( 'NONE',  ( 0.4840000000000000413, 0.1745118110236227316, 0.07046965511460223652 ) ) ;
#116 = EDGE_LOOP ( 'NONE', ( #1035, #5063, #3802, #3369 ) ) ;
#117 = DIRECTION ( 'NONE',  ( 1.000000000000000000, 0.000000000000000000, 0.000000000000000000 ) ) ;
#118 = CARTESIAN_POINT ( 'NONE',  ( 0.6253892509847909231, -0.1400545024818758144, 0.1500541217125169746 ) ) ;
#119 = SURFACE_SIDE_STYLE ('',( #89 ) ) ;
#120 = B_SPLINE_CURVE_WITH_KNOTS ( 'NONE', 3,
 ( #733, #1716, #1657, #2598, #3597, #3139 ),
 .UNSPECIFIED., .F., .F.,
 ( 4, 2, 4 ),
 ( 0.000000000000000000, 0.0002011183477002038283, 0.0004022366954004076567 ),
 .UNSPECIFIED. ) ;
#121 = STYLED_ITEM ( 'NONE', ( #2070 ), #5832 ) ;
#122 = ORIENTED_EDGE ( 'NONE', *, *, #2313, .F. ) ;
#123 = FILL_AREA_STYLE ('',( #4735 ) ) ;
#124 = CARTESIAN_POINT ( 'NONE',  ( 0.6276428471321302549, 0.1500344548768826891, 0.1400348356462431942 ) ) ;
#125 = DIRECTION ( 'NONE',  ( -0.000000000000000000, 1.000000000000000000, 0.000000000000000000 ) ) ;
#126 = COLOUR_RGB ( '',1.000000000000000000, 0.9490196078431372140, 0.9098039215686274384 ) ;
#127 = CARTESIAN_POINT ( 'NONE',  ( 0.9585912023628577749, -0.1371466931045765836, 0.1471463123352177438 ) ) ;
#128 = CARTESIAN_POINT ( 'NONE',  ( 0.6565039370078741277, -0.1170000000000000484, 1.213184216936841517E-31 ) ) ;
#129 = ORIENTED_EDGE ( 'NONE', *, *, #5322, .F. ) ;
#130 = AXIS2_PLACEMENT_3D ( 'NONE', #1586, #5772, #1122 ) ;
#131 = ORIENTED_EDGE ( 'NONE', *, *, #4984, .F. ) ;
#132 =( CONVERSION_BASED_UNIT ( 'INCH', #1564 ) LENGTH_UNIT ( ) NAMED_UNIT ( #4201 ) );
#133 = DIMENSIONAL_EXPONENTS ( 1.000000000000000000, 0.000000000000000000, 0.000000000000000000, 0.000000000000000000, 0.000000000000000000, 0.000000000000000000, 0.000000000000000000 ) ;
#134 = LINE ( 'NONE', #3813, #2177 ) ;
#135 = DIRECTION ( 'NONE',  ( -0.000000000000000000, 1.000000000000000000, -0.000000000000000000 ) ) ;
#136 = SURFACE_STYLE_USAGE ( .BOTH. , #3031 ) ;
#137 =( NAMED_UNIT ( * ) PLANE_ANGLE_UNIT ( ) SI_UNIT ( $, .RADIAN. ) );
#138 = ORIENTED_EDGE ( 'NONE', *, *, #2246, .F. ) ;
#139 =( NAMED_UNIT ( * ) PLANE_ANGLE_UNIT ( ) SI_UNIT ( $, .RADIAN. ) );
#140 = SURFACE_STYLE_FILL_AREA ( #5730 ) ;
#141 = CARTESIAN_POINT ( 'NONE',  ( 0.6465039370078740077, 0.1398694758552900819, 0.000000000000000000 ) ) ;
#142 =( NAMED_UNIT ( * ) SI_UNIT ( $, .STERADIAN. ) SOLID_ANGLE_UNIT ( ) );
#143 = STYLED_ITEM ( 'NONE', ( #5186 ), #227 ) ;
#144 = ORIENTED_EDGE ( 'NONE', *, *, #1225, .F. ) ;
#145 =( LENGTH_UNIT ( ) NAMED_UNIT ( * ) SI_UNIT ( $, .METRE. ) );
#146 = EDGE_CURVE ( 'NONE', #3231, #1190, #2592, .T. ) ;
#147 = AXIS2_PLACEMENT_3D ( 'NONE', #5737, #1650, #665 ) ;
#148 = CARTESIAN_POINT ( 'NONE',  ( 0.6564166849428145767, 0.1397837301678343802, -0.1497833493984766506 ) ) ;
#149 = EDGE_CURVE ( 'NONE', #4683, #3104, #5999, .T. ) ;
#150 = LINE ( 'NONE', #5048, #348 ) ;
#151 = SURFACE_SIDE_STYLE ('',( #3377 ) ) ;
#152 = STYLED_ITEM ( 'NONE', ( #2688 ), #1795 ) ;
#153 = VECTOR ( 'NONE', #3034, 39.37007874015748854 ) ;
#154 = ORIENTED_EDGE ( 'NONE', *, *, #4489, .F. ) ;
#155 = CARTESIAN_POINT ( 'NONE',  ( 0.6161417322834645827, -0.08353543307086615244, -0.07086614173228346358 ) ) ;
#156 = CARTESIAN_POINT ( 'NONE',  ( 0.000000000000000000, -0.1555118110236234918, 0.1555118110236229645 ) ) ;
#157 = DIRECTION ( 'NONE',  ( 0.000000000000000000, 1.000000000000000000, 0.000000000000000000 ) ) ;
#158 = ADVANCED_FACE ( 'NONE', ( #5838 ), #3223, .F. ) ;
#159 = STYLED_ITEM ( 'NONE', ( #629 ), #1979 ) ;
#160 = UNCERTAINTY_MEASURE_WITH_UNIT (LENGTH_MEASURE( 1.000000000000000082E-05 ), #3275, 'distance_accuracy_value', 'NONE');
#161 =( CONVERSION_BASED_UNIT ( 'INCH', #5299 ) LENGTH_UNIT ( ) NAMED_UNIT ( #5092 ) );
#162 = ORIENTED_EDGE ( 'NONE', *, *, #5333, .F. ) ;
#163 = VERTEX_POINT ( 'NONE', #3647 ) ;
#164 = PRESENTATION_STYLE_ASSIGNMENT (( #2481 ) ) ;
#165 = CARTESIAN_POINT ( 'NONE',  ( 0.9685039370078740717, -0.1179999999999999660, -0.1210000000000000103 ) ) ;
#166 = VECTOR ( 'NONE', #1496, 39.37007874015747433 ) ;
#167 = ORIENTED_EDGE ( 'NONE', *, *, #5489, .F. ) ;
#168 = SURFACE_SIDE_STYLE ('',( #593 ) ) ;
#169 = VECTOR ( 'NONE', #2822, 39.37007874015748143 ) ;
#170 = SURFACE_SIDE_STYLE ('',( #4785 ) ) ;
#171 = DIRECTION ( 'NONE',  ( 0.008726535498373955493, 0.9999619230641713097, 0.000000000000000000 ) ) ;
#172 = DIRECTION ( 'NONE',  ( -0.000000000000000000, 1.000000000000000000, 0.000000000000000000 ) ) ;
#173 = DIMENSIONAL_EXPONENTS ( 1.000000000000000000, 0.000000000000000000, 0.000000000000000000, 0.000000000000000000, 0.000000000000000000, 0.000000000000000000, 0.000000000000000000 ) ;
#174 = FILL_AREA_STYLE_COLOUR ( '', #1775 ) ;
#175 = ORIENTED_EDGE ( 'NONE', *, *, #4986, .T. ) ;
#176 = FACE_OUTER_BOUND ( 'NONE', #282, .T. ) ;
#177 = STYLED_ITEM ( 'NONE', ( #5994 ), #2830 ) ;
#178 = CARTESIAN_POINT ( 'NONE',  ( 0.9685039370078740717, -0.1470598052105264175, 0.1371466931045760285 ) ) ;
#179 = CARTESIAN_POINT ( 'NONE',  ( 0.9685039370078740717, 0.1138581144771440290, 0.1210000000000000103 ) ) ;
#180 =( BOUNDED_CURVE ( )  B_SPLINE_CURVE ( 3, ( #3496, #179, #3527, #2526 ),
 .UNSPECIFIED., .F., .T. ) 
 B_SPLINE_CURVE_WITH_KNOTS ( ( 4, 4 ),
 ( 2.356232566403277051, 3.926952740776302520 ),
 .UNSPECIFIED. ) 
 CURVE ( )  GEOMETRIC_REPRESENTATION_ITEM ( )  RATIONAL_B_SPLINE_CURVE ( ( 1.000000000000000000, 0.8047558030806096774, 0.8047558030806096774, 1.000000000000000000 ) ) 
 REPRESENTATION_ITEM ( '' )  );
#181 = CARTESIAN_POINT ( 'NONE',  ( 0.4701435935394489007, 0.1805118110236227091, 0.07393375672973992452 ) ) ;
#182 = DIRECTION ( 'NONE',  ( -0.000000000000000000, -0.000000000000000000, 1.000000000000000000 ) ) ;
#183 = ORIENTED_EDGE ( 'NONE', *, *, #2821, .T. ) ;
#184 = FILL_AREA_STYLE ('',( #4678 ) ) ;
#185 = MECHANICAL_DESIGN_GEOMETRIC_PRESENTATION_REPRESENTATION (  '', ( #2619 ), #4844 ) ;
#186 = EDGE_CURVE ( 'NONE', #3292, #3143, #3621, .T. ) ;
#187 = PRESENTATION_STYLE_ASSIGNMENT (( #5749 ) ) ;
#188 = EDGE_LOOP ( 'NONE', ( #992, #355, #5539, #2059 ) ) ;
#189 = EDGE_CURVE ( 'NONE', #4740, #4341, #1825, .T. ) ;
#190 = VECTOR ( 'NONE', #1052, 39.37007874015748143 ) ;
#191 = ORIENTED_EDGE ( 'NONE', *, *, #1223, .T. ) ;
#192 = SURFACE_STYLE_USAGE ( .BOTH. , #4353 ) ;
#193 = FILL_AREA_STYLE_COLOUR ( '', #2349 ) ;
#194 = CARTESIAN_POINT ( 'NONE',  ( 0.4840000000000000413, 0.1745118110236222320, -0.07046965511460344389 ) ) ;
#195 = CARTESIAN_POINT ( 'NONE',  ( 0.6465912023628577199, -0.1498690950859350723, -0.1398694758552906370 ) ) ;
#196 = DIMENSIONAL_EXPONENTS ( 1.000000000000000000, 0.000000000000000000, 0.000000000000000000, 0.000000000000000000, 0.000000000000000000, 0.000000000000000000, 0.000000000000000000 ) ;
#197 = ADVANCED_FACE ( 'NONE', ( #356 ), #4154, .F. ) ;
#198 = SURFACE_STYLE_USAGE ( .BOTH. , #4273 ) ;
#199 = COLOUR_RGB ( '',1.000000000000000000, 0.9490196078431372140, 0.9098039215686274384 ) ;
#200 = CARTESIAN_POINT ( 'NONE',  ( 0.6161417322834645827, 0.000000000000000000, 0.000000000000000000 ) ) ;
#201 = ORIENTED_EDGE ( 'NONE', *, *, #4122, .F. ) ;
#202 = SURFACE_STYLE_FILL_AREA ( #5678 ) ;
#203 = PLANE ( 'NONE',  #1400 ) ;
#204 = CARTESIAN_POINT ( 'NONE',  ( -0.0007743536898872187269, -0.09845223787710334629, 6.099983369882684734E-06 ) ) ;
#205 = VECTOR ( 'NONE', #4505, 39.37007874015748143 ) ;
#206 = LENGTH_MEASURE_WITH_UNIT ( LENGTH_MEASURE( 0.02539999999999999897 ), #4431 );
#207 = FACE_OUTER_BOUND ( 'NONE', #5474, .T. ) ;
#208 = ORIENTED_EDGE ( 'NONE', *, *, #2359, .T. ) ;
#209 = CARTESIAN_POINT ( 'NONE',  ( 0.9685039370078740717, -0.1179999999999999660, 0.01799999999999950598 ) ) ;
#210 =( BOUNDED_CURVE ( )  B_SPLINE_CURVE ( 3, ( #3129, #5975, #4985, #5894 ),
 .UNSPECIFIED., .F., .T. ) 
 B_SPLINE_CURVE_WITH_KNOTS ( ( 4, 4 ),
 ( 5.624127271353176027, 6.942243343005999989 ),
 .UNSPECIFIED. ) 
 CURVE ( )  GEOMETRIC_REPRESENTATION_ITEM ( )  RATIONAL_B_SPLINE_CURVE ( ( 1.000000000000000000, 0.8603796100280619585, 0.8603796100280619585, 1.000000000000000000 ) ) 
 REPRESENTATION_ITEM ( '' )  );
#211 = DIRECTION ( 'NONE',  ( -0.9999619230641711987, 0.008726535498373953759, 0.000000000000000000 ) ) ;
#212 =( CONVERSION_BASED_UNIT ( 'INCH', #4347 ) LENGTH_UNIT ( ) NAMED_UNIT ( #4470 ) );
#213 = UNCERTAINTY_MEASURE_WITH_UNIT (LENGTH_MEASURE( 1.000000000000000082E-05 ), #1912, 'distance_accuracy_value', 'NONE');
#214 = LINE ( 'NONE', #3936, #3971 ) ;
#215 = PRESENTATION_LAYER_ASSIGNMENT (  '', '', ( #3229 ) ) ;
#216 = CARTESIAN_POINT ( 'NONE',  ( 0.4666794919243111850, 0.07046965511460284715, 0.1745118110236224540 ) ) ;
#217 = ORIENTED_EDGE ( 'NONE', *, *, #1860, .T. ) ;
#218 = ORIENTED_EDGE ( 'NONE', *, *, #1941, .T. ) ;
#219 = FILL_AREA_STYLE_COLOUR ( '', #126 ) ;
#220 = MECHANICAL_DESIGN_GEOMETRIC_PRESENTATION_REPRESENTATION (  '', ( #2273 ), #881 ) ;
#221 = DIRECTION ( 'NONE',  ( -0.8660254037844407060, 0.4999999999999964473, 0.000000000000000000 ) ) ;
#222 = EDGE_CURVE ( 'NONE', #5590, #2939, #1854, .T. ) ;
#223 = CARTESIAN_POINT ( 'NONE',  ( 0.6565039370078741277, -0.08353543307086615244, -5.463695987328526437E-16 ) ) ;
#224 = ORIENTED_EDGE ( 'NONE', *, *, #3985, .F. ) ;
#225 = CARTESIAN_POINT ( 'NONE',  ( 0.4591739384248463285, 0.1615118110236224702, -0.06296410161513840698 ) ) ;
#226 =( NAMED_UNIT ( * ) PLANE_ANGLE_UNIT ( ) SI_UNIT ( $, .RADIAN. ) );
#227 = ADVANCED_FACE ( 'NONE', ( #5251 ), #1518, .F. ) ;
#228 = LENGTH_MEASURE_WITH_UNIT ( LENGTH_MEASURE( 0.02539999999999999897 ), #2046 );
#229 = CARTESIAN_POINT ( 'NONE',  ( 0.002539331245590682479, 0.1454892698317056532, 0.1454892698317078459 ) ) ;
#230 = VERTEX_POINT ( 'NONE', #5152 ) ;
#231 = DIRECTION ( 'NONE',  ( -1.000000000000000000, 2.889961313503793146E-16, 0.000000000000000000 ) ) ;
#232 = DIMENSIONAL_EXPONENTS ( 1.000000000000000000, 0.000000000000000000, 0.000000000000000000, 0.000000000000000000, 0.000000000000000000, 0.000000000000000000, 0.000000000000000000 ) ;
#233 = SURFACE_STYLE_FILL_AREA ( #5289 ) ;
#234 = AXIS2_PLACEMENT_3D ( 'NONE', #5954, #6011, #5981 ) ;
#235 =( NAMED_UNIT ( * ) SI_UNIT ( $, .STERADIAN. ) SOLID_ANGLE_UNIT ( ) );
#236 =( NAMED_UNIT ( * ) PLANE_ANGLE_UNIT ( ) SI_UNIT ( $, .RADIAN. ) );
#237 = VERTEX_POINT ( 'NONE', #4730 ) ;
#238 = MECHANICAL_DESIGN_GEOMETRIC_PRESENTATION_REPRESENTATION (  '', ( #2482 ), #1008 ) ;
#239 = LINE ( 'NONE', #3019, #2758 ) ;
#240 = SURFACE_STYLE_USAGE ( .BOTH. , #4864 ) ;
#241 = SURFACE_STYLE_USAGE ( .BOTH. , #4402 ) ;
#242 = CARTESIAN_POINT ( 'NONE',  ( 0.9585039370078740628, -0.1371466931045766113, 0.000000000000000000 ) ) ;
#243 =( GEOMETRIC_REPRESENTATION_CONTEXT ( 3 ) GLOBAL_UNCERTAINTY_ASSIGNED_CONTEXT ( ( #1497 ) ) GLOBAL_UNIT_ASSIGNED_CONTEXT ( ( #56, #2438, #1986 ) ) REPRESENTATION_CONTEXT ( 'NONE', 'WORKASPACE' ) );
#244 = PRESENTATION_STYLE_ASSIGNMENT (( #2186 ) ) ;
#245 = ORIENTED_EDGE ( 'NONE', *, *, #714, .T. ) ;
#246 = FILL_AREA_STYLE ('',( #3940 ) ) ;
#247 = ORIENTED_EDGE ( 'NONE', *, *, #2718, .F. ) ;
#248 = STYLED_ITEM ( 'NONE', ( #3724 ), #1652 ) ;
#249 = VECTOR ( 'NONE', #620, 39.37007874015748143 ) ;
#250 = FILL_AREA_STYLE ('',( #1255 ) ) ;
#251 = PRESENTATION_LAYER_ASSIGNMENT (  '', '', ( #4326 ) ) ;
#252 = ORIENTED_EDGE ( 'NONE', *, *, #4638, .T. ) ;
#253 = EDGE_CURVE ( 'NONE', #3318, #4965, #3864, .T. ) ;
#254 = SURFACE_STYLE_USAGE ( .BOTH. , #2574 ) ;
#255 = CARTESIAN_POINT ( 'NONE',  ( 0.000000000000000000, 0.1555118110236202167, 0.1555118110236224094 ) ) ;
#256 = PRESENTATION_LAYER_ASSIGNMENT (  '', '', ( #1914 ) ) ;
#257 = FILL_AREA_STYLE ('',( #2693 ) ) ;
#258 =( LENGTH_UNIT ( ) NAMED_UNIT ( * ) SI_UNIT ( $, .METRE. ) );
#259 = EDGE_CURVE ( 'NONE', #1806, #473, #3371, .T. ) ;
#260 = COLOUR_RGB ( '',0.8588235294117646523, 0.09803921568627450844, 0.09803921568627450844 ) ;
#261 = SURFACE_SIDE_STYLE ('',( #720 ) ) ;
#262 = ORIENTED_EDGE ( 'NONE', *, *, #1264, .F. ) ;
#263 = EDGE_CURVE ( 'NONE', #3882, #1341, #2916, .T. ) ;
#264 = PRESENTATION_STYLE_ASSIGNMENT (( #725 ) ) ;
#265 =( GEOMETRIC_REPRESENTATION_CONTEXT ( 3 ) GLOBAL_UNCERTAINTY_ASSIGNED_CONTEXT ( ( #2475 ) ) GLOBAL_UNIT_ASSIGNED_CONTEXT ( ( #2038, #5272, #3816 ) ) REPRESENTATION_CONTEXT ( 'NONE', 'WORKASPACE' ) );
#266 = CARTESIAN_POINT ( 'NONE',  ( 0.4840000000000000413, 0.07046965511460284715, 0.1745118110236224540 ) ) ;
#267 = FILL_AREA_STYLE_COLOUR ( '', #1721 ) ;
#268 = UNCERTAINTY_MEASURE_WITH_UNIT (LENGTH_MEASURE( 1.000000000000000082E-05 ), #2203, 'distance_accuracy_value', 'NONE');
#269 =( CONVERSION_BASED_UNIT ( 'INCH', #206 ) LENGTH_UNIT ( ) NAMED_UNIT ( #3823 ) );
#270 = CARTESIAN_POINT ( 'NONE',  ( 0.5779999999999999583, 0.07499999999999999722, 0.1555118110236226869 ) ) ;
#271 = VERTEX_POINT ( 'NONE', #4758 ) ;
#272 = PRESENTATION_LAYER_ASSIGNMENT (  '', '', ( #3190 ) ) ;
#273 =( NAMED_UNIT ( * ) SI_UNIT ( $, .STERADIAN. ) SOLID_ANGLE_UNIT ( ) );
#274 =( CONVERSION_BASED_UNIT ( 'INCH', #5388 ) LENGTH_UNIT ( ) NAMED_UNIT ( #5524 ) );
#275 =( LENGTH_UNIT ( ) NAMED_UNIT ( * ) SI_UNIT ( $, .METRE. ) );
#276 =( NAMED_UNIT ( * ) SI_UNIT ( $, .STERADIAN. ) SOLID_ANGLE_UNIT ( ) );
#277 = UNCERTAINTY_MEASURE_WITH_UNIT (LENGTH_MEASURE( 1.000000000000000082E-05 ), #3701, 'distance_accuracy_value', 'NONE');
#278 = DIMENSIONAL_EXPONENTS ( 1.000000000000000000, 0.000000000000000000, 0.000000000000000000, 0.000000000000000000, 0.000000000000000000, 0.000000000000000000, 0.000000000000000000 ) ;
#279 = PRESENTATION_STYLE_ASSIGNMENT (( #1215 ) ) ;
#280 = STYLED_ITEM ( 'NONE', ( #4398 ), #3314 ) ;
#281 = CARTESIAN_POINT ( 'NONE',  ( 0.6262433899472835686, 0.1425929623589312634, 0.1500466677547158956 ) ) ;
#282 = EDGE_LOOP ( 'NONE', ( #4669, #4381, #3941, #2204, #3425 ) ) ;
#283 = VERTEX_POINT ( 'NONE', #2437 ) ;
#284 = VECTOR ( 'NONE', #1850, 39.37007874015748854 ) ;
#285 = CARTESIAN_POINT ( 'NONE',  ( 0.5289690650690873630, -0.1460203747737291446, 0.1498758139096910413 ) ) ;
#286 = CARTESIAN_POINT ( 'NONE',  ( 2.667820306312757049E-19, -0.09842519685039372024, 0.000000000000000000 ) ) ;
#287 = PRESENTATION_LAYER_ASSIGNMENT (  '', '', ( #3596 ) ) ;
#288 = ORIENTED_EDGE ( 'NONE', *, *, #2678, .F. ) ;
#289 = SURFACE_STYLE_FILL_AREA ( #686 ) ;
#290 =( CONVERSION_BASED_UNIT ( 'INCH', #4450 ) LENGTH_UNIT ( ) NAMED_UNIT ( #5549 ) );
#291 = VECTOR ( 'NONE', #1617, 39.37007874015748854 ) ;
#292 = CARTESIAN_POINT ( 'NONE',  ( 0.000000000000000000, 0.07046965511460284715, 0.1745118110236224540 ) ) ;
#293 = DIRECTION ( 'NONE',  ( -0.000000000000000000, -1.000000000000000000, -0.000000000000000000 ) ) ;
#294 = ORIENTED_EDGE ( 'NONE', *, *, #2073, .T. ) ;
#295 = LENGTH_MEASURE_WITH_UNIT ( LENGTH_MEASURE( 0.02539999999999999897 ), #802 );
#296 = DIRECTION ( 'NONE',  ( -0.9998096356151563446, -0.008725206505940205637, -0.01745174210551314609 ) ) ;
#297 = VECTOR ( 'NONE', #4904, 39.37007874015748143 ) ;
#298 = EDGE_CURVE ( 'NONE', #797, #5898, #604, .T. ) ;
#299 =( NAMED_UNIT ( * ) PLANE_ANGLE_UNIT ( ) SI_UNIT ( $, .RADIAN. ) );
#300 =( CONVERSION_BASED_UNIT ( 'INCH', #2499 ) LENGTH_UNIT ( ) NAMED_UNIT ( #4009 ) );
#301 = EDGE_CURVE ( 'NONE', #1870, #4071, #2287, .T. ) ;
#302 = SURFACE_SIDE_STYLE ('',( #5356 ) ) ;
#303 = B_SPLINE_CURVE_WITH_KNOTS ( 'NONE', 3,
 ( #3180, #5965, #2666, #3634, #320, #2195 ),
 .UNSPECIFIED., .F., .F.,
 ( 4, 2, 4 ),
 ( 0.000000000000000000, 0.0002011110737639355177, 0.0004022221475278710354 ),
 .UNSPECIFIED. ) ;
#304 = VERTEX_POINT ( 'NONE', #1884 ) ;
#305 =( NAMED_UNIT ( * ) PLANE_ANGLE_UNIT ( ) SI_UNIT ( $, .RADIAN. ) );
#306 = VECTOR ( 'NONE', #5268, 39.37007874015748143 ) ;
#307 =( NAMED_UNIT ( * ) PLANE_ANGLE_UNIT ( ) SI_UNIT ( $, .RADIAN. ) );
#308 = AXIS2_PLACEMENT_3D ( 'NONE', #2081, #5762, #4723 ) ;
#309 = EDGE_CURVE ( 'NONE', #2030, #5686, #5654, .T. ) ;
#310 = SURFACE_SIDE_STYLE ('',( #2625 ) ) ;
#311 = VECTOR ( 'NONE', #1722, 39.37007874015748143 ) ;
#312 = ORIENTED_EDGE ( 'NONE', *, *, #4574, .T. ) ;
#313 = ORIENTED_EDGE ( 'NONE', *, *, #370, .T. ) ;
#314 = SURFACE_SIDE_STYLE ('',( #4529 ) ) ;
#315 = VECTOR ( 'NONE', #1380, 39.37007874015748143 ) ;
#316 = VERTEX_POINT ( 'NONE', #84 ) ;
#317 = AXIS2_PLACEMENT_3D ( 'NONE', #5455, #318, #5856 ) ;
#318 = DIRECTION ( 'NONE',  ( -0.8660254037844405950, 0.4999999999999968359, -1.745740669421555634E-15 ) ) ;
#319 = CARTESIAN_POINT ( 'NONE',  ( 0.6565039370078741277, 0.1052775980186415189, 0.1182772172492832646 ) ) ;
#320 = CARTESIAN_POINT ( 'NONE',  ( 0.5295307725200648630, -0.1434344457085557356, -0.1508906659807100481 ) ) ;
#321 =( NAMED_UNIT ( * ) SI_UNIT ( $, .STERADIAN. ) SOLID_ANGLE_UNIT ( ) );
#322 = SURFACE_STYLE_FILL_AREA ( #4483 ) ;
#323 = CARTESIAN_POINT ( 'NONE',  ( 0.000000000000000000, 0.1555118110236202167, 0.1455121917929807218 ) ) ;
#324 = DIRECTION ( 'NONE',  ( 0.000000000000000000, -1.000000000000000000, 0.000000000000000000 ) ) ;
#325 = CARTESIAN_POINT ( 'NONE',  ( 0.9585912023628577749, 0.1471463123352150515, 0.1371466931045755566 ) ) ;
#326 = DIRECTION ( 'NONE',  ( 0.01745240643727835606, 0.000000000000000000, -0.9998476951563913806 ) ) ;
#327 = SURFACE_STYLE_FILL_AREA ( #1681 ) ;
#328 =( NAMED_UNIT ( * ) SI_UNIT ( $, .STERADIAN. ) SOLID_ANGLE_UNIT ( ) );
#329 = ORIENTED_EDGE ( 'NONE', *, *, #993, .T. ) ;
#330 = DIRECTION ( 'NONE',  ( -0.9999238504775704861, -0.008726203243944236423, 0.008726203243944252036 ) ) ;
#331 = ADVANCED_FACE ( 'NONE', ( #1023 ), #1983, .F. ) ;
#332 = DIRECTION ( 'NONE',  ( -0.000000000000000000, -0.000000000000000000, 1.000000000000000000 ) ) ;
#333 = DIRECTION ( 'NONE',  ( 0.000000000000000000, 1.000000000000000000, 0.000000000000000000 ) ) ;
#334 = FACE_OUTER_BOUND ( 'NONE', #2540, .T. ) ;
#335 = UNCERTAINTY_MEASURE_WITH_UNIT (LENGTH_MEASURE( 1.000000000000000082E-05 ), #1653, 'distance_accuracy_value', 'NONE');
#336 = LENGTH_MEASURE_WITH_UNIT ( LENGTH_MEASURE( 0.02539999999999999897 ), #1279 );
#337 = ORIENTED_EDGE ( 'NONE', *, *, #5322, .T. ) ;
#338 = ORIENTED_EDGE ( 'NONE', *, *, #736, .F. ) ;
#339 = EDGE_CURVE ( 'NONE', #4765, #2636, #1173, .T. ) ;
#340 = VECTOR ( 'NONE', #4092, 39.37007874015748143 ) ;
#341 = MECHANICAL_DESIGN_GEOMETRIC_PRESENTATION_REPRESENTATION (  '', ( #5683 ), #4611 ) ;
#342 = PLANE ( 'NONE',  #4440 ) ;
#343 = ORIENTED_EDGE ( 'NONE', *, *, #2108, .F. ) ;
#344 =( GEOMETRIC_REPRESENTATION_CONTEXT ( 3 ) GLOBAL_UNCERTAINTY_ASSIGNED_CONTEXT ( ( #213 ) ) GLOBAL_UNIT_ASSIGNED_CONTEXT ( ( #1912, #1048, #1450 ) ) REPRESENTATION_CONTEXT ( 'NONE', 'WORKASPACE' ) );
#345 = CARTESIAN_POINT ( 'NONE',  ( 0.000000000000000000, -0.1513699255007675548, 0.1555118110236229090 ) ) ;
#346 = PRESENTATION_STYLE_ASSIGNMENT (( #5002 ) ) ;
#347 = CARTESIAN_POINT ( 'NONE',  ( 0.4840000000000000413, -0.05949999999999999734, 0.1555118110236224649 ) ) ;
#348 = VECTOR ( 'NONE', #2017, 39.37007874015748143 ) ;
#349 = DIRECTION ( 'NONE',  ( 0.000000000000000000, 0.000000000000000000, -1.000000000000000000 ) ) ;
#350 = COLOUR_RGB ( '',1.000000000000000000, 0.9490196078431372140, 0.9098039215686274384 ) ;
#351 =( NAMED_UNIT ( * ) PLANE_ANGLE_UNIT ( ) SI_UNIT ( $, .RADIAN. ) );
#352 = SURFACE_SIDE_STYLE ('',( #5862 ) ) ;
#353 = FILL_AREA_STYLE_COLOUR ( '', #913 ) ;
#354 = LINE ( 'NONE', #2232, #2804 ) ;
#355 = ORIENTED_EDGE ( 'NONE', *, *, #5155, .T. ) ;
#356 = FACE_OUTER_BOUND ( 'NONE', #3691, .T. ) ;
#357 = SURFACE_SIDE_STYLE ('',( #29 ) ) ;
#358 = EDGE_CURVE ( 'NONE', #2521, #3989, #2143, .T. ) ;
#359 = CARTESIAN_POINT ( 'NONE',  ( 0.002626596600574421930, 0.1454892698317057087, 0.1554888890623495334 ) ) ;
#360 = PLANE ( 'NONE',  #3642 ) ;
#361 = VECTOR ( 'NONE', #762, 39.37007874015748143 ) ;
#362 = ORIENTED_EDGE ( 'NONE', *, *, #5155, .F. ) ;
#363 = ORIENTED_EDGE ( 'NONE', *, *, #3791, .F. ) ;
#364 = VECTOR ( 'NONE', #5068, 39.37007874015748143 ) ;
#365 = CARTESIAN_POINT ( 'NONE',  ( 0.09314009370863018944, 0.000000000000000000, -0.2222197335988833067 ) ) ;
#366 = ADVANCED_FACE ( 'NONE', ( #176 ), #3099, .T. ) ;
#367 = LINE ( 'NONE', #5935, #1316 ) ;
#368 = PRESENTATION_STYLE_ASSIGNMENT (( #3544 ) ) ;
#369 =( BOUNDED_CURVE ( )  B_SPLINE_CURVE ( 3, ( #943, #1504, #5603, #3298 ),
 .UNSPECIFIED., .F., .T. ) 
 B_SPLINE_CURVE_WITH_KNOTS ( ( 4, 4 ),
 ( 0.3245791622169703627, 2.834466783892765296 ),
 .UNSPECIFIED. ) 
 CURVE ( )  GEOMETRIC_REPRESENTATION_ITEM ( )  RATIONAL_B_SPLINE_CURVE ( ( 1.000000000000000000, 0.5404179517530420807, 0.5404179517530420807, 1.000000000000000000 ) ) 
 REPRESENTATION_ITEM ( '' )  );
#370 = EDGE_CURVE ( 'NONE', #2636, #1532, #3926, .T. ) ;
#371 = ORIENTED_EDGE ( 'NONE', *, *, #879, .T. ) ;
#372 =( GEOMETRIC_REPRESENTATION_CONTEXT ( 3 ) GLOBAL_UNCERTAINTY_ASSIGNED_CONTEXT ( ( #3569 ) ) GLOBAL_UNIT_ASSIGNED_CONTEXT ( ( #5620, #1913, #142 ) ) REPRESENTATION_CONTEXT ( 'NONE', 'WORKASPACE' ) );
#373 = CARTESIAN_POINT ( 'NONE',  ( 0.000000000000000000, 0.1555118110236202167, -5.463695987328526437E-16 ) ) ;
#374 = DIRECTION ( 'NONE',  ( 0.9993908270190957621, 0.000000000000000000, -0.03489949670250104552 ) ) ;
#375 = SURFACE_STYLE_USAGE ( .BOTH. , #2247 ) ;
#376 = MECHANICAL_DESIGN_GEOMETRIC_PRESENTATION_REPRESENTATION (  '', ( #1655 ), #5435 ) ;
#377 = PLANE ( 'NONE',  #1826 ) ;
#378 = EDGE_CURVE ( 'NONE', #4285, #5504, #4918, .T. ) ;
#379 = CARTESIAN_POINT ( 'NONE',  ( 0.9365039370078737102, -0.1470598052105263898, -5.463695987328526437E-16 ) ) ;
#380 = PRESENTATION_LAYER_ASSIGNMENT (  '', '', ( #3987 ) ) ;
#381 =( LENGTH_UNIT ( ) NAMED_UNIT ( * ) SI_UNIT ( $, .METRE. ) );
#382 = LINE ( 'NONE', #2255, #5586 ) ;
#383 = SURFACE_STYLE_USAGE ( .BOTH. , #3644 ) ;
#384 =( CONVERSION_BASED_UNIT ( 'INCH', #4121 ) LENGTH_UNIT ( ) NAMED_UNIT ( #2218 ) );
#385 = ORIENTED_EDGE ( 'NONE', *, *, #38, .F. ) ;
#386 = FILL_AREA_STYLE_COLOUR ( '', #517 ) ;
#387 =( NAMED_UNIT ( * ) PLANE_ANGLE_UNIT ( ) SI_UNIT ( $, .RADIAN. ) );
#388 = UNCERTAINTY_MEASURE_WITH_UNIT (LENGTH_MEASURE( 1.000000000000000082E-05 ), #4779, 'distance_accuracy_value', 'NONE');
#389 = PRESENTATION_STYLE_ASSIGNMENT (( #2375 ) ) ;
#390 = ORIENTED_EDGE ( 'NONE', *, *, #680, .T. ) ;
#391 = VERTEX_POINT ( 'NONE', #750 ) ;
#392 = PRESENTATION_LAYER_ASSIGNMENT (  '', '', ( #4865 ) ) ;
#393 =( NAMED_UNIT ( * ) PLANE_ANGLE_UNIT ( ) SI_UNIT ( $, .RADIAN. ) );
#394 = CARTESIAN_POINT ( 'NONE',  ( 0.4730303448853974135, 0.05278958680028717626, 0.1555118110236227147 ) ) ;
#395 = UNCERTAINTY_MEASURE_WITH_UNIT (LENGTH_MEASURE( 1.000000000000000082E-05 ), #4824, 'distance_accuracy_value', 'NONE');
#396 = SURFACE_STYLE_FILL_AREA ( #4226 ) ;
#397 = COLOUR_RGB ( '',0.8588235294117646523, 0.09803921568627450844, 0.09803921568627450844 ) ;
#398 = ORIENTED_EDGE ( 'NONE', *, *, #3881, .F. ) ;
#399 = ORIENTED_EDGE ( 'NONE', *, *, #4190, .T. ) ;
#400 = CARTESIAN_POINT ( 'NONE',  ( 0.9389763779527559029, 0.08353543307086615244, 0.000000000000000000 ) ) ;
#401 = PRESENTATION_STYLE_ASSIGNMENT (( #2782 ) ) ;
#402 = DIRECTION ( 'NONE',  ( 0.000000000000000000, -1.000000000000000000, 0.000000000000000000 ) ) ;
#403 = EDGE_CURVE ( 'NONE', #1309, #1144, #3900, .T. ) ;
#404 = LENGTH_MEASURE_WITH_UNIT ( LENGTH_MEASURE( 0.02539999999999999897 ), #4507 );
#405 = VECTOR ( 'NONE', #1975, 39.37007874015748143 ) ;
#406 = EDGE_CURVE ( 'NONE', #1028, #1530, #4335, .T. ) ;
#407 = FILL_AREA_STYLE_COLOUR ( '', #2006 ) ;
#408 = ADVANCED_FACE ( 'NONE', ( #4366 ), #203, .T. ) ;
#409 = DIRECTION ( 'NONE',  ( -0.000000000000000000, -1.000000000000000000, -0.000000000000000000 ) ) ;
#410 = STYLED_ITEM ( 'NONE', ( #3000 ), #5804 ) ;
#411 = CARTESIAN_POINT ( 'NONE',  ( 0.9389763779527559029, -0.08353543307086615244, -0.07086614173228346358 ) ) ;
#412 = PRESENTATION_STYLE_ASSIGNMENT (( #2233 ) ) ;
#413 = EDGE_LOOP ( 'NONE', ( #1392, #252, #4694, #5249, #1029 ) ) ;
#414 =( NAMED_UNIT ( * ) SI_UNIT ( $, .STERADIAN. ) SOLID_ANGLE_UNIT ( ) );
#415 = DIRECTION ( 'NONE',  ( 0.000000000000000000, 1.497723680736986336E-16, -1.000000000000000000 ) ) ;
#416 = DIRECTION ( 'NONE',  ( 0.9999492317187643753, -0.005038203674249694917, 0.008726424742680500418 ) ) ;
#417 = CARTESIAN_POINT ( 'NONE',  ( 0.3478816891154665192, -0.09547244094488185895, -0.08821483280926889492 ) ) ;
#418 = ORIENTED_EDGE ( 'NONE', *, *, #4053, .T. ) ;
#419 = ORIENTED_EDGE ( 'NONE', *, *, #879, .F. ) ;
#420 = CARTESIAN_POINT ( 'NONE',  ( 0.4879999999999999338, -0.07999999999999946043, -0.1555118110236237694 ) ) ;
#421 = CARTESIAN_POINT ( 'NONE',  ( 0.4883432469582734137, 0.07874015748031498729, -0.06833745842442372209 ) ) ;
#422 = MECHANICAL_DESIGN_GEOMETRIC_PRESENTATION_REPRESENTATION (  '', ( #3944 ), #2580 ) ;
#423 = PRESENTATION_LAYER_ASSIGNMENT (  '', '', ( #3061 ) ) ;
#424 = EDGE_LOOP ( 'NONE', ( #419, #5012, #1419 ) ) ;
#425 = ORIENTED_EDGE ( 'NONE', *, *, #339, .T. ) ;
#426 = LINE ( 'NONE', #1229, #3526 ) ;
#427 = DIRECTION ( 'NONE',  ( -0.9999238504775705971, 0.008726203243944238158, -0.008726203243944236423 ) ) ;
#428 =( LENGTH_UNIT ( ) NAMED_UNIT ( * ) SI_UNIT ( $, .METRE. ) );
#429 = DIMENSIONAL_EXPONENTS ( 1.000000000000000000, 0.000000000000000000, 0.000000000000000000, 0.000000000000000000, 0.000000000000000000, 0.000000000000000000, 0.000000000000000000 ) ;
#430 = CARTESIAN_POINT ( 'NONE',  ( 0.4881889763779527769, -0.05856624327025864579, -0.1555118110236237139 ) ) ;
#431 = PRESENTATION_STYLE_ASSIGNMENT (( #5035 ) ) ;
#432 = AXIS2_PLACEMENT_3D ( 'NONE', #2209, #4553, #5441 ) ;
#433 = PRESENTATION_LAYER_ASSIGNMENT (  '', '', ( #1217 ) ) ;
#434 = DIRECTION ( 'NONE',  ( -1.000000000000000000, 0.000000000000000000, 0.000000000000000000 ) ) ;
#435 =( CONVERSION_BASED_UNIT ( 'INCH', #3187 ) LENGTH_UNIT ( ) NAMED_UNIT ( #3317 ) );
#436 = DIRECTION ( 'NONE',  ( -0.000000000000000000, -0.000000000000000000, 1.000000000000000000 ) ) ;
#437 = FACE_OUTER_BOUND ( 'NONE', #2931, .T. ) ;
#438 = VECTOR ( 'NONE', #700, 39.37007874015748143 ) ;
#439 = DIRECTION ( 'NONE',  ( 0.000000000000000000, 0.000000000000000000, -1.000000000000000000 ) ) ;
#440 = DIRECTION ( 'NONE',  ( 0.008726535498373955493, 0.9999619230641713097, 0.000000000000000000 ) ) ;
#441 = EDGE_CURVE ( 'NONE', #5691, #2999, #2672, .T. ) ;
#442 = DIRECTION ( 'NONE',  ( 0.9982886337119626363, 0.05782651663589040425, 0.008711932923421542713 ) ) ;
#443 = EDGE_CURVE ( 'NONE', #999, #3110, #5892, .T. ) ;
#444 = VECTOR ( 'NONE', #2054, 39.37007874015748143 ) ;
#445 = ORIENTED_EDGE ( 'NONE', *, *, #3984, .F. ) ;
#446 = PRESENTATION_STYLE_ASSIGNMENT (( #2760 ) ) ;
#447 = CARTESIAN_POINT ( 'NONE',  ( 0.6565039370078741277, 0.1052775980186415189, 0.1182772172492832646 ) ) ;
#448 = FACE_OUTER_BOUND ( 'NONE', #3891, .T. ) ;
#449 = UNCERTAINTY_MEASURE_WITH_UNIT (LENGTH_MEASURE( 1.000000000000000082E-05 ), #3062, 'distance_accuracy_value', 'NONE');
#450 = DIRECTION ( 'NONE',  ( -0.4472135954999552632, -0.4472135954999574281, -0.7745966692414852917 ) ) ;
#451 = FILL_AREA_STYLE_COLOUR ( '', #4903 ) ;
#452 = ORIENTED_EDGE ( 'NONE', *, *, #3133, .T. ) ;
#453 = VECTOR ( 'NONE', #5042, 39.37007874015748143 ) ;
#454 = VERTEX_POINT ( 'NONE', #1353 ) ;
#455 = PRESENTATION_STYLE_ASSIGNMENT (( #4618 ) ) ;
#456 = UNCERTAINTY_MEASURE_WITH_UNIT (LENGTH_MEASURE( 1.000000000000000082E-05 ), #5809, 'distance_accuracy_value', 'NONE');
#457 = VECTOR ( 'NONE', #1006, 39.37007874015748143 ) ;
#458 =( CONVERSION_BASED_UNIT ( 'INCH', #2776 ) LENGTH_UNIT ( ) NAMED_UNIT ( #3003 ) );
#459 = VERTEX_POINT ( 'NONE', #4578 ) ;
#460 = ORIENTED_EDGE ( 'NONE', *, *, #2616, .F. ) ;
#461 = CYLINDRICAL_SURFACE ( 'NONE', #4392, 0.01000000000000000194 ) ;
#462 =( GEOMETRIC_REPRESENTATION_CONTEXT ( 3 ) GLOBAL_UNCERTAINTY_ASSIGNED_CONTEXT ( ( #2656 ) ) GLOBAL_UNIT_ASSIGNED_CONTEXT ( ( #161, #647, #2505 ) ) REPRESENTATION_CONTEXT ( 'NONE', 'WORKASPACE' ) );
#463 = DIRECTION ( 'NONE',  ( 0.02933747147263221153, -3.081487911019577365E-33, -0.9995695637461118332 ) ) ;
#464 = DIRECTION ( 'NONE',  ( 0.9999238504775705971, -0.008726203243941669033, -0.008726203243941669033 ) ) ;
#465 = DIRECTION ( 'NONE',  ( 1.000000000000000000, 0.000000000000000000, 0.000000000000000000 ) ) ;
#466 = VECTOR ( 'NONE', #3101, 39.37007874015749564 ) ;
#467 = SURFACE_SIDE_STYLE ('',( #3788 ) ) ;
#468 = PRESENTATION_LAYER_ASSIGNMENT (  '', '', ( #3103 ) ) ;
#469 = DIRECTION ( 'NONE',  ( -0.9999238504775704861, -0.008726203243944236423, 0.008726203243944252036 ) ) ;
#470 = DIMENSIONAL_EXPONENTS ( 1.000000000000000000, 0.000000000000000000, 0.000000000000000000, 0.000000000000000000, 0.000000000000000000, 0.000000000000000000, 0.000000000000000000 ) ;
#471 =( NAMED_UNIT ( * ) PLANE_ANGLE_UNIT ( ) SI_UNIT ( $, .RADIAN. ) );
#472 = VECTOR ( 'NONE', #693, 39.37007874015748143 ) ;
#473 = VERTEX_POINT ( 'NONE', #5521 ) ;
#474 =( LENGTH_UNIT ( ) NAMED_UNIT ( * ) SI_UNIT ( $, .METRE. ) );
#475 = EDGE_CURVE ( 'NONE', #2428, #1706, #5354, .T. ) ;
#476 = EDGE_CURVE ( 'NONE', #5837, #1719, #2199, .T. ) ;
#477 = AXIS2_PLACEMENT_3D ( 'NONE', #3071, #1676, #4459 ) ;
#478 = DIRECTION ( 'NONE',  ( 0.9995695637461118332, 0.000000000000000000, 0.02933747147263230173 ) ) ;
#479 = SURFACE_SIDE_STYLE ('',( #1056 ) ) ;
#480 = CARTESIAN_POINT ( 'NONE',  ( 0.9365039370078737102, -0.1555118110236234918, -5.463695987328526437E-16 ) ) ;
#481 = ORIENTED_EDGE ( 'NONE', *, *, #2608, .T. ) ;
#482 = ORIENTED_EDGE ( 'NONE', *, *, #870, .F. ) ;
#483 = AXIS2_PLACEMENT_3D ( 'NONE', #3723, #493, #2362 ) ;
#484 = CARTESIAN_POINT ( 'NONE',  ( 0.0004884067188286647090, -0.1555075487627601560, 0.05856870408771600034 ) ) ;
#485 = EDGE_CURVE ( 'NONE', #3690, #4587, #3590, .T. ) ;
#486 = CYLINDRICAL_SURFACE ( 'NONE', #5932, 0.01000000000000000194 ) ;
#487 = LENGTH_MEASURE_WITH_UNIT ( LENGTH_MEASURE( 0.02539999999999999897 ), #1928 );
#488 = PRESENTATION_LAYER_ASSIGNMENT (  '', '', ( #4178 ) ) ;
#489 = ORIENTED_EDGE ( 'NONE', *, *, #1072, .F. ) ;
#490 = ORIENTED_EDGE ( 'NONE', *, *, #1107, .T. ) ;
#491 =( NAMED_UNIT ( * ) SI_UNIT ( $, .STERADIAN. ) SOLID_ANGLE_UNIT ( ) );
#492 = CARTESIAN_POINT ( 'NONE',  ( 0.4881889763779527769, -0.07299999999999953748, -0.1305118110236237750 ) ) ;
#493 = DIRECTION ( 'NONE',  ( -0.000000000000000000, 1.000000000000000000, -8.529140707787145228E-17 ) ) ;
#494 =( GEOMETRIC_REPRESENTATION_CONTEXT ( 3 ) GLOBAL_UNCERTAINTY_ASSIGNED_CONTEXT ( ( #3507 ) ) GLOBAL_UNIT_ASSIGNED_CONTEXT ( ( #5031, #2721, #3149 ) ) REPRESENTATION_CONTEXT ( 'NONE', 'WORKASPACE' ) );
#495 = PRESENTATION_LAYER_ASSIGNMENT (  '', '', ( #3700 ) ) ;
#496 =( GEOMETRIC_REPRESENTATION_CONTEXT ( 3 ) GLOBAL_UNCERTAINTY_ASSIGNED_CONTEXT ( ( #3738 ) ) GLOBAL_UNIT_ASSIGNED_CONTEXT ( ( #2451, #1003, #4714 ) ) REPRESENTATION_CONTEXT ( 'NONE', 'WORKASPACE' ) );
#497 = DIRECTION ( 'NONE',  ( 0.9984330628367411586, -0.05527657095289914557, -0.008713193337298525201 ) ) ;
#498 = FILL_AREA_STYLE ('',( #5551 ) ) ;
#499 = SURFACE_STYLE_USAGE ( .BOTH. , #467 ) ;
#500 = AXIS2_PLACEMENT_3D ( 'NONE', #3863, #5250, #1082 ) ;
#501 = LENGTH_MEASURE_WITH_UNIT ( LENGTH_MEASURE( 0.02539999999999999897 ), #1514 );
#502 = EDGE_LOOP ( 'NONE', ( #2473, #4964, #2302, #162 ) ) ;
#503 = FILL_AREA_STYLE ('',( #3735 ) ) ;
#504 = MECHANICAL_DESIGN_GEOMETRIC_PRESENTATION_REPRESENTATION (  '', ( #5855 ), #2753 ) ;
#505 = CARTESIAN_POINT ( 'NONE',  ( 0.000000000000000000, -0.1555118110236234918, -0.1555118110236207718 ) ) ;
#506 = UNCERTAINTY_MEASURE_WITH_UNIT (LENGTH_MEASURE( 1.000000000000000082E-05 ), #1431, 'distance_accuracy_value', 'NONE');
#507 = SURFACE_SIDE_STYLE ('',( #3678 ) ) ;
#508 = DIMENSIONAL_EXPONENTS ( 1.000000000000000000, 0.000000000000000000, 0.000000000000000000, 0.000000000000000000, 0.000000000000000000, 0.000000000000000000, 0.000000000000000000 ) ;
#509 = ORIENTED_EDGE ( 'NONE', *, *, #5755, .F. ) ;
#510 = EDGE_CURVE ( 'NONE', #271, #4740, #3126, .T. ) ;
#511 = CARTESIAN_POINT ( 'NONE',  ( 0.5779999999999999583, -0.07499999999999999722, 0.1555118110236226869 ) ) ;
#512 = DIRECTION ( 'NONE',  ( -0.02933747147263221153, -0.000000000000000000, 0.9995695637461118332 ) ) ;
#513 = CYLINDRICAL_SURFACE ( 'NONE', #5599, 0.01000000000000002970 ) ;
#514 = UNCERTAINTY_MEASURE_WITH_UNIT (LENGTH_MEASURE( 1.000000000000000082E-05 ), #5032, 'distance_accuracy_value', 'NONE');
#515 = DIRECTION ( 'NONE',  ( 0.9999619230641711987, 0.000000000000000000, 0.008726535498373953759 ) ) ;
#516 = ADVANCED_FACE ( 'NONE', ( #803 ), #2230, .T. ) ;
#517 = COLOUR_RGB ( '',0.8588235294117646523, 0.09803921568627450844, 0.09803921568627450844 ) ;
#518 = ORIENTED_EDGE ( 'NONE', *, *, #4492, .F. ) ;
#519 = EDGE_CURVE ( 'NONE', #5590, #556, #4661, .T. ) ;
#520 = ORIENTED_EDGE ( 'NONE', *, *, #5314, .T. ) ;
#521 = FILL_AREA_STYLE_COLOUR ( '', #1485 ) ;
#522 = CARTESIAN_POINT ( 'NONE',  ( 0.3478816891154665192, 0.09547244094488190058, -0.08821483280926889492 ) ) ;
#523 = CARTESIAN_POINT ( 'NONE',  ( 0.4881889763779527769, -0.07299999999999953748, -0.1305118110236237750 ) ) ;
#524 = PRESENTATION_LAYER_ASSIGNMENT (  '', '', ( #1004 ) ) ;
#525 = DIRECTION ( 'NONE',  ( 0.000000000000000000, 0.8660254037844393737, -0.4999999999999989453 ) ) ;
#526 =( NAMED_UNIT ( * ) SI_UNIT ( $, .STERADIAN. ) SOLID_ANGLE_UNIT ( ) );
#527 = LENGTH_MEASURE_WITH_UNIT ( LENGTH_MEASURE( 0.02539999999999999897 ), #2996 );
#528 = ORIENTED_EDGE ( 'NONE', *, *, #3785, .T. ) ;
#529 = COLOUR_RGB ( '',0.8588235294117646523, 0.09803921568627450844, 0.09803921568627450844 ) ;
#530 = VECTOR ( 'NONE', #3667, 39.37007874015748143 ) ;
#531 = LINE ( 'NONE', #2974, #5538 ) ;
#532 = LINE ( 'NONE', #5647, #1159 ) ;
#533 = FILL_AREA_STYLE_COLOUR ( '', #4810 ) ;
#534 =( GEOMETRIC_REPRESENTATION_CONTEXT ( 3 ) GLOBAL_UNCERTAINTY_ASSIGNED_CONTEXT ( ( #3204 ) ) GLOBAL_UNIT_ASSIGNED_CONTEXT ( ( #4858, #4397, #5288 ) ) REPRESENTATION_CONTEXT ( 'NONE', 'WORKASPACE' ) );
#535 = DIRECTION ( 'NONE',  ( 0.9995695637461119443, -0.000000000000000000, 0.02933747147263221500 ) ) ;
#536 = CARTESIAN_POINT ( 'NONE',  ( 0.4879999999999999338, 0.05856624327025974214, -0.1555118110236232976 ) ) ;
#537 = ORIENTED_EDGE ( 'NONE', *, *, #2243, .T. ) ;
#538 = VECTOR ( 'NONE', #4560, 39.37007874015748143 ) ;
#539 = FILL_AREA_STYLE ('',( #4695 ) ) ;
#540 = DIRECTION ( 'NONE',  ( 1.000000000000000000, -0.000000000000000000, -0.000000000000000000 ) ) ;
#541 = SURFACE_STYLE_USAGE ( .BOTH. , #2853 ) ;
#542 = SURFACE_STYLE_FILL_AREA ( #2854 ) ;
#543 = SURFACE_SIDE_STYLE ('',( #3799 ) ) ;
#544 = VECTOR ( 'NONE', #6003, 39.37007874015748143 ) ;
#545 = FILL_AREA_STYLE_COLOUR ( '', #4983 ) ;
#546 = SURFACE_STYLE_USAGE ( .BOTH. , #5630 ) ;
#547 = ORIENTED_EDGE ( 'NONE', *, *, #2458, .T. ) ;
#548 =( NAMED_UNIT ( * ) PLANE_ANGLE_UNIT ( ) SI_UNIT ( $, .RADIAN. ) );
#549 = AXIS2_PLACEMENT_3D ( 'NONE', #998, #3807, #967 ) ;
#550 = FACE_OUTER_BOUND ( 'NONE', #4862, .T. ) ;
#551 = ADVANCED_FACE ( 'NONE', ( #4177 ), #2880, .F. ) ;
#552 = SURFACE_SIDE_STYLE ('',( #4703 ) ) ;
#553 = DIRECTION ( 'NONE',  ( 0.000000000000000000, -0.000000000000000000, 1.000000000000000000 ) ) ;
#554 = PRESENTATION_STYLE_ASSIGNMENT (( #3448 ) ) ;
#555 = STYLED_ITEM ( 'NONE', ( #1956 ), #2497 ) ;
#556 = VERTEX_POINT ( 'NONE', #109 ) ;
#557 = EDGE_LOOP ( 'NONE', ( #4073, #4343, #518 ) ) ;
#559 = EDGE_CURVE ( 'NONE', #5000, #1669, #1046, .T. ) ;
#558 = DIMENSIONAL_EXPONENTS ( 1.000000000000000000, 0.000000000000000000, 0.000000000000000000, 0.000000000000000000, 0.000000000000000000, 0.000000000000000000, 0.000000000000000000 ) ;
#560 = CIRCLE ( 'NONE', #5218, 0.01000000000000002970 ) ;
#561 = CARTESIAN_POINT ( 'NONE',  ( 0.5265119078539792774, -0.07874015748031493178, 0.1328689200955810723 ) ) ;
#562 = ADVANCED_FACE ( 'NONE', ( #22 ), #1476, .F. ) ;
#563 = CARTESIAN_POINT ( 'NONE',  ( 0.6268490929478048868, -0.1451652924361375718, -0.1490219436244618889 ) ) ;
#564 = LINE ( 'NONE', #5608, #739 ) ;
#565 = ORIENTED_EDGE ( 'NONE', *, *, #406, .T. ) ;
#566 = PRESENTATION_LAYER_ASSIGNMENT (  '', '', ( #840 ) ) ;
#567 = DIRECTION ( 'NONE',  ( -0.01585544897978003256, 0.9998742944678844502, 0.000000000000000000 ) ) ;
#568 = CARTESIAN_POINT ( 'NONE',  ( 6.736246273439711212E-18, -0.1069999999999999840, 0.1555118110236226869 ) ) ;
#569 = FILL_AREA_STYLE ('',( #4390 ) ) ;
#570 = APPLICATION_PROTOCOL_DEFINITION ( 'draft international standard', 'automotive_design', 1998, #5771 ) ;
#571 = ORIENTED_EDGE ( 'NONE', *, *, #3391, .F. ) ;
#572 = VECTOR ( 'NONE', #3063, 39.37007874015748143 ) ;
#573 = SURFACE_SIDE_STYLE ('',( #5220 ) ) ;
#574 = CARTESIAN_POINT ( 'NONE',  ( 0.6161417322834645827, 0.08353543307086616632, -0.07086614173228346358 ) ) ;
#575 =( GEOMETRIC_REPRESENTATION_CONTEXT ( 3 ) GLOBAL_UNCERTAINTY_ASSIGNED_CONTEXT ( ( #3253 ) ) GLOBAL_UNIT_ASSIGNED_CONTEXT ( ( #4575, #1818, #4145 ) ) REPRESENTATION_CONTEXT ( 'NONE', 'WORKASPACE' ) );
#576 =( NAMED_UNIT ( * ) SI_UNIT ( $, .STERADIAN. ) SOLID_ANGLE_UNIT ( ) );
#577 = ORIENTED_EDGE ( 'NONE', *, *, #441, .F. ) ;
#578 = ORIENTED_EDGE ( 'NONE', *, *, #4236, .T. ) ;
#579 = PRESENTATION_LAYER_ASSIGNMENT (  '', '', ( #5822 ) ) ;
#580 = LINE ( 'NONE', #5196, #1471 ) ;
#581 = LINE ( 'NONE', #3323, #2403 ) ;
#582 = UNCERTAINTY_MEASURE_WITH_UNIT (LENGTH_MEASURE( 1.000000000000000082E-05 ), #290, 'distance_accuracy_value', 'NONE');
#583 =( LENGTH_UNIT ( ) NAMED_UNIT ( * ) SI_UNIT ( $, .METRE. ) );
#584 = VERTEX_POINT ( 'NONE', #2517 ) ;
#585 = VERTEX_POINT ( 'NONE', #2137 ) ;
#586 = CARTESIAN_POINT ( 'NONE',  ( 0.4557098368097084462, 0.1555118110236222706, -0.05950000000000054551 ) ) ;
#587 = CARTESIAN_POINT ( 'NONE',  ( 0.6465039370078740077, -0.1398694758552933570, -0.1398694758552906370 ) ) ;
#588 = DIRECTION ( 'NONE',  ( -0.000000000000000000, -1.000000000000000000, -0.000000000000000000 ) ) ;
#589 = DIRECTION ( 'NONE',  ( -1.000000000000000000, 0.000000000000000000, 0.000000000000000000 ) ) ;
#590 = VECTOR ( 'NONE', #2078, 39.37007874015748854 ) ;
#591 = B_SPLINE_CURVE_WITH_KNOTS ( 'NONE', 3,
 ( #5327, #1243, #4863, #4401, #3046, #731 ),
 .UNSPECIFIED., .F., .F.,
 ( 4, 2, 4 ),
 ( 4.336808689942017736E-19, 0.0002013031496632078593, 0.0004026062993264152849 ),
 .UNSPECIFIED. ) ;
#592 = ORIENTED_EDGE ( 'NONE', *, *, #189, .T. ) ;
#593 = SURFACE_STYLE_FILL_AREA ( #2007 ) ;
#594 = EDGE_CURVE ( 'NONE', #585, #2509, #4875, .T. ) ;
#595 = DIRECTION ( 'NONE',  ( -0.000000000000000000, 1.000000000000000000, 0.000000000000000000 ) ) ;
#596 =( CONVERSION_BASED_UNIT ( 'INCH', #4752 ) LENGTH_UNIT ( ) NAMED_UNIT ( #3782 ) );
#597 =( NAMED_UNIT ( * ) PLANE_ANGLE_UNIT ( ) SI_UNIT ( $, .RADIAN. ) );
#598 = DIMENSIONAL_EXPONENTS ( 1.000000000000000000, 0.000000000000000000, 0.000000000000000000, 0.000000000000000000, 0.000000000000000000, 0.000000000000000000, 0.000000000000000000 ) ;
#599 = CARTESIAN_POINT ( 'NONE',  ( 0.4733497035020817201, -0.09547244094488185895, -0.06877752049651320032 ) ) ;
#600 = MECHANICAL_DESIGN_GEOMETRIC_PRESENTATION_REPRESENTATION (  '', ( #2834 ), #496 ) ;
#601 = ORIENTED_EDGE ( 'NONE', *, *, #3348, .F. ) ;
#602 = ADVANCED_FACE ( 'NONE', ( #3428 ), #1573, .T. ) ;
#603 = FACE_OUTER_BOUND ( 'NONE', #1091, .T. ) ;
#604 = LINE ( 'NONE', #2407, #5770 ) ;
#605 = PLANE ( 'NONE',  #3400 ) ;
#606 = PRESENTATION_LAYER_ASSIGNMENT (  '', '', ( #5852 ) ) ;
#607 = PLANE ( 'NONE',  #4819 ) ;
#608 =( NAMED_UNIT ( * ) SI_UNIT ( $, .STERADIAN. ) SOLID_ANGLE_UNIT ( ) );
#609 = CARTESIAN_POINT ( 'NONE',  ( -8.725206505955619631E-05, -0.1455129532302180395, -0.1555125724608570348 ) ) ;
#610 = FILL_AREA_STYLE ('',( #4764 ) ) ;
#611 =( GEOMETRIC_REPRESENTATION_CONTEXT ( 3 ) GLOBAL_UNCERTAINTY_ASSIGNED_CONTEXT ( ( #1919 ) ) GLOBAL_UNIT_ASSIGNED_CONTEXT ( ( #5571, #2421, #4623 ) ) REPRESENTATION_CONTEXT ( 'NONE', 'WORKASPACE' ) );
#612 = ORIENTED_EDGE ( 'NONE', *, *, #358, .T. ) ;
#613 = PRESENTATION_STYLE_ASSIGNMENT (( #61 ) ) ;
#614 = VECTOR ( 'NONE', #3619, 39.37007874015748143 ) ;
#615 = FACE_OUTER_BOUND ( 'NONE', #2150, .T. ) ;
#616 = ORIENTED_EDGE ( 'NONE', *, *, #1076, .T. ) ;
#617 = ORIENTED_EDGE ( 'NONE', *, *, #3587, .F. ) ;
#618 = FILL_AREA_STYLE_COLOUR ( '', #5457 ) ;
#619 =( NAMED_UNIT ( * ) SI_UNIT ( $, .STERADIAN. ) SOLID_ANGLE_UNIT ( ) );
#620 = DIRECTION ( 'NONE',  ( 0.000000000000000000, 1.734723475976807341E-16, 1.000000000000000000 ) ) ;
#621 = DIRECTION ( 'NONE',  ( 0.000000000000000000, -1.000000000000000000, -3.491481338843132961E-15 ) ) ;
#622 = COLOUR_RGB ( '',0.8588235294117646523, 0.09803921568627450844, 0.09803921568627450844 ) ;
#623 = EDGE_LOOP ( 'NONE', ( #122, #3051, #2659, #1402, #4728, #3075 ) ) ;
#624 = LINE ( 'NONE', #1944, #3216 ) ;
#625 = CARTESIAN_POINT ( 'NONE',  ( 0.4663199316856844190, 0.1555118110236227702, -0.05950000000000087857 ) ) ;
#626 = MECHANICAL_DESIGN_GEOMETRIC_PRESENTATION_REPRESENTATION (  '', ( #1303 ), #4499 ) ;
#627 = CARTESIAN_POINT ( 'NONE',  ( 0.000000000000000000, 0.1555118110236202167, 0.1555118110236224094 ) ) ;
#628 = DIRECTION ( 'NONE',  ( 0.000000000000000000, 0.000000000000000000, -1.000000000000000000 ) ) ;
#629 = PRESENTATION_STYLE_ASSIGNMENT (( #4788 ) ) ;
#630 =( CONVERSION_BASED_UNIT ( 'INCH', #501 ) LENGTH_UNIT ( ) NAMED_UNIT ( #3359 ) );
#631 = PRESENTATION_LAYER_ASSIGNMENT (  '', '', ( #143 ) ) ;
#632 = SURFACE_STYLE_USAGE ( .BOTH. , #5676 ) ;
#633 = ORIENTED_EDGE ( 'NONE', *, *, #3460, .F. ) ;
#634 = DIRECTION ( 'NONE',  ( 0.9983265198117633465, 0.05782871121279575810, 2.019078660488250872E-16 ) ) ;
#635 = PRESENTATION_LAYER_ASSIGNMENT (  '', '', ( #4419 ) ) ;
#636 = EDGE_CURVE ( 'NONE', #3598, #1007, #2066, .T. ) ;
#637 = DIRECTION ( 'NONE',  ( 0.000000000000000000, -0.8660254037844344888, -0.5000000000000072164 ) ) ;
#638 = DIRECTION ( 'NONE',  ( 0.000000000000000000, -0.000000000000000000, 1.000000000000000000 ) ) ;
#639 = EDGE_CURVE ( 'NONE', #5720, #3808, #5614, .T. ) ;
#640 = CARTESIAN_POINT ( 'NONE',  ( 0.4883432469582734137, -0.09374015748031491735, -0.06833745842442372209 ) ) ;
#641 = FACE_OUTER_BOUND ( 'NONE', #685, .T. ) ;
#642 = DIMENSIONAL_EXPONENTS ( 1.000000000000000000, 0.000000000000000000, 0.000000000000000000, 0.000000000000000000, 0.000000000000000000, 0.000000000000000000, 0.000000000000000000 ) ;
#643 = ORIENTED_EDGE ( 'NONE', *, *, #114, .T. ) ;
#644 = ORIENTED_EDGE ( 'NONE', *, *, #2869, .F. ) ;
#645 = FACE_OUTER_BOUND ( 'NONE', #3787, .T. ) ;
#646 = EDGE_CURVE ( 'NONE', #4488, #5265, #5346, .T. ) ;
#647 =( NAMED_UNIT ( * ) PLANE_ANGLE_UNIT ( ) SI_UNIT ( $, .RADIAN. ) );
#648 = CARTESIAN_POINT ( 'NONE',  ( 0.000000000000000000, 0.09842519685039369248, -0.09842519685039369248 ) ) ;
#649 = SURFACE_STYLE_FILL_AREA ( #2963 ) ;
#650 = EDGE_LOOP ( 'NONE', ( #4709, #2113, #3658, #262, #5815, #1942, #5995, #2040, #2448, #1318, #4253, #5751 ) ) ;
#651 = ORIENTED_EDGE ( 'NONE', *, *, #4790, .F. ) ;
#652 = FACE_OUTER_BOUND ( 'NONE', #1199, .T. ) ;
#653 = CARTESIAN_POINT ( 'NONE',  ( 0.000000000000000000, -0.1513699255007675271, -0.1555118110236207718 ) ) ;
#654 = DIRECTION ( 'NONE',  ( -0.9999238504775705971, 0.008726203243944236423, 0.008726203243944222546 ) ) ;
#655 = DIRECTION ( 'NONE',  ( -0.9996573249755573709, 0.000000000000000000, 0.02617694830786631774 ) ) ;
#656 = ORIENTED_EDGE ( 'NONE', *, *, #3094, .F. ) ;
#657 = LINE ( 'NONE', #2607, #3812 ) ;
#658 = PRESENTATION_LAYER_ASSIGNMENT (  '', '', ( #1238 ) ) ;
#659 = CARTESIAN_POINT ( 'NONE',  ( 0.4881889763779527769, -0.07299999999999953748, -0.1305118110236237750 ) ) ;
#660 =( LENGTH_UNIT ( ) NAMED_UNIT ( * ) SI_UNIT ( $, .METRE. ) );
#661 =( NAMED_UNIT ( * ) SI_UNIT ( $, .STERADIAN. ) SOLID_ANGLE_UNIT ( ) );
#662 = VERTEX_POINT ( 'NONE', #743 ) ;
#663 =( CONVERSION_BASED_UNIT ( 'INCH', #3013 ) LENGTH_UNIT ( ) NAMED_UNIT ( #2797 ) );
#664 = CARTESIAN_POINT ( 'NONE',  ( 0.9585912023628577749, -0.1471463123352182989, 0.1555118110236229645 ) ) ;
#665 = DIRECTION ( 'NONE',  ( -1.000000000000000000, 0.000000000000000000, 0.000000000000000000 ) ) ;
#666 = PLANE ( 'NONE',  #5321 ) ;
#667 = CARTESIAN_POINT ( 'NONE',  ( 0.4840000000000000413, -0.05314914703891401165, 0.1745118110236225095 ) ) ;
#668 = AXIS2_PLACEMENT_3D ( 'NONE', #5864, #4953, #2557 ) ;
#669 = EDGE_CURVE ( 'NONE', #5265, #4558, #1702, .T. ) ;
#670 = EDGE_LOOP ( 'NONE', ( #4496, #765, #1344, #2759, #1931 ) ) ;
#671 = DIRECTION ( 'NONE',  ( 0.000000000000000000, -1.000000000000000000, -0.000000000000000000 ) ) ;
#672 = EDGE_CURVE ( 'NONE', #5265, #3511, #981, .T. ) ;
#673 = DIRECTION ( 'NONE',  ( -1.000000000000000000, 0.000000000000000000, 0.000000000000000000 ) ) ;
#674 = VECTOR ( 'NONE', #3220, 39.37007874015748854 ) ;
#675 = DIRECTION ( 'NONE',  ( -0.2870454613757401074, 0.000000000000000000, 0.9579169604425993301 ) ) ;
#676 = PRESENTATION_STYLE_ASSIGNMENT (( #2029 ) ) ;
#677 = DIRECTION ( 'NONE',  ( 0.000000000000000000, 0.000000000000000000, 1.000000000000000000 ) ) ;
#678 = ORIENTED_EDGE ( 'NONE', *, *, #559, .T. ) ;
#679 = ORIENTED_EDGE ( 'NONE', *, *, #4994, .F. ) ;
#680 = EDGE_CURVE ( 'NONE', #5980, #4587, #2942, .T. ) ;
#681 = PRESENTATION_STYLE_ASSIGNMENT (( #4845 ) ) ;
#682 = CYLINDRICAL_SURFACE ( 'NONE', #3307, 0.01999999999999999695 ) ;
#683 = CARTESIAN_POINT ( 'NONE',  ( 0.4738117109268476512, 0.09374015748031497286, -0.08451877346889291598 ) ) ;
#684 = PRESENTATION_STYLE_ASSIGNMENT (( #1636 ) ) ;
#685 = EDGE_LOOP ( 'NONE', ( #1838, #5344, #5317, #5861 ) ) ;
#686 = FILL_AREA_STYLE ('',( #1731 ) ) ;
#687 = CARTESIAN_POINT ( 'NONE',  ( 0.9685039370078740717, -0.1080003807693582507, 0.1210000000000000103 ) ) ;
#688 = AXIS2_PLACEMENT_3D ( 'NONE', #587, #135, #2632 ) ;
#689 = MECHANICAL_DESIGN_GEOMETRIC_PRESENTATION_REPRESENTATION (  '', ( #3996 ), #4474 ) ;
#690 = VERTEX_POINT ( 'NONE', #3583 ) ;
#691 = PLANE ( 'NONE',  #2544 ) ;
#692 = FILL_AREA_STYLE ('',( #3463 ) ) ;
#693 = DIRECTION ( 'NONE',  ( -0.9999238504775705971, -0.008726203243944236423, -0.008726203243944238158 ) ) ;
#694 = DIRECTION ( 'NONE',  ( 0.000000000000000000, 0.4999999999999985567, 0.8660254037844393737 ) ) ;
#695 = FILL_AREA_STYLE ('',( #267 ) ) ;
#696 = COLOUR_RGB ( '',0.8588235294117646523, 0.09803921568627450844, 0.09803921568627450844 ) ;
#697 = VECTOR ( 'NONE', #463, 39.37007874015748143 ) ;
#698 = ORIENTED_EDGE ( 'NONE', *, *, #189, .F. ) ;
#699 = DIRECTION ( 'NONE',  ( 0.000000000000000000, -1.707404996040165350E-15, -1.000000000000000000 ) ) ;
#700 = DIRECTION ( 'NONE',  ( 0.000000000000000000, 0.5000000000000012212, 0.8660254037844379305 ) ) ;
#701 =( LENGTH_UNIT ( ) NAMED_UNIT ( * ) SI_UNIT ( $, .METRE. ) );
#702 = UNCERTAINTY_MEASURE_WITH_UNIT (LENGTH_MEASURE( 1.000000000000000082E-05 ), #1206, 'distance_accuracy_value', 'NONE');
#703 = DIMENSIONAL_EXPONENTS ( 1.000000000000000000, 0.000000000000000000, 0.000000000000000000, 0.000000000000000000, 0.000000000000000000, 0.000000000000000000, 0.000000000000000000 ) ;
#704 =( GEOMETRIC_REPRESENTATION_CONTEXT ( 3 ) GLOBAL_UNCERTAINTY_ASSIGNED_CONTEXT ( ( #2597 ) ) GLOBAL_UNIT_ASSIGNED_CONTEXT ( ( #5036, #5087, #5920 ) ) REPRESENTATION_CONTEXT ( 'NONE', 'WORKASPACE' ) );
#705 = DIRECTION ( 'NONE',  ( 0.000000000000000000, 0.000000000000000000, 1.000000000000000000 ) ) ;
#706 = ADVANCED_FACE ( 'NONE', ( #2640 ), #3552, .F. ) ;
#707 = ORIENTED_EDGE ( 'NONE', *, *, #5656, .F. ) ;
#708 = ORIENTED_EDGE ( 'NONE', *, *, #4344, .T. ) ;
#709 = DIRECTION ( 'NONE',  ( 0.9579169604425993301, 0.000000000000000000, 0.2870454613757401074 ) ) ;
#710 = STYLED_ITEM ( 'NONE', ( #876 ), #5761 ) ;
#711 = DIRECTION ( 'NONE',  ( -0.9995695637461119443, 0.000000000000000000, -0.02933747147263255500 ) ) ;
#712 = EDGE_CURVE ( 'NONE', #2615, #4433, #4570, .T. ) ;
#713 =( NAMED_UNIT ( * ) SI_UNIT ( $, .STERADIAN. ) SOLID_ANGLE_UNIT ( ) );
#714 = EDGE_CURVE ( 'NONE', #1683, #2999, #877, .T. ) ;
#715 = ORIENTED_EDGE ( 'NONE', *, *, #639, .F. ) ;
#716 = CARTESIAN_POINT ( 'NONE',  ( 0.5480645435208896243, -0.08499803790400724257, 0.1507289242115135153 ) ) ;
#717 = LENGTH_MEASURE_WITH_UNIT ( LENGTH_MEASURE( 0.02539999999999999897 ), #660 );
#718 = LINE ( 'NONE', #2579, #5624 ) ;
#719 = VECTOR ( 'NONE', #4434, 39.37007874015748854 ) ;
#720 = SURFACE_STYLE_FILL_AREA ( #5350 ) ;
#721 = VERTEX_POINT ( 'NONE', #5886 ) ;
#722 =( NAMED_UNIT ( * ) SI_UNIT ( $, .STERADIAN. ) SOLID_ANGLE_UNIT ( ) );
#723 = CARTESIAN_POINT ( 'NONE',  ( 0.6582313073230761091, -0.1069845446837762171, -0.1039683253585540201 ) ) ;
#724 = CARTESIAN_POINT ( 'NONE',  ( 0.4840000000000000413, 0.1555118110236226869, 0.05949999999999944916 ) ) ;
#725 = SURFACE_STYLE_USAGE ( .BOTH. , #5708 ) ;
#726 =( NAMED_UNIT ( * ) PLANE_ANGLE_UNIT ( ) SI_UNIT ( $, .RADIAN. ) );
#727 =( GEOMETRIC_REPRESENTATION_CONTEXT ( 3 ) GLOBAL_UNCERTAINTY_ASSIGNED_CONTEXT ( ( #2063 ) ) GLOBAL_UNIT_ASSIGNED_CONTEXT ( ( #3673, #837, #2260 ) ) REPRESENTATION_CONTEXT ( 'NONE', 'WORKASPACE' ) );
#728 =( CONVERSION_BASED_UNIT ( 'INCH', #1149 ) LENGTH_UNIT ( ) NAMED_UNIT ( #5422 ) );
#729 = EDGE_LOOP ( 'NONE', ( #4080, #3625, #201, #4393 ) ) ;
#730 = COLOUR_RGB ( '',1.000000000000000000, 0.9490196078431372140, 0.9098039215686274384 ) ;
#731 = CARTESIAN_POINT ( 'NONE',  ( 0.6253892509847909231, -0.1400545024818758144, 0.1500541217125169746 ) ) ;
#732 =( NAMED_UNIT ( * ) SI_UNIT ( $, .STERADIAN. ) SOLID_ANGLE_UNIT ( ) );
#733 = CARTESIAN_POINT ( 'NONE',  ( 0.5303396793241390572, 0.1408839875273233400, -0.1508836067579656104 ) ) ;
#734 = ORIENTED_EDGE ( 'NONE', *, *, #4083, .F. ) ;
#735 = ORIENTED_EDGE ( 'NONE', *, *, #5090, .F. ) ;
#736 = EDGE_CURVE ( 'NONE', #4139, #2215, #303, .T. ) ;
#737 = SURFACE_STYLE_USAGE ( .BOTH. , #4411 ) ;
#738 = FILL_AREA_STYLE_COLOUR ( '', #2689 ) ;
#739 = VECTOR ( 'NONE', #4656, 39.37007874015748143 ) ;
#740 = ORIENTED_EDGE ( 'NONE', *, *, #4948, .T. ) ;
#741 = EDGE_CURVE ( 'NONE', #5235, #5527, #1289, .T. ) ;
#742 = DIRECTION ( 'NONE',  ( 0.008726535498373955493, -0.9999619230641713097, 0.000000000000000000 ) ) ;
#743 = CARTESIAN_POINT ( 'NONE',  ( 0.000000000000000000, -0.1455121917929817765, -0.1555118110236207718 ) ) ;
#744 = ADVANCED_FACE ( 'NONE', ( #4595 ), #4027, .F. ) ;
#745 = MECHANICAL_DESIGN_GEOMETRIC_PRESENTATION_REPRESENTATION (  '', ( #1324 ), #3755 ) ;
#746 = DIRECTION ( 'NONE',  ( -0.000000000000000000, 1.000000000000000000, -8.529140707787145228E-17 ) ) ;
#747 = CARTESIAN_POINT ( 'NONE',  ( 0.9685039370078740717, -0.1179999999999999660, 0.1110003807693583228 ) ) ;
#748 = AXIS2_PLACEMENT_3D ( 'NONE', #2318, #5955, #2341 ) ;
#749 = ORIENTED_EDGE ( 'NONE', *, *, #2567, .T. ) ;
#750 = CARTESIAN_POINT ( 'NONE',  ( 0.6565039370078741277, -0.1398694758552933570, -5.463695987328526437E-16 ) ) ;
#751 = DIRECTION ( 'NONE',  ( 0.000000000000000000, -0.000000000000000000, -1.000000000000000000 ) ) ;
#752 = MECHANICAL_DESIGN_GEOMETRIC_PRESENTATION_REPRESENTATION (  '', ( #5026 ), #3092 ) ;
#753 = SURFACE_STYLE_FILL_AREA ( #695 ) ;
#754 = FILL_AREA_STYLE_COLOUR ( '', #5227 ) ;
#755 = SURFACE_STYLE_FILL_AREA ( #1621 ) ;
#756 = ORIENTED_EDGE ( 'NONE', *, *, #5203, .F. ) ;
#757 = AXIS2_PLACEMENT_3D ( 'NONE', #4837, #5165, #675 ) ;
#758 = SURFACE_SIDE_STYLE ('',( #3567 ) ) ;
#759 = FILL_AREA_STYLE_COLOUR ( '', #4093 ) ;
#760 = CARTESIAN_POINT ( 'NONE',  ( 0.6262433499936713721, 0.1425928436186885140, -0.1500466681033935934 ) ) ;
#761 = UNCERTAINTY_MEASURE_WITH_UNIT (LENGTH_MEASURE( 1.000000000000000082E-05 ), #132, 'distance_accuracy_value', 'NONE');
#762 = DIRECTION ( 'NONE',  ( 0.9999238504775705971, 0.008726203243944238158, 0.008726203243944236423 ) ) ;
#763 = VECTOR ( 'NONE', #478, 39.37007874015748854 ) ;
#764 = EDGE_LOOP ( 'NONE', ( #617, #425, #313, #2600, #2719, #5219 ) ) ;
#765 = ORIENTED_EDGE ( 'NONE', *, *, #712, .T. ) ;
#766 = DIRECTION ( 'NONE',  ( 0.03489949670250104552, 0.9993908270190957621, -1.733666729305901626E-16 ) ) ;
#767 = CARTESIAN_POINT ( 'NONE',  ( 0.5303396793241380580, -0.1408839875273266151, 0.1508836067579678031 ) ) ;
#768 =( NAMED_UNIT ( * ) SI_UNIT ( $, .STERADIAN. ) SOLID_ANGLE_UNIT ( ) );
#769 = ORIENTED_EDGE ( 'NONE', *, *, #4994, .T. ) ;
#770 = CARTESIAN_POINT ( 'NONE',  ( 0.4730303448853973580, 0.1555118110236225482, -0.04217949192431184186 ) ) ;
#771 = MECHANICAL_DESIGN_GEOMETRIC_PRESENTATION_REPRESENTATION (  '', ( #1351 ), #4265 ) ;
#772 = SURFACE_STYLE_FILL_AREA ( #257 ) ;
#773 = EDGE_CURVE ( 'NONE', #3884, #3657, #3711, .T. ) ;
#774 = CYLINDRICAL_SURFACE ( 'NONE', #1754, 0.01000000000000000194 ) ;
#775 = EDGE_CURVE ( 'NONE', #5712, #1796, #5640, .T. ) ;
#776 = DIRECTION ( 'NONE',  ( 2.889961313503793146E-16, 1.000000000000000000, 8.482066748229157655E-18 ) ) ;
#777 = DIRECTION ( 'NONE',  ( 0.000000000000000000, 0.000000000000000000, -1.000000000000000000 ) ) ;
#778 = AXIS2_PLACEMENT_3D ( 'NONE', #5340, #821, #5786 ) ;
#779 = FACE_OUTER_BOUND ( 'NONE', #4167, .T. ) ;
#780 = FILL_AREA_STYLE_COLOUR ( '', #1248 ) ;
#781 = PLANE ( 'NONE',  #4302 ) ;
#782 = EDGE_CURVE ( 'NONE', #1132, #5991, #41, .T. ) ;
#783 = VERTEX_POINT ( 'NONE', #1468 ) ;
#784 = CARTESIAN_POINT ( 'NONE',  ( 0.4663199316856844190, 0.1555118110236231310, 0.05949999999999980999 ) ) ;
#785 = VECTOR ( 'NONE', #1193, 39.37007874015748143 ) ;
#786 = LINE ( 'NONE', #2735, #1512 ) ;
#787 =( GEOMETRIC_REPRESENTATION_CONTEXT ( 3 ) GLOBAL_UNCERTAINTY_ASSIGNED_CONTEXT ( ( #5872 ) ) GLOBAL_UNIT_ASSIGNED_CONTEXT ( ( #1703, #1232, #3554 ) ) REPRESENTATION_CONTEXT ( 'NONE', 'WORKASPACE' ) );
#788 = LENGTH_MEASURE_WITH_UNIT ( LENGTH_MEASURE( 0.02539999999999999897 ), #3081 );
#789 = CARTESIAN_POINT ( 'NONE',  ( 0.6268490929478041096, 0.1451652924361342689, 0.1490219436244636375 ) ) ;
#790 = VECTOR ( 'NONE', #3775, 39.37007874015748143 ) ;
#791 = VECTOR ( 'NONE', #4075, 39.37007874015748143 ) ;
#792 = ORIENTED_EDGE ( 'NONE', *, *, #519, .F. ) ;
#793 = ORIENTED_EDGE ( 'NONE', *, *, #3155, .T. ) ;
#794 = LINE ( 'NONE', #1723, #4657 ) ;
#795 = CYLINDRICAL_SURFACE ( 'NONE', #59, 0.01000000000000000194 ) ;
#796 =( NAMED_UNIT ( * ) SI_UNIT ( $, .STERADIAN. ) SOLID_ANGLE_UNIT ( ) );
#797 = VERTEX_POINT ( 'NONE', #522 ) ;
#798 = VECTOR ( 'NONE', #4763, 39.37007874015748143 ) ;
#799 = DIRECTION ( 'NONE',  ( 0.000000000000000000, -0.8660254037844362651, -0.5000000000000042188 ) ) ;
#800 = FILL_AREA_STYLE ('',( #3636 ) ) ;
#801 =( NAMED_UNIT ( * ) SI_UNIT ( $, .STERADIAN. ) SOLID_ANGLE_UNIT ( ) );
#802 =( LENGTH_UNIT ( ) NAMED_UNIT ( * ) SI_UNIT ( $, .METRE. ) );
#803 = FACE_OUTER_BOUND ( 'NONE', #4456, .T. ) ;
#804 = EDGE_CURVE ( 'NONE', #5413, #1532, #4831, .T. ) ;
#805 = SURFACE_STYLE_FILL_AREA ( #4982 ) ;
#806 = CARTESIAN_POINT ( 'NONE',  ( 0.000000000000000000, -0.09842519685039369248, 0.09842519685039372024 ) ) ;
#807 = ORIENTED_EDGE ( 'NONE', *, *, #4984, .T. ) ;
#808 =( NAMED_UNIT ( * ) PLANE_ANGLE_UNIT ( ) SI_UNIT ( $, .RADIAN. ) );
#809 = DIRECTION ( 'NONE',  ( 0.008726535498371386368, 0.000000000000000000, -0.9999619230641713097 ) ) ;
#810 = COLOUR_RGB ( '',0.8588235294117646523, 0.09803921568627450844, 0.09803921568627450844 ) ;
#811 = EDGE_CURVE ( 'NONE', #2777, #2215, #369, .T. ) ;
#812 = SURFACE_SIDE_STYLE ('',( #5984 ) ) ;
#813 = UNCERTAINTY_MEASURE_WITH_UNIT (LENGTH_MEASURE( 1.000000000000000082E-05 ), #2879, 'distance_accuracy_value', 'NONE');
#814 = FACE_OUTER_BOUND ( 'NONE', #92, .T. ) ;
#815 = DIRECTION ( 'NONE',  ( 0.9999238504775705971, 0.008726203243944238158, 0.008726203243944236423 ) ) ;
#816 = STYLED_ITEM ( 'NONE', ( #47 ), #1147 ) ;
#817 = VECTOR ( 'NONE', #5145, 39.37007874015748143 ) ;
#818 = ORIENTED_EDGE ( 'NONE', *, *, #3305, .F. ) ;
#819 = EDGE_LOOP ( 'NONE', ( #4472, #5689, #4741, #4446 ) ) ;
#820 = EDGE_CURVE ( 'NONE', #3110, #2999, #4713, .T. ) ;
#821 = DIRECTION ( 'NONE',  ( -0.000000000000000000, 1.707470011266209428E-15, -1.000000000000000000 ) ) ;
#822 = LENGTH_MEASURE_WITH_UNIT ( LENGTH_MEASURE( 0.02539999999999999897 ), #2605 );
#823 = SURFACE_STYLE_FILL_AREA ( #246 ) ;
#824 = ORIENTED_EDGE ( 'NONE', *, *, #298, .T. ) ;
#825 = COLOUR_RGB ( '',0.8588235294117646523, 0.09803921568627450844, 0.09803921568627450844 ) ;
#826 = CARTESIAN_POINT ( 'NONE',  ( 0.9389763779527559029, -0.08353543307086615244, -0.07086614173228346358 ) ) ;
#827 = FILL_AREA_STYLE ('',( #5820 ) ) ;
#828 = DIRECTION ( 'NONE',  ( 0.9999238504775705971, -0.008726203243944238158, -0.008726203243944220811 ) ) ;
#829 = CARTESIAN_POINT ( 'NONE',  ( 0.6565039370078741277, 0.1170000000000000068, -0.1039999999419981280 ) ) ;
#830 = CARTESIAN_POINT ( 'NONE',  ( 0.4881889763779527769, 0.000000000000000000, 0.000000000000000000 ) ) ;
#831 = VECTOR ( 'NONE', #1791, 39.37007874015748143 ) ;
#832 =( GEOMETRIC_REPRESENTATION_CONTEXT ( 3 ) GLOBAL_UNCERTAINTY_ASSIGNED_CONTEXT ( ( #2298 ) ) GLOBAL_UNIT_ASSIGNED_CONTEXT ( ( #458, #1867, #4648 ) ) REPRESENTATION_CONTEXT ( 'NONE', 'WORKASPACE' ) );
#833 = FACE_OUTER_BOUND ( 'NONE', #729, .T. ) ;
#834 =( LENGTH_UNIT ( ) NAMED_UNIT ( * ) SI_UNIT ( $, .METRE. ) );
#835 = SURFACE_STYLE_FILL_AREA ( #2674 ) ;
#836 = VERTEX_POINT ( 'NONE', #492 ) ;
#837 =( NAMED_UNIT ( * ) PLANE_ANGLE_UNIT ( ) SI_UNIT ( $, .RADIAN. ) );
#838 = CARTESIAN_POINT ( 'NONE',  ( 0.9685039370078740717, -0.1043641051433335104, -1.563085916920953225E-17 ) ) ;
#839 = EDGE_CURVE ( 'NONE', #5413, #5596, #2360, .T. ) ;
#840 = STYLED_ITEM ( 'NONE', ( #554 ), #2946 ) ;
#841 = VERTEX_POINT ( 'NONE', #102 ) ;
#842 = EDGE_CURVE ( 'NONE', #999, #316, #3811, .T. ) ;
#843 = ORIENTED_EDGE ( 'NONE', *, *, #3613, .F. ) ;
#844 = DIRECTION ( 'NONE',  ( -0.9999238504775705971, 0.008726203243944236423, -0.008726203243944238158 ) ) ;
#845 = STYLED_ITEM ( 'NONE', ( #389 ), #3167 ) ;
#846 = ADVANCED_FACE ( 'NONE', ( #5668 ), #5205, .T. ) ;
#847 = ORIENTED_EDGE ( 'NONE', *, *, #3957, .T. ) ;
#848 = EDGE_CURVE ( 'NONE', #5502, #2466, #1715, .T. ) ;
#849 = PRESENTATION_LAYER_ASSIGNMENT (  '', '', ( #5339 ) ) ;
#850 = EDGE_LOOP ( 'NONE', ( #4304, #5533, #2217 ) ) ;
#851 = CARTESIAN_POINT ( 'NONE',  ( 0.4881889763779527769, -0.1512514503698672297, 0.06102596364055029587 ) ) ;
#852 = SURFACE_STYLE_USAGE ( .BOTH. , #5034 ) ;
#853 = VECTOR ( 'NONE', #3763, 39.37007874015748854 ) ;
#854 = PLANE ( 'NONE',  #5734 ) ;
#855 = CARTESIAN_POINT ( 'NONE',  ( 0.000000000000000000, 0.1513699255007642519, 0.1555118110236224094 ) ) ;
#856 = DIRECTION ( 'NONE',  ( -0.9984709653832553045, 0.000000000000000000, 0.05527866936377882207 ) ) ;
#857 = SURFACE_SIDE_STYLE ('',( #1330 ) ) ;
#858 = ORIENTED_EDGE ( 'NONE', *, *, #5428, .T. ) ;
#859 = DIRECTION ( 'NONE',  ( -0.9984330628367411586, 0.008713193337298622346, 0.05527657095289912476 ) ) ;
#860 =( LENGTH_UNIT ( ) NAMED_UNIT ( * ) SI_UNIT ( $, .METRE. ) );
#861 = MECHANICAL_DESIGN_GEOMETRIC_PRESENTATION_REPRESENTATION (  '', ( #1856 ), #3905 ) ;
#862 = UNCERTAINTY_MEASURE_WITH_UNIT (LENGTH_MEASURE( 1.000000000000000082E-05 ), #944, 'distance_accuracy_value', 'NONE');
#863 = CARTESIAN_POINT ( 'NONE',  ( 0.000000000000000000, 0.1082677165354336141, -0.1555118110236231310 ) ) ;
#864 = ORIENTED_EDGE ( 'NONE', *, *, #38, .T. ) ;
#865 = EDGE_LOOP ( 'NONE', ( #3545, #2355, #5639, #707, #4380, #4213, #1777, #698, #5677, #3386 ) ) ;
#866 = CIRCLE ( 'NONE', #1075, 0.01000000000000000194 ) ;
#867 = DIRECTION ( 'NONE',  ( 1.000000000000000000, 0.000000000000000000, 0.000000000000000000 ) ) ;
#868 = CARTESIAN_POINT ( 'NONE',  ( 0.6565039370078741277, -0.1170000000000000484, -5.459952369509333517E-16 ) ) ;
#869 = UNCERTAINTY_MEASURE_WITH_UNIT (LENGTH_MEASURE( 1.000000000000000082E-05 ), #663, 'distance_accuracy_value', 'NONE');
#870 = EDGE_CURVE ( 'NONE', #5596, #5563, #5363, .T. ) ;
#871 =( LENGTH_UNIT ( ) NAMED_UNIT ( * ) SI_UNIT ( $, .METRE. ) );
#872 = AXIS2_PLACEMENT_3D ( 'NONE', #3340, #2520, #1018 ) ;
#873 =( GEOMETRIC_REPRESENTATION_CONTEXT ( 3 ) GLOBAL_UNCERTAINTY_ASSIGNED_CONTEXT ( ( #1185 ) ) GLOBAL_UNIT_ASSIGNED_CONTEXT ( ( #3218, #5060, #951 ) ) REPRESENTATION_CONTEXT ( 'NONE', 'WORKASPACE' ) );
#874 = ORIENTED_EDGE ( 'NONE', *, *, #1, .T. ) ;
#875 = EDGE_LOOP ( 'NONE', ( #3743, #5029, #5337, #4588, #2799, #5202, #5826, #4900, #5204, #1331 ) ) ;
#876 = PRESENTATION_STYLE_ASSIGNMENT (( #5054 ) ) ;
#877 = LINE ( 'NONE', #4480, #2297 ) ;
#878 = ADVANCED_FACE ( 'NONE', ( #5840 ), #2621, .F. ) ;
#879 = EDGE_CURVE ( 'NONE', #1959, #1669, #3932, .T. ) ;
#880 = LINE ( 'NONE', #2280, #5236 ) ;
#881 =( GEOMETRIC_REPRESENTATION_CONTEXT ( 3 ) GLOBAL_UNCERTAINTY_ASSIGNED_CONTEXT ( ( #3079 ) ) GLOBAL_UNIT_ASSIGNED_CONTEXT ( ( #3781, #1036, #5542 ) ) REPRESENTATION_CONTEXT ( 'NONE', 'WORKASPACE' ) );
#882 = CARTESIAN_POINT ( 'NONE',  ( 0.4881889763779527769, 0.000000000000000000, 0.000000000000000000 ) ) ;
#883 = FILL_AREA_STYLE ('',( #2401 ) ) ;
#884 = PRODUCT_DEFINITION_FORMATION_WITH_SPECIFIED_SOURCE ( 'ANY', '', #2845, .NOT_KNOWN. ) ;
#885 = LENGTH_MEASURE_WITH_UNIT ( LENGTH_MEASURE( 0.02539999999999999897 ), #3159 );
#886 = DIMENSIONAL_EXPONENTS ( 1.000000000000000000, 0.000000000000000000, 0.000000000000000000, 0.000000000000000000, 0.000000000000000000, 0.000000000000000000, 0.000000000000000000 ) ;
#887 = DIRECTION ( 'NONE',  ( -0.000000000000000000, -0.000000000000000000, -1.000000000000000000 ) ) ;
#888 = SURFACE_STYLE_FILL_AREA ( #1741 ) ;
#889 = STYLED_ITEM ( 'NONE', ( #412 ), #5982 ) ;
#890 = ORIENTED_EDGE ( 'NONE', *, *, #3648, .F. ) ;
#891 = SURFACE_STYLE_USAGE ( .BOTH. , #925 ) ;
#892 = CARTESIAN_POINT ( 'NONE',  ( 0.6565039370078741277, 0.1111353317264272833, 0.1182772172492832924 ) ) ;
#893 = DIRECTION ( 'NONE',  ( -1.000000000000000000, 0.000000000000000000, 0.000000000000000000 ) ) ;
#894 = CARTESIAN_POINT ( 'NONE',  ( 0.5779999999999999583, 0.07499999999999998335, 0.1504676814405639662 ) ) ;
#895 = SURFACE_STYLE_FILL_AREA ( #3228 ) ;
#896 = ORIENTED_EDGE ( 'NONE', *, *, #5540, .F. ) ;
#897 = CLOSED_SHELL ( 'NONE', ( #5401, #1147, #2984, #3167, #2749, #4, #1979, #158, #2858, #408, #4947, #846, #1041, #602, #1566, #5982, #744, #2382, #2180, #1691, #4718, #5201, #5498, #551, #956, #5875, #3826, #1453, #5917, #2530, #3546, #1652, #5648, #5976, #3715, #4150, #4309, #5436, #4057, #5879, #4791, #3352, #5610, #3057, #4386, #3951, #2755, #5685, #1233, #4453, #5275, #2283, #3314, #1415, #1609, #3793, #2423, #878, #227, #5118, #706, #4197, #2756, #2819, #1487, #2076, #2147, #1031, #4914, #2650, #197, #2497, #1111, #3643, #106, #1568, #5953, #5792, #1989, #4163, #5431, #4269, #2271, #4063, #3310, #1332, #3577, #2830, #5468, #1903, #5804, #366, #3531, #3835, #1153, #1795, #5761, #36, #4679, #5372, #2346, #2546, #2099, #4825 ) ) ;
#898 = EDGE_LOOP ( 'NONE', ( #2193, #2397, #5672, #4702 ) ) ;
#899 =( CONVERSION_BASED_UNIT ( 'INCH', #1864 ) LENGTH_UNIT ( ) NAMED_UNIT ( #1405 ) );
#900 =( LENGTH_UNIT ( ) NAMED_UNIT ( * ) SI_UNIT ( $, .METRE. ) );
#901 = DIRECTION ( 'NONE',  ( -0.000000000000000000, -1.000000000000000000, -0.000000000000000000 ) ) ;
#902 =( GEOMETRIC_REPRESENTATION_CONTEXT ( 3 ) GLOBAL_UNCERTAINTY_ASSIGNED_CONTEXT ( ( #5637 ) ) GLOBAL_UNIT_ASSIGNED_CONTEXT ( ( #5114, #1011, #3365 ) ) REPRESENTATION_CONTEXT ( 'NONE', 'WORKASPACE' ) );
#903 = VECTOR ( 'NONE', #2887, 39.37007874015748143 ) ;
#904 = VERTEX_POINT ( 'NONE', #3966 ) ;
#905 = EDGE_LOOP ( 'NONE', ( #245, #2800, #4956, #2031, #3171, #537, #2322, #1629, #4989, #5338 ) ) ;
#906 = DIRECTION ( 'NONE',  ( -0.9999238504775704861, -0.008726203243944236423, -0.008726203243944236423 ) ) ;
#907 = AXIS2_PLACEMENT_3D ( 'NONE', #5523, #5466, #3219 ) ;
#908 = DIRECTION ( 'NONE',  ( 0.000000000000000000, 1.734723475976807341E-16, 1.000000000000000000 ) ) ;
#909 = DIRECTION ( 'NONE',  ( -1.000000000000000000, 0.000000000000000000, 0.000000000000000000 ) ) ;
#910 = CARTESIAN_POINT ( 'NONE',  ( 0.9389763779528845777, 0.08353543307086615244, -0.007396801184040264522 ) ) ;
#911 =( LENGTH_UNIT ( ) NAMED_UNIT ( * ) SI_UNIT ( $, .METRE. ) );
#912 =( LENGTH_UNIT ( ) NAMED_UNIT ( * ) SI_UNIT ( $, .METRE. ) );
#913 = COLOUR_RGB ( '',0.8588235294117646523, 0.09803921568627450844, 0.09803921568627450844 ) ;
#914 = EDGE_CURVE ( 'NONE', #283, #1000, #2655, .T. ) ;
#915 = EDGE_CURVE ( 'NONE', #5413, #4334, #3474, .T. ) ;
#916 = DIRECTION ( 'NONE',  ( 0.9996192871688727166, -0.008723545360215322064, -0.02617595225284380725 ) ) ;
#917 = DIRECTION ( 'NONE',  ( -0.05527866936377882900, 0.9984709653832554155, 0.000000000000000000 ) ) ;
#918 = LENGTH_MEASURE_WITH_UNIT ( LENGTH_MEASURE( 0.02539999999999999897 ), #1384 );
#919 = FILL_AREA_STYLE ('',( #533 ) ) ;
#920 = LINE ( 'NONE', #4516, #4737 ) ;
#921 =( CONVERSION_BASED_UNIT ( 'INCH', #111 ) LENGTH_UNIT ( ) NAMED_UNIT ( #3441 ) );
#922 = COLOUR_RGB ( '',0.8588235294117646523, 0.09803921568627450844, 0.09803921568627450844 ) ;
#923 = VERTEX_POINT ( 'NONE', #2208 ) ;
#924 = EDGE_CURVE ( 'NONE', #1028, #5136, #5010, .T. ) ;
#925 = SURFACE_SIDE_STYLE ('',( #5041 ) ) ;
#926 = MECHANICAL_DESIGN_GEOMETRIC_PRESENTATION_REPRESENTATION (  '', ( #3572 ), #2222 ) ;
#927 = UNCERTAINTY_MEASURE_WITH_UNIT (LENGTH_MEASURE( 1.000000000000000082E-05 ), #2096, 'distance_accuracy_value', 'NONE');
#928 = FACE_OUTER_BOUND ( 'NONE', #1674, .T. ) ;
#929 = PLANE ( 'NONE',  #4413 ) ;
#930 = DIMENSIONAL_EXPONENTS ( 1.000000000000000000, 0.000000000000000000, 0.000000000000000000, 0.000000000000000000, 0.000000000000000000, 0.000000000000000000, 0.000000000000000000 ) ;
#931 = ORIENTED_EDGE ( 'NONE', *, *, #2351, .F. ) ;
#932 = EDGE_LOOP ( 'NONE', ( #3710, #601, #3702, #3573 ) ) ;
#933 = DIRECTION ( 'NONE',  ( -0.9579169604425993301, -0.000000000000000000, -0.2870454613757401074 ) ) ;
#934 = CARTESIAN_POINT ( 'NONE',  ( 0.4557098368097083907, -0.05949999999999999734, 0.1555118110236224649 ) ) ;
#935 = UNCERTAINTY_MEASURE_WITH_UNIT (LENGTH_MEASURE( 1.000000000000000082E-05 ), #3188, 'distance_accuracy_value', 'NONE');
#936 = SURFACE_SIDE_STYLE ('',( #1810 ) ) ;
#937 = STYLED_ITEM ( 'NONE', ( #684 ), #2749 ) ;
#938 = SURFACE_STYLE_USAGE ( .BOTH. , #3688 ) ;
#939 = ORIENTED_EDGE ( 'NONE', *, *, #2867, .T. ) ;
#940 = VERTEX_POINT ( 'NONE', #2679 ) ;
#941 = DIRECTION ( 'NONE',  ( -0.9999238504775704861, 0.008726203243944236423, -0.008726203243944236423 ) ) ;
#942 = VECTOR ( 'NONE', #2563, 39.37007874015748143 ) ;
#943 = CARTESIAN_POINT ( 'NONE',  ( 0.6253892509847909231, -0.1400545024818758699, -0.1500541217125148374 ) ) ;
#944 =( CONVERSION_BASED_UNIT ( 'INCH', #6000 ) LENGTH_UNIT ( ) NAMED_UNIT ( #3278 ) );
#945 = CARTESIAN_POINT ( 'NONE',  ( 0.9685039370078740717, 0.1371466931045733084, 0.1371466931045755289 ) ) ;
#946 = DIRECTION ( 'NONE',  ( -0.4472135954999552077, -0.4472135954999573726, -0.7745966692414851806 ) ) ;
#947 = CARTESIAN_POINT ( 'NONE',  ( 0.9585912023628577749, 0.1143637243739752257, -0.01240147085095840741 ) ) ;
#948 = VECTOR ( 'NONE', #5190, 39.37007874015748143 ) ;
#949 =( NAMED_UNIT ( * ) SI_UNIT ( $, .STERADIAN. ) SOLID_ANGLE_UNIT ( ) );
#950 =( GEOMETRIC_REPRESENTATION_CONTEXT ( 3 ) GLOBAL_UNCERTAINTY_ASSIGNED_CONTEXT ( ( #5929 ) ) GLOBAL_UNIT_ASSIGNED_CONTEXT ( ( #630, #5649, #1980 ) ) REPRESENTATION_CONTEXT ( 'NONE', 'WORKASPACE' ) );
#951 =( NAMED_UNIT ( * ) SI_UNIT ( $, .STERADIAN. ) SOLID_ANGLE_UNIT ( ) );
#952 = EDGE_CURVE ( 'NONE', #1870, #3484, #5775, .T. ) ;
#953 = MANIFOLD_SOLID_BREP ( 'Cut-Loft1', #897 ) ;
#954 = ORIENTED_EDGE ( 'NONE', *, *, #4155, .F. ) ;
#955 = PRESENTATION_STYLE_ASSIGNMENT (( #3283 ) ) ;
#956 = ADVANCED_FACE ( 'NONE', ( #3641 ), #3331, .F. ) ;
#957 = CARTESIAN_POINT ( 'NONE',  ( 0.000000000000000000, 0.1455121917929785014, 0.1555118110236224371 ) ) ;
#958 = EDGE_CURVE ( 'NONE', #4473, #585, #4203, .T. ) ;
#959 = CARTESIAN_POINT ( 'NONE',  ( 0.6583185726780598213, 0.1169841639144179046, -0.1039683253585540479 ) ) ;
#960 = LINE ( 'NONE', #4732, #798 ) ;
#961 = ORIENTED_EDGE ( 'NONE', *, *, #3209, .T. ) ;
#962 = DIRECTION ( 'NONE',  ( 0.000000000000000000, 8.537024980200828721E-17, 1.000000000000000000 ) ) ;
#963 = PRESENTATION_LAYER_ASSIGNMENT (  '', '', ( #4174 ) ) ;
#964 =( CONVERSION_BASED_UNIT ( 'INCH', #2296 ) LENGTH_UNIT ( ) NAMED_UNIT ( #3901 ) );
#965 = DIRECTION ( 'NONE',  ( 0.9996573249755573709, -5.286978748680718689E-17, -0.02617694830786631774 ) ) ;
#966 = DIRECTION ( 'NONE',  ( -0.000000000000000000, 1.000000000000000000, 0.000000000000000000 ) ) ;
#967 = DIRECTION ( 'NONE',  ( 0.000000000000000000, 0.000000000000000000, 1.000000000000000000 ) ) ;
#968 =( GEOMETRIC_REPRESENTATION_CONTEXT ( 3 ) GLOBAL_UNCERTAINTY_ASSIGNED_CONTEXT ( ( #5443 ) ) GLOBAL_UNIT_ASSIGNED_CONTEXT ( ( #2671, #4511, #722 ) ) REPRESENTATION_CONTEXT ( 'NONE', 'WORKASPACE' ) );
#969 = ORIENTED_EDGE ( 'NONE', *, *, #1339, .F. ) ;
#970 = ORIENTED_EDGE ( 'NONE', *, *, #1370, .T. ) ;
#971 = DIMENSIONAL_EXPONENTS ( 1.000000000000000000, 0.000000000000000000, 0.000000000000000000, 0.000000000000000000, 0.000000000000000000, 0.000000000000000000, 0.000000000000000000 ) ;
#972 =( GEOMETRIC_REPRESENTATION_CONTEXT ( 3 ) GLOBAL_UNCERTAINTY_ASSIGNED_CONTEXT ( ( #2343 ) ) GLOBAL_UNIT_ASSIGNED_CONTEXT ( ( #1162, #3029, #3997 ) ) REPRESENTATION_CONTEXT ( 'NONE', 'WORKASPACE' ) );
#973 =( GEOMETRIC_REPRESENTATION_CONTEXT ( 3 ) GLOBAL_UNCERTAINTY_ASSIGNED_CONTEXT ( ( #862 ) ) GLOBAL_UNIT_ASSIGNED_CONTEXT ( ( #944, #2784, #2305 ) ) REPRESENTATION_CONTEXT ( 'NONE', 'WORKASPACE' ) );
#974 = LINE ( 'NONE', #1408, #4342 ) ;
#975 = CARTESIAN_POINT ( 'NONE',  ( 0.9585039370078740628, -0.1371466931045766113, 0.1371466931045760285 ) ) ;
#976 = VECTOR ( 'NONE', #512, 39.37007874015748143 ) ;
#977 = CARTESIAN_POINT ( 'NONE',  ( 0.000000000000000000, -0.1555118110236234918, 0.1555118110236229645 ) ) ;
#978 = CARTESIAN_POINT ( 'NONE',  ( 0.4879999999999999338, -0.1512530995417331880, -0.08000000000000002942 ) ) ;
#979 = SURFACE_SIDE_STYLE ('',( #2009 ) ) ;
#980 = PLANE ( 'NONE',  #1973 ) ;
#981 =( BOUNDED_CURVE ( )  B_SPLINE_CURVE ( 3, ( #4786, #625, #5516, #770 ),
 .UNSPECIFIED., .F., .T. ) 
 B_SPLINE_CURVE_WITH_KNOTS ( ( 4, 4 ),
 ( 2.482534617763378026, 3.800650689416210426 ),
 .UNSPECIFIED. ) 
 CURVE ( )  GEOMETRIC_REPRESENTATION_ITEM ( )  RATIONAL_B_SPLINE_CURVE ( ( 1.000000000000000000, 0.8603796100280602932, 0.8603796100280602932, 1.000000000000000000 ) ) 
 REPRESENTATION_ITEM ( '' )  );
#982 = CARTESIAN_POINT ( 'NONE',  ( 0.8780243864950660893, 0.07874015748031498729, 0.01297546938129650641 ) ) ;
#983 = ORIENTED_EDGE ( 'NONE', *, *, #5752, .T. ) ;
#984 = FILL_AREA_STYLE ('',( #3343 ) ) ;
#985 = MECHANICAL_DESIGN_GEOMETRIC_PRESENTATION_REPRESENTATION (  '', ( #710 ), #1287 ) ;
#986 = EDGE_CURVE ( 'NONE', #316, #2014, #2936, .T. ) ;
#987 = FACE_OUTER_BOUND ( 'NONE', #4058, .T. ) ;
#988 = CARTESIAN_POINT ( 'NONE',  ( 0.4730303448853973580, -0.05278958680028716932, 0.1555118110236227147 ) ) ;
#989 = CARTESIAN_POINT ( 'NONE',  ( 0.9644083945749449827, -0.1143129585066269271, -0.1044438074526307936 ) ) ;
#990 = CARTESIAN_POINT ( 'NONE',  ( 6.636203011952983232E-18, 0.1069999999999999840, 0.1555118110236226869 ) ) ;
#991 = CARTESIAN_POINT ( 'NONE',  ( 0.4883432469582734137, -0.09374015748031491735, -0.06833745842442373597 ) ) ;
#992 = ORIENTED_EDGE ( 'NONE', *, *, #2792, .F. ) ;
#993 = EDGE_CURVE ( 'NONE', #5045, #4965, #2036, .T. ) ;
#994 = CARTESIAN_POINT ( 'NONE',  ( 0.4738117109268476512, 0.09374015748031497286, -0.08451877346889291598 ) ) ;
#995 = SURFACE_SIDE_STYLE ('',( #1725 ) ) ;
#996 = UNCERTAINTY_MEASURE_WITH_UNIT (LENGTH_MEASURE( 1.000000000000000082E-05 ), #4045, 'distance_accuracy_value', 'NONE');
#997 = CARTESIAN_POINT ( 'NONE',  ( 0.6565039370078741277, -0.1152772172492832203, 0.1082775980186415632 ) ) ;
#998 = CARTESIAN_POINT ( 'NONE',  ( 0.3474196816907006435, -0.09547244094488185895, -0.07247357983688917926 ) ) ;
#999 = VERTEX_POINT ( 'NONE', #1567 ) ;
#1000 = VERTEX_POINT ( 'NONE', #945 ) ;
#1001 = PRESENTATION_STYLE_ASSIGNMENT (( #3752 ) ) ;
#1002 =( NAMED_UNIT ( * ) PLANE_ANGLE_UNIT ( ) SI_UNIT ( $, .RADIAN. ) );
#1003 =( NAMED_UNIT ( * ) PLANE_ANGLE_UNIT ( ) SI_UNIT ( $, .RADIAN. ) );
#1004 = STYLED_ITEM ( 'NONE', ( #955 ), #331 ) ;
#1005 = CARTESIAN_POINT ( 'NONE',  ( 0.5779999999999999583, -0.07499999999999999722, 0.1555118110236226869 ) ) ;
#1006 = DIRECTION ( 'NONE',  ( -0.000000000000000000, -0.000000000000000000, -1.000000000000000000 ) ) ;
#1007 = VERTEX_POINT ( 'NONE', #2809 ) ;
#1008 =( GEOMETRIC_REPRESENTATION_CONTEXT ( 3 ) GLOBAL_UNCERTAINTY_ASSIGNED_CONTEXT ( ( #2534 ) ) GLOBAL_UNIT_ASSIGNED_CONTEXT ( ( #5658, #1881, #2366 ) ) REPRESENTATION_CONTEXT ( 'NONE', 'WORKASPACE' ) );
#1009 = FACE_OUTER_BOUND ( 'NONE', #4159, .T. ) ;
#1010 =( LENGTH_UNIT ( ) NAMED_UNIT ( * ) SI_UNIT ( $, .METRE. ) );
#1011 =( NAMED_UNIT ( * ) PLANE_ANGLE_UNIT ( ) SI_UNIT ( $, .RADIAN. ) );
#1012 = FACE_OUTER_BOUND ( 'NONE', #5386, .T. ) ;
#1013 = SURFACE_STYLE_USAGE ( .BOTH. , #4211 ) ;
#1014 = COLOUR_RGB ( '',0.8588235294117646523, 0.09803921568627450844, 0.09803921568627450844 ) ;
#1015 = PLANE ( 'NONE',  #5788 ) ;
#1016 = PRESENTATION_LAYER_ASSIGNMENT (  '', '', ( #5779 ) ) ;
#1017 = DIMENSIONAL_EXPONENTS ( 1.000000000000000000, 0.000000000000000000, 0.000000000000000000, 0.000000000000000000, 0.000000000000000000, 0.000000000000000000, 0.000000000000000000 ) ;
#1018 = DIRECTION ( 'NONE',  ( -0.9999689738169860176, 0.000000000000000000, 0.007877271317152342509 ) ) ;
#1019 = EDGE_LOOP ( 'NONE', ( #217, #969, #1372, #651 ) ) ;
#1020 = CIRCLE ( 'NONE', #4224, 0.01000000000000000194 ) ;
#1021 = SURFACE_STYLE_USAGE ( .BOTH. , #3925 ) ;
#1022 = MECHANICAL_DESIGN_GEOMETRIC_PRESENTATION_REPRESENTATION (  '', ( #3652 ), #3350 ) ;
#1023 = FACE_OUTER_BOUND ( 'NONE', #2239, .T. ) ;
#1024 =( BOUNDED_CURVE ( )  B_SPLINE_CURVE ( 3, ( #4977, #1200, #4539, #4506 ),
 .UNSPECIFIED., .F., .T. ) 
 B_SPLINE_CURVE_WITH_KNOTS ( ( 4, 4 ),
 ( 6.181042801520336916, 6.273421372513001693 ),
 .UNSPECIFIED. ) 
 CURVE ( )  GEOMETRIC_REPRESENTATION_ITEM ( )  RATIONAL_B_SPLINE_CURVE ( ( 1.000000000000000000, 0.9992889763930469238, 0.9992889763930469238, 1.000000000000000000 ) ) 
 REPRESENTATION_ITEM ( '' )  );
#1025 = CARTESIAN_POINT ( 'NONE',  ( 0.4879999999999999338, 0.08000000000000058453, -0.1512530995417304680 ) ) ;
#1026 = PRESENTATION_LAYER_ASSIGNMENT (  '', '', ( #2981 ) ) ;
#1027 = DIRECTION ( 'NONE',  ( -0.05527866936377882900, -0.9984709653832554155, 0.000000000000000000 ) ) ;
#1028 = VERTEX_POINT ( 'NONE', #195 ) ;
#1029 = ORIENTED_EDGE ( 'NONE', *, *, #4527, .F. ) ;
#1030 =( LENGTH_UNIT ( ) NAMED_UNIT ( * ) SI_UNIT ( $, .METRE. ) );
#1031 = ADVANCED_FACE ( 'NONE', ( #5817 ), #1196, .F. ) ;
#1032 = EDGE_CURVE ( 'NONE', #4199, #3143, #2669, .T. ) ;
#1033 =( GEOMETRIC_REPRESENTATION_CONTEXT ( 3 ) GLOBAL_UNCERTAINTY_ASSIGNED_CONTEXT ( ( #1994 ) ) GLOBAL_UNIT_ASSIGNED_CONTEXT ( ( #1520, #3902, #1550 ) ) REPRESENTATION_CONTEXT ( 'NONE', 'WORKASPACE' ) );
#1034 = EDGE_LOOP ( 'NONE', ( #4103, #4182, #4109, #3631 ) ) ;
#1035 = ORIENTED_EDGE ( 'NONE', *, *, #476, .T. ) ;
#1036 =( NAMED_UNIT ( * ) PLANE_ANGLE_UNIT ( ) SI_UNIT ( $, .RADIAN. ) );
#1037 = FILL_AREA_STYLE ('',( #2388 ) ) ;
#1038 =( GEOMETRIC_REPRESENTATION_CONTEXT ( 3 ) GLOBAL_UNCERTAINTY_ASSIGNED_CONTEXT ( ( #5067 ) ) GLOBAL_UNIT_ASSIGNED_CONTEXT ( ( #2133, #5452, #796 ) ) REPRESENTATION_CONTEXT ( 'NONE', 'WORKASPACE' ) );
#1039 = EDGE_CURVE ( 'NONE', #5370, #1250, #1184, .T. ) ;
#1040 = DIRECTION ( 'NONE',  ( 0.000000000000000000, 0.000000000000000000, 1.000000000000000000 ) ) ;
#1041 = ADVANCED_FACE ( 'NONE', ( #3137 ), #360, .F. ) ;
#1042 = DIMENSIONAL_EXPONENTS ( 1.000000000000000000, 0.000000000000000000, 0.000000000000000000, 0.000000000000000000, 0.000000000000000000, 0.000000000000000000, 0.000000000000000000 ) ;
#1043 = VERTEX_POINT ( 'NONE', #5366 ) ;
#1044 = COLOUR_RGB ( '',0.8588235294117646523, 0.09803921568627450844, 0.09803921568627450844 ) ;
#1045 = CARTESIAN_POINT ( 'NONE',  ( 0.9685039370078740717, -0.1043641051433335104, -0.01817000752958475990 ) ) ;
#1046 = LINE ( 'NONE', #1945, #817 ) ;
#1047 = DIRECTION ( 'NONE',  ( 0.000000000000000000, 0.000000000000000000, -1.000000000000000000 ) ) ;
#1048 =( NAMED_UNIT ( * ) PLANE_ANGLE_UNIT ( ) SI_UNIT ( $, .RADIAN. ) );
#1049 = PLANE ( 'NONE',  #5231 ) ;
#1050 = VERTEX_POINT ( 'NONE', #1186 ) ;
#1051 = MECHANICAL_DESIGN_GEOMETRIC_PRESENTATION_REPRESENTATION (  '', ( #3008 ), #372 ) ;
#1052 = DIRECTION ( 'NONE',  ( -0.000000000000000000, -1.000000000000000000, 1.756682000989173806E-15 ) ) ;
#1053 = CARTESIAN_POINT ( 'NONE',  ( 0.4881889763779527769, -0.05856624327025864579, -0.1555118110236237139 ) ) ;
#1054 = DIRECTION ( 'NONE',  ( -1.000000000000000000, 0.000000000000000000, 0.000000000000000000 ) ) ;
#1055 = AXIS2_PLACEMENT_3D ( 'NONE', #724, #4367, #2087 ) ;
#1056 = SURFACE_STYLE_FILL_AREA ( #32 ) ;
#1057 = DIMENSIONAL_EXPONENTS ( 1.000000000000000000, 0.000000000000000000, 0.000000000000000000, 0.000000000000000000, 0.000000000000000000, 0.000000000000000000, 0.000000000000000000 ) ;
#1058 = VERTEX_POINT ( 'NONE', #5874 ) ;
#1059 = LINE ( 'NONE', #2957, #5870 ) ;
#1060 = DIRECTION ( 'NONE',  ( 0.02933747147263221153, -0.000000000000000000, -0.9995695637461118332 ) ) ;
#1061 = LINE ( 'NONE', #35, #4316 ) ;
#1062 = UNCERTAINTY_MEASURE_WITH_UNIT (LENGTH_MEASURE( 1.000000000000000082E-05 ), #2393, 'distance_accuracy_value', 'NONE');
#1063 = DIRECTION ( 'NONE',  ( 0.4472135954999553187, -0.4472135954999567065, 0.7745966692414855137 ) ) ;
#1064 = CARTESIAN_POINT ( 'NONE',  ( 0.4730303448853973580, 0.1555118110236228257, 0.04217949192431075245 ) ) ;
#1065 = ORIENTED_EDGE ( 'NONE', *, *, #3271, .F. ) ;
#1066 = ORIENTED_EDGE ( 'NONE', *, *, #4902, .F. ) ;
#1067 =( CONVERSION_BASED_UNIT ( 'INCH', #4382 ) LENGTH_UNIT ( ) NAMED_UNIT ( #5129 ) );
#1068 = FACE_OUTER_BOUND ( 'NONE', #1474, .T. ) ;
#1069 = DIRECTION ( 'NONE',  ( 0.000000000000000000, 0.000000000000000000, -1.000000000000000000 ) ) ;
#1070 = DIRECTION ( 'NONE',  ( -0.9999619230641711987, 0.008726535498373953759, 0.000000000000000000 ) ) ;
#1071 = VERTEX_POINT ( 'NONE', #4897 ) ;
#1072 = EDGE_CURVE ( 'NONE', #2014, #5660, #4438, .T. ) ;
#1073 = SURFACE_STYLE_USAGE ( .BOTH. , #170 ) ;
#1074 = CARTESIAN_POINT ( 'NONE',  ( 0.4733497035020817201, -0.09547244094488185895, -0.06877752049651320032 ) ) ;
#1075 = AXIS2_PLACEMENT_3D ( 'NONE', #1503, #2387, #67 ) ;
#1076 = EDGE_CURVE ( 'NONE', #5596, #3199, #3082, .T. ) ;
#1077 = DIRECTION ( 'NONE',  ( 0.9983265198117633465, 0.000000000000000000, -0.05782871121279575810 ) ) ;
#1078 = CARTESIAN_POINT ( 'NONE',  ( 0.9585039370078740628, -0.1043641051433335104, 1.892507895413335878E-18 ) ) ;
#1079 = STYLED_ITEM ( 'NONE', ( #4609 ), #5372 ) ;
#1080 = CIRCLE ( 'NONE', #483, 0.2157480314960628087 ) ;
#1081 = ORIENTED_EDGE ( 'NONE', *, *, #3539, .T. ) ;
#1082 = DIRECTION ( 'NONE',  ( 0.000000000000000000, -0.8660254037844397068, -0.4999999999999981126 ) ) ;
#1083 = DIMENSIONAL_EXPONENTS ( 1.000000000000000000, 0.000000000000000000, 0.000000000000000000, 0.000000000000000000, 0.000000000000000000, 0.000000000000000000, 0.000000000000000000 ) ;
#1084 = FACE_OUTER_BOUND ( 'NONE', #3795, .T. ) ;
#1085 = STYLED_ITEM ( 'NONE', ( #3091 ), #5685 ) ;
#1086 = DIRECTION ( 'NONE',  ( 0.000000000000000000, 2.422893929682867656E-16, 1.000000000000000000 ) ) ;
#1087 = FILL_AREA_STYLE_COLOUR ( '', #1329 ) ;
#1088 = CARTESIAN_POINT ( 'NONE',  ( 0.000000000000000000, 0.1555118110236202167, -0.1455121917929790565 ) ) ;
#1089 = SURFACE_SIDE_STYLE ('',( #1554 ) ) ;
#1090 = MECHANICAL_DESIGN_GEOMETRIC_PRESENTATION_REPRESENTATION (  '', ( #121 ), #2463 ) ;
#1091 = EDGE_LOOP ( 'NONE', ( #1861, #2179, #1638, #2998 ) ) ;
#1092 = ORIENTED_EDGE ( 'NONE', *, *, #309, .T. ) ;
#1093 = DIRECTION ( 'NONE',  ( 0.000000000000000000, -1.000000000000000000, 0.000000000000000000 ) ) ;
#1094 = CARTESIAN_POINT ( 'NONE',  ( 0.000000000000000000, -0.1082677165354325177, -0.1555118110236207718 ) ) ;
#1095 = EDGE_LOOP ( 'NONE', ( #4319, #4793, #3904, #4641 ) ) ;
#1096 = ORIENTED_EDGE ( 'NONE', *, *, #263, .F. ) ;
#1097 = CARTESIAN_POINT ( 'NONE',  ( 0.4883432469582734137, 0.09374015748031497286, -0.06833745842442372209 ) ) ;
#1098 = CARTESIAN_POINT ( 'NONE',  ( 0.6565039370078741277, -0.1070011422645787413, -0.1140000000000000041 ) ) ;
#1099 = DIMENSIONAL_EXPONENTS ( 1.000000000000000000, 0.000000000000000000, 0.000000000000000000, 0.000000000000000000, 0.000000000000000000, 0.000000000000000000, 0.000000000000000000 ) ;
#1100 = PRESENTATION_STYLE_ASSIGNMENT (( #4357 ) ) ;
#1101 = PLANE ( 'NONE',  #2136 ) ;
#1102 = AXIS2_PLACEMENT_3D ( 'NONE', #5806, #1623, #1180 ) ;
#1103 = CARTESIAN_POINT ( 'NONE',  ( 0.9367544513151074836, -0.1177229264359345995, 0.0001409142978184696601 ) ) ;
#1104 = CARTESIAN_POINT ( 'NONE',  ( 0.5303396793241390572, 0.1408839875273233122, 0.1508836067579672757 ) ) ;
#1105 = COLOUR_RGB ( '',0.8588235294117646523, 0.09803921568627450844, 0.09803921568627450844 ) ;
#1106 =( NAMED_UNIT ( * ) SI_UNIT ( $, .STERADIAN. ) SOLID_ANGLE_UNIT ( ) );
#1107 = EDGE_CURVE ( 'NONE', #5119, #1050, #1399, .T. ) ;
#1108 =( CONVERSION_BASED_UNIT ( 'INCH', #3431 ) LENGTH_UNIT ( ) NAMED_UNIT ( #558 ) );
#1109 = MECHANICAL_DESIGN_GEOMETRIC_PRESENTATION_REPRESENTATION (  '', ( #3251 ), #5085 ) ;
#1110 = PRESENTATION_LAYER_ASSIGNMENT (  '', '', ( #1508 ) ) ;
#1111 = ADVANCED_FACE ( 'NONE', ( #1426 ), #929, .T. ) ;
#1112 = PRESENTATION_STYLE_ASSIGNMENT (( #2947 ) ) ;
#1113 = VERTEX_POINT ( 'NONE', #5127 ) ;
#1114 = DIRECTION ( 'NONE',  ( -0.000000000000000000, 2.995447361473972672E-16, 1.000000000000000000 ) ) ;
#1115 = SURFACE_STYLE_FILL_AREA ( #692 ) ;
#1116 = VECTOR ( 'NONE', #1237, 39.37007874015748143 ) ;
#1117 = VECTOR ( 'NONE', #1670, 39.37007874015748143 ) ;
#1118 = PRESENTATION_STYLE_ASSIGNMENT (( #2525 ) ) ;
#1119 = LINE ( 'NONE', #3498, #2888 ) ;
#1120 = SURFACE_STYLE_FILL_AREA ( #5290 ) ;
#1121 = CARTESIAN_POINT ( 'NONE',  ( 0.000000000000000000, 0.1455121917929785014, -0.1555118110236207718 ) ) ;
#1122 = DIRECTION ( 'NONE',  ( 0.000000000000000000, 0.4999999999999979461, -0.8660254037844398178 ) ) ;
#1123 = ADVANCED_FACE ( 'NONE', ( #2376 ), #2441, .T. ) ;
#1124 = AXIS2_PLACEMENT_3D ( 'NONE', #830, #5887, #4062 ) ;
#1125 =( GEOMETRIC_REPRESENTATION_CONTEXT ( 3 ) GLOBAL_UNCERTAINTY_ASSIGNED_CONTEXT ( ( #4706 ) ) GLOBAL_UNIT_ASSIGNED_CONTEXT ( ( #1953, #2665, #2813 ) ) REPRESENTATION_CONTEXT ( 'NONE', 'WORKASPACE' ) );
#1126 = ORIENTED_EDGE ( 'NONE', *, *, #114, .F. ) ;
#1127 = SURFACE_STYLE_USAGE ( .BOTH. , #5899 ) ;
#1128 = FILL_AREA_STYLE_COLOUR ( '', #5192 ) ;
#1129 =( CONVERSION_BASED_UNIT ( 'INCH', #2958 ) LENGTH_UNIT ( ) NAMED_UNIT ( #5484 ) );
#1130 = UNCERTAINTY_MEASURE_WITH_UNIT (LENGTH_MEASURE( 1.000000000000000082E-05 ), #3170, 'distance_accuracy_value', 'NONE');
#1131 =( NAMED_UNIT ( * ) SI_UNIT ( $, .STERADIAN. ) SOLID_ANGLE_UNIT ( ) );
#1132 = VERTEX_POINT ( 'NONE', #4603 ) ;
#1133 = PRESENTATION_LAYER_ASSIGNMENT (  '', '', ( #5890 ) ) ;
#1134 = ORIENTED_EDGE ( 'NONE', *, *, #4244, .F. ) ;
#1135 =( NAMED_UNIT ( * ) SI_UNIT ( $, .STERADIAN. ) SOLID_ANGLE_UNIT ( ) );
#1136 = DIRECTION ( 'NONE',  ( 0.008726535498373955493, 1.756615111921350831E-15, 0.9999619230641713097 ) ) ;
#1137 = PRESENTATION_LAYER_ASSIGNMENT (  '', '', ( #3579 ) ) ;
#1138 = ORIENTED_EDGE ( 'NONE', *, *, #4011, .T. ) ;
#1139 = CARTESIAN_POINT ( 'NONE',  ( 0.9685039370078739607, -0.1179999999999999383, 0.1168581144771440733 ) ) ;
#1140 = PLANE ( 'NONE',  #308 ) ;
#1141 = PLANE ( 'NONE',  #1124 ) ;
#1142 = LENGTH_MEASURE_WITH_UNIT ( LENGTH_MEASURE( 0.02539999999999999897 ), #258 );
#1143 =( GEOMETRIC_REPRESENTATION_CONTEXT ( 3 ) GLOBAL_UNCERTAINTY_ASSIGNED_CONTEXT ( ( #2237 ) ) GLOBAL_UNIT_ASSIGNED_CONTEXT ( ( #4445, #2380, #4680 ) ) REPRESENTATION_CONTEXT ( 'NONE', 'WORKASPACE' ) );
#1144 = VERTEX_POINT ( 'NONE', #5617 ) ;
#1145 = VECTOR ( 'NONE', #4762, 39.37007874015748143 ) ;
#1146 = DIRECTION ( 'NONE',  ( -0.000000000000000000, -0.000000000000000000, 1.000000000000000000 ) ) ;
#1147 = ADVANCED_FACE ( 'NONE', ( #437 ), #5584, .F. ) ;
#1148 = LENGTH_MEASURE_WITH_UNIT ( LENGTH_MEASURE( 0.02539999999999999897 ), #2588 );
#1149 = LENGTH_MEASURE_WITH_UNIT ( LENGTH_MEASURE( 0.02539999999999999897 ), #4399 );
#1150 = ORIENTED_EDGE ( 'NONE', *, *, #378, .T. ) ;
#1151 =( LENGTH_UNIT ( ) NAMED_UNIT ( * ) SI_UNIT ( $, .METRE. ) );
#1152 = SURFACE_STYLE_FILL_AREA ( #2622 ) ;
#1153 = ADVANCED_FACE ( 'NONE', ( #3087 ), #2462, .F. ) ;
#1154 = COLOUR_RGB ( '',0.8588235294117646523, 0.09803921568627450844, 0.09803921568627450844 ) ;
#1155 = CARTESIAN_POINT ( 'NONE',  ( 0.000000000000000000, -0.1305118110236235252, -0.07299999999999999545 ) ) ;
#1156 = CARTESIAN_POINT ( 'NONE',  ( 0.4840000000000000413, -0.05314914703891401165, 0.1745118110236225095 ) ) ;
#1157 = DIRECTION ( 'NONE',  ( -0.9999492317187643753, -0.005038203674249613385, -0.008726424742680500418 ) ) ;
#1158 = ORIENTED_EDGE ( 'NONE', *, *, #149, .T. ) ;
#1159 = VECTOR ( 'NONE', #3668, 39.37007874015748143 ) ;
#1160 = ORIENTED_EDGE ( 'NONE', *, *, #5723, .F. ) ;
#1161 = DIRECTION ( 'NONE',  ( 0.000000000000000000, -1.000000000000000000, 2.995447361473974644E-16 ) ) ;
#1162 =( CONVERSION_BASED_UNIT ( 'INCH', #1663 ) LENGTH_UNIT ( ) NAMED_UNIT ( #642 ) );
#1163 = CARTESIAN_POINT ( 'NONE',  ( 0.000000000000000000, 0.1082677165354336141, -0.1555118110236231310 ) ) ;
#1164 = DIMENSIONAL_EXPONENTS ( 1.000000000000000000, 0.000000000000000000, 0.000000000000000000, 0.000000000000000000, 0.000000000000000000, 0.000000000000000000, 0.000000000000000000 ) ;
#1165 = ORIENTED_EDGE ( 'NONE', *, *, #1460, .F. ) ;
#1166 = CARTESIAN_POINT ( 'NONE',  ( 0.5779999999999999583, -0.07499999999999999722, 0.1555118110236226869 ) ) ;
#1167 = FACE_OUTER_BOUND ( 'NONE', #10, .T. ) ;
#1168 = VECTOR ( 'NONE', #2814, 39.37007874015748854 ) ;
#1169 = PRESENTATION_STYLE_ASSIGNMENT (( #1642 ) ) ;
#1170 = MECHANICAL_DESIGN_GEOMETRIC_PRESENTATION_REPRESENTATION (  '', ( #3611 ), #972 ) ;
#1171 = ORIENTED_EDGE ( 'NONE', *, *, #1758, .F. ) ;
#1172 = FACE_OUTER_BOUND ( 'NONE', #3626, .T. ) ;
#1173 = LINE ( 'NONE', #1581, #3247 ) ;
#1174 = PRESENTATION_STYLE_ASSIGNMENT (( #5799 ) ) ;
#1175 =( LENGTH_UNIT ( ) NAMED_UNIT ( * ) SI_UNIT ( $, .METRE. ) );
#1176 = AXIS2_PLACEMENT_3D ( 'NONE', #4003, #5309, #3006 ) ;
#1177 = VECTOR ( 'NONE', #909, 39.37007874015748143 ) ;
#1178 =( LENGTH_UNIT ( ) NAMED_UNIT ( * ) SI_UNIT ( $, .METRE. ) );
#1179 = ORIENTED_EDGE ( 'NONE', *, *, #3587, .T. ) ;
#1180 = DIRECTION ( 'NONE',  ( -1.000000000000000000, 0.000000000000000000, -0.000000000000000000 ) ) ;
#1181 = VECTOR ( 'NONE', #3513, 39.37007874015748143 ) ;
#1182 = DIRECTION ( 'NONE',  ( 0.008726535498373955493, 0.9999619230641713097, 0.000000000000000000 ) ) ;
#1183 =( NAMED_UNIT ( * ) PLANE_ANGLE_UNIT ( ) SI_UNIT ( $, .RADIAN. ) );
#1184 = LINE ( 'NONE', #1277, #1222 ) ;
#1185 = UNCERTAINTY_MEASURE_WITH_UNIT (LENGTH_MEASURE( 1.000000000000000082E-05 ), #3218, 'distance_accuracy_value', 'NONE');
#1186 = CARTESIAN_POINT ( 'NONE',  ( 0.4883432469582734137, -0.07874015748031493178, -0.06833745842442372209 ) ) ;
#1187 = VECTOR ( 'NONE', #634, 39.37007874015748143 ) ;
#1188 = SURFACE_STYLE_FILL_AREA ( #4525 ) ;
#1189 =( BOUNDED_CURVE ( )  B_SPLINE_CURVE ( 3, ( #5044, #1391, #2344, #4187 ),
 .UNSPECIFIED., .F., .T. ) 
 B_SPLINE_CURVE_WITH_KNOTS ( ( 4, 4 ),
 ( 2.482534617763381579, 3.800650689416199324 ),
 .UNSPECIFIED. ) 
 CURVE ( )  GEOMETRIC_REPRESENTATION_ITEM ( )  RATIONAL_B_SPLINE_CURVE ( ( 1.000000000000000000, 0.8603796100280632908, 0.8603796100280632908, 1.000000000000000000 ) ) 
 REPRESENTATION_ITEM ( '' )  );
#1190 = VERTEX_POINT ( 'NONE', #5022 ) ;
#1191 = EDGE_CURVE ( 'NONE', #3442, #4855, #4559, .T. ) ;
#1192 = ORIENTED_EDGE ( 'NONE', *, *, #5623, .T. ) ;
#1193 = DIRECTION ( 'NONE',  ( -0.000000000000000000, -1.000000000000000000, -0.000000000000000000 ) ) ;
#1194 = COLOUR_RGB ( '',0.8588235294117646523, 0.09803921568627450844, 0.09803921568627450844 ) ;
#1195 = CARTESIAN_POINT ( 'NONE',  ( 0.9665668740509655299, -0.1079827147238152790, 0.1109827147238153372 ) ) ;
#1196 = PLANE ( 'NONE',  #3852 ) ;
#1197 = CARTESIAN_POINT ( 'NONE',  ( 0.9585912023628577749, -0.1143637243739752118, -0.09872704711124133392 ) ) ;
#1198 = MECHANICAL_DESIGN_GEOMETRIC_PRESENTATION_REPRESENTATION (  '', ( #3927 ), #2846 ) ;
#1199 = EDGE_LOOP ( 'NONE', ( #509, #1859, #5069, #1580 ) ) ;
#1200 = CARTESIAN_POINT ( 'NONE',  ( 0.5281035550837963610, 0.1524339136731841515, 0.07776243293653664623 ) ) ;
#1201 = CARTESIAN_POINT ( 'NONE',  ( 0.6465039370078740077, -0.1398694758552933570, -0.1398694758552906370 ) ) ;
#1202 = VERTEX_POINT ( 'NONE', #934 ) ;
#1203 = FILL_AREA_STYLE_COLOUR ( '', #5836 ) ;
#1204 = CARTESIAN_POINT ( 'NONE',  ( 0.4881889763779527769, -0.1305118110236235252, -0.07299999999999999545 ) ) ;
#1205 = DIMENSIONAL_EXPONENTS ( 1.000000000000000000, 0.000000000000000000, 0.000000000000000000, 0.000000000000000000, 0.000000000000000000, 0.000000000000000000, 0.000000000000000000 ) ;
#1206 =( CONVERSION_BASED_UNIT ( 'INCH', #3615 ) LENGTH_UNIT ( ) NAMED_UNIT ( #2431 ) );
#1207 = PRESENTATION_LAYER_ASSIGNMENT (  '', '', ( #3251 ) ) ;
#1208 = VECTOR ( 'NONE', #540, 39.37007874015748143 ) ;
#1209 =( NAMED_UNIT ( * ) PLANE_ANGLE_UNIT ( ) SI_UNIT ( $, .RADIAN. ) );
#1210 = PLANE ( 'NONE',  #130 ) ;
#1211 = ORIENTED_EDGE ( 'NONE', *, *, #672, .T. ) ;
#1212 = COLOUR_RGB ( '',0.8588235294117646523, 0.09803921568627450844, 0.09803921568627450844 ) ;
#1213 = FILL_AREA_STYLE ('',( #4013 ) ) ;
#1214 = CARTESIAN_POINT ( 'NONE',  ( 0.6565039370078741277, -0.1152772172492832203, 0.1082775980186415632 ) ) ;
#1215 = SURFACE_STYLE_USAGE ( .BOTH. , #1278 ) ;
#1216 = STYLED_ITEM ( 'NONE', ( #264 ), #1487 ) ;
#1217 = STYLED_ITEM ( 'NONE', ( #3047 ), #878 ) ;
#1218 = DIRECTION ( 'NONE',  ( 0.000000000000000000, 0.000000000000000000, 1.000000000000000000 ) ) ;
#1219 = ORIENTED_EDGE ( 'NONE', *, *, #4790, .T. ) ;
#1220 = ORIENTED_EDGE ( 'NONE', *, *, #1460, .T. ) ;
#1221 = VECTOR ( 'NONE', #3922, 39.37007874015748854 ) ;
#1222 = VECTOR ( 'NONE', #5956, 39.37007874015748143 ) ;
#1223 = EDGE_CURVE ( 'NONE', #5235, #2565, #1628, .T. ) ;
#1224 = LINE ( 'NONE', #1634, #297 ) ;
#1225 = EDGE_CURVE ( 'NONE', #391, #721, #5071, .T. ) ;
#1226 =( BOUNDED_CURVE ( )  B_SPLINE_CURVE ( 3, ( #5913, #2746, #1759, #3547 ),
 .UNSPECIFIED., .F., .T. ) 
 B_SPLINE_CURVE_WITH_KNOTS ( ( 4, 4 ),
 ( 3.141592653589793560, 4.703662334124720346 ),
 .UNSPECIFIED. ) 
 CURVE ( )  GEOMETRIC_REPRESENTATION_ITEM ( )  RATIONAL_B_SPLINE_CURVE ( ( 1.000000000000000000, 0.8067902504155231025, 0.8067902504155231025, 1.000000000000000000 ) ) 
 REPRESENTATION_ITEM ( '' )  );
#1227 = PRESENTATION_LAYER_ASSIGNMENT (  '', '', ( #2595 ) ) ;
#1228 = ORIENTED_EDGE ( 'NONE', *, *, #519, .T. ) ;
#1229 = CARTESIAN_POINT ( 'NONE',  ( 6.736246273439711212E-18, -0.1069999999999999840, 0.1555118110236226869 ) ) ;
#1230 = EDGE_CURVE ( 'NONE', #3989, #5697, #1365, .T. ) ;
#1231 = STYLED_ITEM ( 'NONE', ( #3205 ), #2147 ) ;
#1232 =( NAMED_UNIT ( * ) PLANE_ANGLE_UNIT ( ) SI_UNIT ( $, .RADIAN. ) );
#1233 = ADVANCED_FACE ( 'NONE', ( #5905 ), #3601, .T. ) ;
#1234 = DIRECTION ( 'NONE',  ( -0.8660254037844404840, 0.000000000000000000, 0.4999999999999968914 ) ) ;
#1235 = VECTOR ( 'NONE', #1422, 39.37007874015748143 ) ;
#1236 =( LENGTH_UNIT ( ) NAMED_UNIT ( * ) SI_UNIT ( $, .METRE. ) );
#1237 = DIRECTION ( 'NONE',  ( -0.9579169604425993301, 0.000000000000000000, -0.2870454613757401074 ) ) ;
#1238 = STYLED_ITEM ( 'NONE', ( #3849 ), #2755 ) ;
#1239 = PRESENTATION_STYLE_ASSIGNMENT (( #2088 ) ) ;
#1240 = FACE_OUTER_BOUND ( 'NONE', #5513, .T. ) ;
#1241 = ORIENTED_EDGE ( 'NONE', *, *, #5313, .T. ) ;
#1242 = VECTOR ( 'NONE', #3993, 39.37007874015748143 ) ;
#1243 = CARTESIAN_POINT ( 'NONE',  ( 0.6276428471321305880, -0.1500344548768859643, 0.1427146192668591052 ) ) ;
#1244 =( NAMED_UNIT ( * ) SI_UNIT ( $, .STERADIAN. ) SOLID_ANGLE_UNIT ( ) );
#1245 = CARTESIAN_POINT ( 'NONE',  ( 0.6565039370078741277, 0.1152772172492832897, 0.1082775980186415632 ) ) ;
#1246 = CARTESIAN_POINT ( 'NONE',  ( 0.6276428471321302549, 0.1500344548768826614, -0.1427146192668569957 ) ) ;
#1247 = UNCERTAINTY_MEASURE_WITH_UNIT (LENGTH_MEASURE( 1.000000000000000082E-05 ), #2310, 'distance_accuracy_value', 'NONE');
#1248 = COLOUR_RGB ( '',0.8588235294117646523, 0.09803921568627450844, 0.09803921568627450844 ) ;
#1249 = CARTESIAN_POINT ( 'NONE',  ( 0.000000000000000000, 0.000000000000000000, 0.1555118110236226869 ) ) ;
#1250 = VERTEX_POINT ( 'NONE', #1525 ) ;
#1251 = EDGE_LOOP ( 'NONE', ( #460, #5426, #5867, #2491 ) ) ;
#1252 = LINE ( 'NONE', #1695, #110 ) ;
#1253 = DIRECTION ( 'NONE',  ( -0.9993908270190957621, 0.03489949670250104552, 0.000000000000000000 ) ) ;
#1254 = LINE ( 'NONE', #4412, #3617 ) ;
#1255 = FILL_AREA_STYLE_COLOUR ( '', #1764 ) ;
#1256 = CARTESIAN_POINT ( 'NONE',  ( 0.3474196816907006435, -0.09547244094488185895, -0.07247357983688917926 ) ) ;
#1257 = VECTOR ( 'NONE', #815, 39.37007874015748143 ) ;
#1258 = ORIENTED_EDGE ( 'NONE', *, *, #4861, .T. ) ;
#1259 = EDGE_CURVE ( 'NONE', #2405, #5100, #2801, .T. ) ;
#1260 = LINE ( 'NONE', #347, #4130 ) ;
#1261 = DIRECTION ( 'NONE',  ( 0.9984709653832553045, 0.05527866936377882207, 0.000000000000000000 ) ) ;
#1262 = SURFACE_SIDE_STYLE ('',( #3184 ) ) ;
#1263 = EDGE_CURVE ( 'NONE', #4923, #5930, #1061, .T. ) ;
#1264 = EDGE_CURVE ( 'NONE', #4400, #473, #3920, .T. ) ;
#1265 = CARTESIAN_POINT ( 'NONE',  ( 0.000000000000000000, 0.09842519685039372024, 0.09842519685039372024 ) ) ;
#1266 = CIRCLE ( 'NONE', #688, 0.009999999999999995004 ) ;
#1267 = CYLINDRICAL_SURFACE ( 'NONE', #1949, 0.01000000000000000194 ) ;
#1268 = DIRECTION ( 'NONE',  ( 0.02933747147263221153, -0.000000000000000000, -0.9995695637461118332 ) ) ;
#1269 = SURFACE_STYLE_USAGE ( .BOTH. , #4987 ) ;
#1270 =( LENGTH_UNIT ( ) NAMED_UNIT ( * ) SI_UNIT ( $, .METRE. ) );
#1271 = AXIS2_PLACEMENT_3D ( 'NONE', #1572, #595, #4241 ) ;
#1272 = ORIENTED_EDGE ( 'NONE', *, *, #5333, .T. ) ;
#1273 = DIRECTION ( 'NONE',  ( 0.000000000000000000, 1.497723680736986336E-16, -1.000000000000000000 ) ) ;
#1274 = DIRECTION ( 'NONE',  ( 0.000000000000000000, -3.491481338843134539E-15, 1.000000000000000000 ) ) ;
#1275 = VECTOR ( 'NONE', #3420, 39.37007874015748143 ) ;
#1276 = SURFACE_STYLE_USAGE ( .BOTH. , #95 ) ;
#1277 = CARTESIAN_POINT ( 'NONE',  ( 0.6276428471321302549, 0.1500344548768826891, -0.1555118110236238804 ) ) ;
#1278 = SURFACE_SIDE_STYLE ('',( #3536 ) ) ;
#1279 =( LENGTH_UNIT ( ) NAMED_UNIT ( * ) SI_UNIT ( $, .METRE. ) );
#1280 = AXIS2_PLACEMENT_3D ( 'NONE', #3744, #2092, #1590 ) ;
#1281 = ORIENTED_EDGE ( 'NONE', *, *, #1342, .F. ) ;
#1282 = ORIENTED_EDGE ( 'NONE', *, *, #5359, .F. ) ;
#1283 = CARTESIAN_POINT ( 'NONE',  ( 0.5282606005958293549, -0.1509017506031568590, 0.1435799315245170904 ) ) ;
#1284 = SURFACE_STYLE_USAGE ( .BOTH. , #4906 ) ;
#1285 = FILL_AREA_STYLE ('',( #5853 ) ) ;
#1286 = ORIENTED_EDGE ( 'NONE', *, *, #636, .T. ) ;
#1287 =( GEOMETRIC_REPRESENTATION_CONTEXT ( 3 ) GLOBAL_UNCERTAINTY_ASSIGNED_CONTEXT ( ( #2125 ) ) GLOBAL_UNIT_ASSIGNED_CONTEXT ( ( #5170, #3237, #491 ) ) REPRESENTATION_CONTEXT ( 'NONE', 'WORKASPACE' ) );
#1288 = FACE_OUTER_BOUND ( 'NONE', #1622, .T. ) ;
#1289 = LINE ( 'NONE', #2748, #1412 ) ;
#1290 = LENGTH_MEASURE_WITH_UNIT ( LENGTH_MEASURE( 0.02539999999999999897 ), #5432 );
#1291 = LINE ( 'NONE', #379, #2332 ) ;
#1292 = FILL_AREA_STYLE_COLOUR ( '', #1962 ) ;
#1293 = SURFACE_SIDE_STYLE ('',( #4066 ) ) ;
#1294 =( NAMED_UNIT ( * ) SI_UNIT ( $, .STERADIAN. ) SOLID_ANGLE_UNIT ( ) );
#1295 = DIRECTION ( 'NONE',  ( 0.000000000000000000, 1.000000000000000000, -1.756682000989173806E-15 ) ) ;
#1296 = SURFACE_STYLE_USAGE ( .BOTH. , #2986 ) ;
#1297 = EDGE_CURVE ( 'NONE', #3517, #5697, #2925, .T. ) ;
#1298 = LINE ( 'NONE', #5588, #4070 ) ;
#1299 = FILL_AREA_STYLE_COLOUR ( '', #2661 ) ;
#1300 = COLOUR_RGB ( '',0.8588235294117646523, 0.09803921568627450844, 0.09803921568627450844 ) ;
#1301 = ORIENTED_EDGE ( 'NONE', *, *, #3391, .T. ) ;
#1302 = CARTESIAN_POINT ( 'NONE',  ( 0.6565039370078741277, -0.1170000000000000207, -0.1140000000000000041 ) ) ;
#1303 = STYLED_ITEM ( 'NONE', ( #1614 ), #366 ) ;
#1304 = UNCERTAINTY_MEASURE_WITH_UNIT (LENGTH_MEASURE( 1.000000000000000082E-05 ), #2844, 'distance_accuracy_value', 'NONE');
#1305 = EDGE_CURVE ( 'NONE', #2383, #1436, #4927, .T. ) ;
#1306 =( CONVERSION_BASED_UNIT ( 'INCH', #1774 ) LENGTH_UNIT ( ) NAMED_UNIT ( #4789 ) );
#1307 = LENGTH_MEASURE_WITH_UNIT ( LENGTH_MEASURE( 0.02539999999999999897 ), #4566 );
#1308 = MECHANICAL_DESIGN_GEOMETRIC_PRESENTATION_REPRESENTATION (  '', ( #816 ), #902 ) ;
#1309 = VERTEX_POINT ( 'NONE', #1591 ) ;
#1310 = EDGE_LOOP ( 'NONE', ( #398, #5735, #5819, #3654 ) ) ;
#1311 = STYLED_ITEM ( 'NONE', ( #4866 ), #1332 ) ;
#1312 = CARTESIAN_POINT ( 'NONE',  ( 0.4733497035020817201, 0.07874015748031498729, -0.06877752049651320032 ) ) ;
#1313 = FACE_OUTER_BOUND ( 'NONE', #1356, .T. ) ;
#1314 = FACE_OUTER_BOUND ( 'NONE', #4594, .T. ) ;
#1315 = ORIENTED_EDGE ( 'NONE', *, *, #3271, .T. ) ;
#1316 = VECTOR ( 'NONE', #3543, 39.37007874015748143 ) ;
#1317 = VECTOR ( 'NONE', #2091, 39.37007874015748143 ) ;
#1318 = ORIENTED_EDGE ( 'NONE', *, *, #3881, .T. ) ;
#1319 = SURFACE_SIDE_STYLE ('',( #3211 ) ) ;
#1320 = CARTESIAN_POINT ( 'NONE',  ( 0.000000000000000000, -0.1455121917929817765, 0.1555118110236229090 ) ) ;
#1321 = CARTESIAN_POINT ( 'NONE',  ( 0.000000000000000000, 0.09842519685039372024, 0.09842519685039372024 ) ) ;
#1322 = SURFACE_STYLE_FILL_AREA ( #1651 ) ;
#1323 = FILL_AREA_STYLE ('',( #4598 ) ) ;
#1324 = STYLED_ITEM ( 'NONE', ( #4056 ), #2104 ) ;
#1325 = DIRECTION ( 'NONE',  ( -0.9995695637461118332, 0.000000000000000000, -0.02933747147263230173 ) ) ;
#1326 = LENGTH_MEASURE_WITH_UNIT ( LENGTH_MEASURE( 0.02539999999999999897 ), #834 );
#1327 = DIMENSIONAL_EXPONENTS ( 1.000000000000000000, 0.000000000000000000, 0.000000000000000000, 0.000000000000000000, 0.000000000000000000, 0.000000000000000000, 0.000000000000000000 ) ;
#1328 = DIRECTION ( 'NONE',  ( 0.9579169604425993301, 0.000000000000000000, 0.2870454613757401074 ) ) ;
#1329 = COLOUR_RGB ( '',0.8588235294117646523, 0.09803921568627450844, 0.09803921568627450844 ) ;
#1330 = SURFACE_STYLE_FILL_AREA ( #3161 ) ;
#1331 = ORIENTED_EDGE ( 'NONE', *, *, #3122, .F. ) ;
#1332 = ADVANCED_FACE ( 'NONE', ( #1686 ), #2594, .T. ) ;
#1333 = VECTOR ( 'NONE', #2938, 39.37007874015748143 ) ;
#1334 =( CONVERSION_BASED_UNIT ( 'INCH', #5500 ) LENGTH_UNIT ( ) NAMED_UNIT ( #2086 ) );
#1335 = CARTESIAN_POINT ( 'NONE',  ( 0.4557098368097083907, 0.1555118110236226869, 0.05949999999999944916 ) ) ;
#1336 =( CONVERSION_BASED_UNIT ( 'INCH', #4158 ) LENGTH_UNIT ( ) NAMED_UNIT ( #429 ) );
#1337 =( NAMED_UNIT ( * ) PLANE_ANGLE_UNIT ( ) SI_UNIT ( $, .RADIAN. ) );
#1338 = MECHANICAL_DESIGN_GEOMETRIC_PRESENTATION_REPRESENTATION (  '', ( #3284 ), #3001 ) ;
#1339 = EDGE_CURVE ( 'NONE', #3387, #2479, #4072, .T. ) ;
#1340 = ORIENTED_EDGE ( 'NONE', *, *, #5717, .T. ) ;
#1341 = VERTEX_POINT ( 'NONE', #4519 ) ;
#1342 = EDGE_CURVE ( 'NONE', #3264, #2466, #1807, .T. ) ;
#1343 = CARTESIAN_POINT ( 'NONE',  ( 0.000000000000000000, -0.1555118110236234918, 0.1455121917929812214 ) ) ;
#1344 = ORIENTED_EDGE ( 'NONE', *, *, #3165, .T. ) ;
#1345 = ORIENTED_EDGE ( 'NONE', *, *, #3957, .F. ) ;
#1346 =( CONVERSION_BASED_UNIT ( 'INCH', #4141 ) LENGTH_UNIT ( ) NAMED_UNIT ( #4647 ) );
#1347 =( NAMED_UNIT ( * ) PLANE_ANGLE_UNIT ( ) SI_UNIT ( $, .RADIAN. ) );
#1348 = COLOUR_RGB ( '',0.8588235294117646523, 0.09803921568627450844, 0.09803921568627450844 ) ;
#1349 = CARTESIAN_POINT ( 'NONE',  ( 0.000000000000000000, -0.1555118110236234918, -0.1082677165354330728 ) ) ;
#1350 = SURFACE_STYLE_USAGE ( .BOTH. , #5919 ) ;
#1351 = STYLED_ITEM ( 'NONE', ( #1708 ), #4014 ) ;
#1352 =( CONVERSION_BASED_UNIT ( 'INCH', #5520 ) LENGTH_UNIT ( ) NAMED_UNIT ( #5721 ) );
#1353 = CARTESIAN_POINT ( 'NONE',  ( 0.6161417322834645827, 0.08353543307086616632, -0.004853666185752438141 ) ) ;
#1354 = SURFACE_STYLE_FILL_AREA ( #883 ) ;
#1355 =( NAMED_UNIT ( * ) PLANE_ANGLE_UNIT ( ) SI_UNIT ( $, .RADIAN. ) );
#1356 = EDGE_LOOP ( 'NONE', ( #792, #5495, #1654, #5789 ) ) ;
#1357 = CARTESIAN_POINT ( 'NONE',  ( 6.736246273439711212E-18, 0.1555118110236232976, 0.1069999999999994289 ) ) ;
#1358 = DIRECTION ( 'NONE',  ( 0.000000000000000000, 0.000000000000000000, -1.000000000000000000 ) ) ;
#1359 = EDGE_CURVE ( 'NONE', #4473, #1362, #2262, .T. ) ;
#1360 = PRESENTATION_LAYER_ASSIGNMENT (  '', '', ( #1856 ) ) ;
#1361 = UNCERTAINTY_MEASURE_WITH_UNIT (LENGTH_MEASURE( 1.000000000000000082E-05 ), #3857, 'distance_accuracy_value', 'NONE');
#1362 = VERTEX_POINT ( 'NONE', #1357 ) ;
#1363 = ORIENTED_EDGE ( 'NONE', *, *, #5128, .F. ) ;
#1364 = AXIS2_PLACEMENT_3D ( 'NONE', #1816, #4686, #2278 ) ;
#1365 = LINE ( 'NONE', #2269, #5300 ) ;
#1366 = CARTESIAN_POINT ( 'NONE',  ( 0.9685039370078740717, 0.1371466931045733084, 0.01799999999999950598 ) ) ;
#1367 = UNCERTAINTY_MEASURE_WITH_UNIT (LENGTH_MEASURE( 1.000000000000000082E-05 ), #2114, 'distance_accuracy_value', 'NONE');
#1368 = CIRCLE ( 'NONE', #1280, 0.009999999999999995004 ) ;
#1369 = VECTOR ( 'NONE', #3214, 39.37007874015748143 ) ;
#1370 = EDGE_CURVE ( 'NONE', #3719, #5590, #1667, .T. ) ;
#1371 = ORIENTED_EDGE ( 'NONE', *, *, #3837, .F. ) ;
#1372 = ORIENTED_EDGE ( 'NONE', *, *, #4913, .F. ) ;
#1373 = FILL_AREA_STYLE_COLOUR ( '', #1984 ) ;
#1374 = FILL_AREA_STYLE ('',( #5964 ) ) ;
#1375 = DIRECTION ( 'NONE',  ( 0.000000000000000000, 1.000000000000000000, 3.491481338843132961E-15 ) ) ;
#1376 = AXIS2_PLACEMENT_3D ( 'NONE', #4577, #2282, #4599 ) ;
#1377 = SURFACE_STYLE_FILL_AREA ( #2750 ) ;
#1378 = CARTESIAN_POINT ( 'NONE',  ( 0.6565039370078741277, 0.1398694758552900819, -0.1398694758552906370 ) ) ;
#1379 = PRESENTATION_LAYER_ASSIGNMENT (  '', '', ( #710 ) ) ;
#1380 = DIRECTION ( 'NONE',  ( -0.9995695637461118332, -0.000000000000000000, -0.02933747147263227745 ) ) ;
#1381 = LINE ( 'NONE', #1788, #3026 ) ;
#1382 = SURFACE_STYLE_USAGE ( .BOTH. , #4477 ) ;
#1383 = PRESENTATION_STYLE_ASSIGNMENT (( #5552 ) ) ;
#1384 =( LENGTH_UNIT ( ) NAMED_UNIT ( * ) SI_UNIT ( $, .METRE. ) );
#1385 = VECTOR ( 'NONE', #4798, 39.37007874015748143 ) ;
#1386 = CARTESIAN_POINT ( 'NONE',  ( 0.4879999999999999338, -0.1555118110236234918, -0.08000000000000000167 ) ) ;
#1387 = ORIENTED_EDGE ( 'NONE', *, *, #4279, .F. ) ;
#1388 = CARTESIAN_POINT ( 'NONE',  ( 0.9685039370078740717, 0.000000000000000000, -0.1085540197423983111 ) ) ;
#1389 =( NAMED_UNIT ( * ) PLANE_ANGLE_UNIT ( ) SI_UNIT ( $, .RADIAN. ) );
#1390 = PRESENTATION_LAYER_ASSIGNMENT (  '', '', ( #5389 ) ) ;
#1391 = CARTESIAN_POINT ( 'NONE',  ( 0.4840000000000000968, 0.1745118110236222597, -0.06375924191489040771 ) ) ;
#1392 = ORIENTED_EDGE ( 'NONE', *, *, #3239, .F. ) ;
#1393 = ORIENTED_EDGE ( 'NONE', *, *, #5717, .F. ) ;
#1394 = DIRECTION ( 'NONE',  ( -0.000000000000000000, -0.000000000000000000, -1.000000000000000000 ) ) ;
#1395 = SURFACE_SIDE_STYLE ('',( #5564 ) ) ;
#1396 = DIRECTION ( 'NONE',  ( -0.9999238504775705971, -0.008726203243944238158, -0.008726203243944238158 ) ) ;
#1397 = LENGTH_MEASURE_WITH_UNIT ( LENGTH_MEASURE( 0.02539999999999999897 ), #5565 );
#1398 = SURFACE_SIDE_STYLE ('',( #396 ) ) ;
#1399 = CIRCLE ( 'NONE', #2864, 0.01499999999999997863 ) ;
#1400 = AXIS2_PLACEMENT_3D ( 'NONE', #3244, #2285, #4602 ) ;
#1401 = ORIENTED_EDGE ( 'NONE', *, *, #1, .F. ) ;
#1402 = ORIENTED_EDGE ( 'NONE', *, *, #2429, .T. ) ;
#1403 = SURFACE_SIDE_STYLE ('',( #2357 ) ) ;
#1404 = MECHANICAL_DESIGN_GEOMETRIC_PRESENTATION_REPRESENTATION (  '', ( #1216 ), #3556 ) ;
#1405 = DIMENSIONAL_EXPONENTS ( 1.000000000000000000, 0.000000000000000000, 0.000000000000000000, 0.000000000000000000, 0.000000000000000000, 0.000000000000000000, 0.000000000000000000 ) ;
#1406 = EDGE_CURVE ( 'NONE', #2479, #1500, #786, .T. ) ;
#1407 = PLANE ( 'NONE',  #2069 ) ;
#1408 = CARTESIAN_POINT ( 'NONE',  ( 0.6541409769177861655, 0.1152565960089822483, -5.463695987328526437E-16 ) ) ;
#1409 = DIRECTION ( 'NONE',  ( -0.000000000000000000, -1.000000000000000000, -0.000000000000000000 ) ) ;
#1410 = SURFACE_STYLE_FILL_AREA ( #3023 ) ;
#1411 = VECTOR ( 'NONE', #4022, 39.37007874015747433 ) ;
#1412 = VECTOR ( 'NONE', #4503, 39.37007874015748143 ) ;
#1413 = CARTESIAN_POINT ( 'NONE',  ( 0.6565039370078741277, 0.1170000000000000484, -5.459952369509333517E-16 ) ) ;
#1414 = FILL_AREA_STYLE_COLOUR ( '', #730 ) ;
#1415 = ADVANCED_FACE ( 'NONE', ( #1747 ), #1827, .F. ) ;
#1416 = MECHANICAL_DESIGN_GEOMETRIC_PRESENTATION_REPRESENTATION (  '', ( #2881 ), #5888 ) ;
#1417 = LINE ( 'NONE', #806, #2709 ) ;
#1418 = PRESENTATION_LAYER_ASSIGNMENT (  '', '', ( #4044 ) ) ;
#1419 = ORIENTED_EDGE ( 'NONE', *, *, #1985, .F. ) ;
#1420 = SURFACE_SIDE_STYLE ('',( #5591 ) ) ;
#1421 =( GEOMETRIC_REPRESENTATION_CONTEXT ( 3 ) GLOBAL_UNCERTAINTY_ASSIGNED_CONTEXT ( ( #5688 ) ) GLOBAL_UNIT_ASSIGNED_CONTEXT ( ( #3830, #2555, #1677 ) ) REPRESENTATION_CONTEXT ( 'NONE', 'WORKASPACE' ) );
#1422 = DIRECTION ( 'NONE',  ( 0.000000000000000000, -1.000000000000000000, 0.000000000000000000 ) ) ;
#1423 = UNCERTAINTY_MEASURE_WITH_UNIT (LENGTH_MEASURE( 1.000000000000000082E-05 ), #3390, 'distance_accuracy_value', 'NONE');
#1424 = LINE ( 'NONE', #959, #3485 ) ;
#1425 =( CONVERSION_BASED_UNIT ( 'INCH', #3739 ) LENGTH_UNIT ( ) NAMED_UNIT ( #3988 ) );
#1426 = FACE_OUTER_BOUND ( 'NONE', #5531, .T. ) ;
#1427 = VERTEX_POINT ( 'NONE', #5223 ) ;
#1428 = VECTOR ( 'NONE', #3241, 39.37007874015748854 ) ;
#1429 = ORIENTED_EDGE ( 'NONE', *, *, #848, .T. ) ;
#1430 = SURFACE_SIDE_STYLE ('',( #2474 ) ) ;
#1431 =( CONVERSION_BASED_UNIT ( 'INCH', #1397 ) LENGTH_UNIT ( ) NAMED_UNIT ( #1057 ) );
#1432 = UNCERTAINTY_MEASURE_WITH_UNIT (LENGTH_MEASURE( 1.000000000000000082E-05 ), #5160, 'distance_accuracy_value', 'NONE');
#1433 =( NAMED_UNIT ( * ) PLANE_ANGLE_UNIT ( ) SI_UNIT ( $, .RADIAN. ) );
#1434 = LINE ( 'NONE', #4681, #3469 ) ;
#1435 = ORIENTED_EDGE ( 'NONE', *, *, #2795, .F. ) ;
#1436 = VERTEX_POINT ( 'NONE', #3705 ) ;
#1437 = PRESENTATION_LAYER_ASSIGNMENT (  '', '', ( #845 ) ) ;
#1438 = SURFACE_STYLE_FILL_AREA ( #2967 ) ;
#1439 = SURFACE_SIDE_STYLE ('',( #3692 ) ) ;
#1440 = DIRECTION ( 'NONE',  ( 0.008726535498371386368, 0.000000000000000000, -0.9999619230641713097 ) ) ;
#1441 =( NAMED_UNIT ( * ) SI_UNIT ( $, .STERADIAN. ) SOLID_ANGLE_UNIT ( ) );
#1442 = SURFACE_STYLE_USAGE ( .BOTH. , #4204 ) ;
#1443 = EDGE_CURVE ( 'NONE', #690, #1132, #1456, .T. ) ;
#1444 =( NAMED_UNIT ( * ) PLANE_ANGLE_UNIT ( ) SI_UNIT ( $, .RADIAN. ) );
#1445 = COLOUR_RGB ( '',0.8588235294117646523, 0.09803921568627450844, 0.09803921568627450844 ) ;
#1446 = FILL_AREA_STYLE_COLOUR ( '', #3512 ) ;
#1447 = SURFACE_SIDE_STYLE ('',( #1477 ) ) ;
#1448 = PRESENTATION_LAYER_ASSIGNMENT (  '', '', ( #1547 ) ) ;
#1449 = LENGTH_MEASURE_WITH_UNIT ( LENGTH_MEASURE( 0.02539999999999999897 ), #4604 );
#1450 =( NAMED_UNIT ( * ) SI_UNIT ( $, .STERADIAN. ) SOLID_ANGLE_UNIT ( ) );
#1451 = DIMENSIONAL_EXPONENTS ( 1.000000000000000000, 0.000000000000000000, 0.000000000000000000, 0.000000000000000000, 0.000000000000000000, 0.000000000000000000, 0.000000000000000000 ) ;
#1452 = CARTESIAN_POINT ( 'NONE',  ( 0.3474196816907006435, -0.09547244094488185895, -0.07247357983688917926 ) ) ;
#1453 = ADVANCED_FACE ( 'NONE', ( #987 ), #2340, .T. ) ;
#1454 = CIRCLE ( 'NONE', #4852, 0.01000000000000002970 ) ;
#1455 = ORIENTED_EDGE ( 'NONE', *, *, #5693, .F. ) ;
#1456 = LINE ( 'NONE', #1388, #2386 ) ;
#1457 = CARTESIAN_POINT ( 'NONE',  ( 0.4730303448853973580, -0.04217949192431132838, 0.1555118110236226869 ) ) ;
#1458 = CARTESIAN_POINT ( 'NONE',  ( 0.9685039370078740717, -0.1371466931045766113, 0.01799999999999950598 ) ) ;
#1459 = CARTESIAN_POINT ( 'NONE',  ( 0.9389763779527559029, -0.08353543307086615244, -0.07086614173228346358 ) ) ;
#1460 = EDGE_CURVE ( 'NONE', #1555, #2405, #3646, .T. ) ;
#1461 = EDGE_LOOP ( 'NONE', ( #5130, #452, #5796, #5541, #3172, #218 ) ) ;
#1462 = LENGTH_MEASURE_WITH_UNIT ( LENGTH_MEASURE( 0.02539999999999999897 ), #5632 );
#1463 = MECHANICAL_DESIGN_GEOMETRIC_PRESENTATION_REPRESENTATION (  '', ( #2541 ), #4975 ) ;
#1464 = DIRECTION ( 'NONE',  ( 0.9999492317187643753, 0.008726424742680500418, 0.005038203674249653284 ) ) ;
#1465 = DIRECTION ( 'NONE',  ( 4.674918761062074908E-19, 3.491481338843132961E-15, 1.000000000000000000 ) ) ;
#1466 = ORIENTED_EDGE ( 'NONE', *, *, #3915, .F. ) ;
#1467 = ORIENTED_EDGE ( 'NONE', *, *, #5532, .T. ) ;
#1468 = CARTESIAN_POINT ( 'NONE',  ( 0.000000000000000000, -0.1555118110236234918, -0.1455121917929790565 ) ) ;
#1469 = PLANE ( 'NONE',  #5260 ) ;
#1470 = SURFACE_STYLE_USAGE ( .BOTH. , #3914 ) ;
#1471 = VECTOR ( 'NONE', #1060, 39.37007874015748143 ) ;
#1472 = VECTOR ( 'NONE', #3608, 39.37007874015748143 ) ;
#1473 = LINE ( 'NONE', #1349, #1923 ) ;
#1474 = EDGE_LOOP ( 'NONE', ( #3281, #3177, #2419, #5351 ) ) ;
#1475 = LINE ( 'NONE', #1509, #2445 ) ;
#1476 = PLANE ( 'NONE',  #3740 ) ;
#1477 = SURFACE_STYLE_FILL_AREA ( #3217 ) ;
#1478 = CARTESIAN_POINT ( 'NONE',  ( 0.4881889763779527769, -0.1305118110236235252, 0.07299999999999999545 ) ) ;
#1479 = PRESENTATION_STYLE_ASSIGNMENT (( #1882 ) ) ;
#1480 = VECTOR ( 'NONE', #3342, 39.37007874015748143 ) ;
#1481 = LENGTH_MEASURE_WITH_UNIT ( LENGTH_MEASURE( 0.02539999999999999897 ), #2945 );
#1482 = ORIENTED_EDGE ( 'NONE', *, *, #4751, .T. ) ;
#1483 = CARTESIAN_POINT ( 'NONE',  ( 0.6565039370078741277, 0.1170000000000000484, 1.213184216936841517E-31 ) ) ;
#1484 = CARTESIAN_POINT ( 'NONE',  ( 0.9585912023628577749, -0.1471463123352182989, 0.01242408676217784252 ) ) ;
#1485 = COLOUR_RGB ( '',1.000000000000000000, 0.9490196078431372140, 0.9098039215686274384 ) ;
#1486 = EDGE_CURVE ( 'NONE', #2939, #3540, #180, .T. ) ;
#1487 = ADVANCED_FACE ( 'NONE', ( #2496 ), #2586, .F. ) ;
#1488 = LINE ( 'NONE', #4698, #1235 ) ;
#1489 = LINE ( 'NONE', #2954, #1647 ) ;
#1490 = DIRECTION ( 'NONE',  ( 0.9984709653832553045, -0.05527866936377882207, 0.000000000000000000 ) ) ;
#1491 = DIMENSIONAL_EXPONENTS ( 1.000000000000000000, 0.000000000000000000, 0.000000000000000000, 0.000000000000000000, 0.000000000000000000, 0.000000000000000000, 0.000000000000000000 ) ;
#1492 = EDGE_LOOP ( 'NONE', ( #338, #1371, #4441, #3052 ) ) ;
#1493 = ORIENTED_EDGE ( 'NONE', *, *, #2502, .T. ) ;
#1494 = EDGE_CURVE ( 'NONE', #459, #2428, #382, .T. ) ;
#1495 = EDGE_CURVE ( 'NONE', #4400, #1806, #5061, .T. ) ;
#1496 = DIRECTION ( 'NONE',  ( -0.9999238504775705971, 0.008726203243944236423, -0.008726203243944238158 ) ) ;
#1497 = UNCERTAINTY_MEASURE_WITH_UNIT (LENGTH_MEASURE( 1.000000000000000082E-05 ), #56, 'distance_accuracy_value', 'NONE');
#1498 = LINE ( 'NONE', #4929, #1242 ) ;
#1499 = MECHANICAL_DESIGN_GEOMETRIC_PRESENTATION_REPRESENTATION (  '', ( #2667 ), #727 ) ;
#1500 = VERTEX_POINT ( 'NONE', #1790 ) ;
#1501 = VERTEX_POINT ( 'NONE', #3157 ) ;
#1502 = CARTESIAN_POINT ( 'NONE',  ( -0.0001745174200432957285, -0.1455129532302180395, -0.1455129532302152917 ) ) ;
#1503 = CARTESIAN_POINT ( 'NONE',  ( 0.9585039370078740628, -0.1371466931045766113, 0.1371466931045760285 ) ) ;
#1504 = CARTESIAN_POINT ( 'NONE',  ( 0.6066917420637489844, -0.08448640609338113616, -0.1502172924008852717 ) ) ;
#1505 = CARTESIAN_POINT ( 'NONE',  ( 0.5884414010956743324, -0.07874015748031494566, -0.07379977845660166957 ) ) ;
#1506 = PLANE ( 'NONE',  #5605 ) ;
#1507 = ORIENTED_EDGE ( 'NONE', *, *, #5283, .T. ) ;
#1508 = STYLED_ITEM ( 'NONE', ( #5180 ), #551 ) ;
#1509 = CARTESIAN_POINT ( 'NONE',  ( 0.4874641016151377571, 0.05661324865405181067, 0.1805118110236224871 ) ) ;
#1510 =( NAMED_UNIT ( * ) SI_UNIT ( $, .STERADIAN. ) SOLID_ANGLE_UNIT ( ) );
#1511 = PRESENTATION_STYLE_ASSIGNMENT (( #198 ) ) ;
#1512 = VECTOR ( 'NONE', #333, 39.37007874015748143 ) ;
#1513 = VECTOR ( 'NONE', #908, 39.37007874015748143 ) ;
#1514 =( LENGTH_UNIT ( ) NAMED_UNIT ( * ) SI_UNIT ( $, .METRE. ) );
#1515 = ORIENTED_EDGE ( 'NONE', *, *, #4423, .F. ) ;
#1516 = STYLED_ITEM ( 'NONE', ( #78 ), #1568 ) ;
#1517 = AXIS2_PLACEMENT_3D ( 'NONE', #5900, #1746, #809 ) ;
#1518 = CYLINDRICAL_SURFACE ( 'NONE', #5086, 0.05000000000000007910 ) ;
#1519 = CARTESIAN_POINT ( 'NONE',  ( 0.3474196816907006435, 0.09547244094488190058, -0.07247357983688917926 ) ) ;
#1520 =( CONVERSION_BASED_UNIT ( 'INCH', #5156 ) LENGTH_UNIT ( ) NAMED_UNIT ( #4349 ) );
#1521 =( CONVERSION_BASED_UNIT ( 'INCH', #3708 ) LENGTH_UNIT ( ) NAMED_UNIT ( #4021 ) );
#1522 =( LENGTH_UNIT ( ) NAMED_UNIT ( * ) SI_UNIT ( $, .METRE. ) );
#1523 = ORIENTED_EDGE ( 'NONE', *, *, #842, .T. ) ;
#1524 =( NAMED_UNIT ( * ) PLANE_ANGLE_UNIT ( ) SI_UNIT ( $, .RADIAN. ) );
#1525 = CARTESIAN_POINT ( 'NONE',  ( 0.6276428471321302549, 0.1500344548768826891, -0.1400348356462415289 ) ) ;
#1526 = CARTESIAN_POINT ( 'NONE',  ( 6.736246273439711212E-18, 0.1555118110236232976, 0.1069999999999994289 ) ) ;
#1527 = CARTESIAN_POINT ( 'NONE',  ( 0.6275555950670709260, -0.1500352163141221995, 0.1400355970834799291 ) ) ;
#1528 = EDGE_CURVE ( 'NONE', #1700, #3442, #2698, .T. ) ;
#1529 = MECHANICAL_DESIGN_GEOMETRIC_PRESENTATION_REPRESENTATION (  '', ( #5212 ), #2991 ) ;
#1530 = VERTEX_POINT ( 'NONE', #1767 ) ;
#1531 = EDGE_CURVE ( 'NONE', #4901, #1719, #5437, .T. ) ;
#1532 = VERTEX_POINT ( 'NONE', #4548 ) ;
#1533 = DIMENSIONAL_EXPONENTS ( 1.000000000000000000, 0.000000000000000000, 0.000000000000000000, 0.000000000000000000, 0.000000000000000000, 0.000000000000000000, 0.000000000000000000 ) ;
#1534 = COLOUR_RGB ( '',0.8588235294117646523, 0.09803921568627450844, 0.09803921568627450844 ) ;
#1535 =( LENGTH_UNIT ( ) NAMED_UNIT ( * ) SI_UNIT ( $, .METRE. ) );
#1536 = DIRECTION ( 'NONE',  ( -0.000000000000000000, -0.000000000000000000, 1.000000000000000000 ) ) ;
#1537 = LENGTH_MEASURE_WITH_UNIT ( LENGTH_MEASURE( 0.02539999999999999897 ), #5208 );
#1538 = EDGE_LOOP ( 'NONE', ( #571, #5159, #3917, #4814 ) ) ;
#1539 = VECTOR ( 'NONE', #2028, 39.37007874015748143 ) ;
#1540 = DIRECTION ( 'NONE',  ( 0.4472135954999552632, 0.4472135954999574836, 0.7745966692414852917 ) ) ;
#1541 = PRESENTATION_STYLE_ASSIGNMENT (( #5278 ) ) ;
#1542 = SURFACE_STYLE_FILL_AREA ( #2490 ) ;
#1543 = PRESENTATION_LAYER_ASSIGNMENT (  '', '', ( #3100 ) ) ;
#1544 = FILL_AREA_STYLE_COLOUR ( '', #1445 ) ;
#1545 = SURFACE_STYLE_FILL_AREA ( #5703 ) ;
#1546 = VERTEX_POINT ( 'NONE', #325 ) ;
#1547 = STYLED_ITEM ( 'NONE', ( #4665 ), #3537 ) ;
#1548 =( NAMED_UNIT ( * ) SI_UNIT ( $, .STERADIAN. ) SOLID_ANGLE_UNIT ( ) );
#1549 = LINE ( 'NONE', #148, #2810 ) ;
#1550 =( NAMED_UNIT ( * ) SI_UNIT ( $, .STERADIAN. ) SOLID_ANGLE_UNIT ( ) );
#1551 = CARTESIAN_POINT ( 'NONE',  ( 0.9685039370078740717, 0.1180000000000000354, 0.01799999999999950598 ) ) ;
#1552 = CARTESIAN_POINT ( 'NONE',  ( 0.4881889763779527769, 0.06102596364055228040, -0.1512514503698644819 ) ) ;
#1553 = COLOUR_RGB ( '',0.8588235294117646523, 0.09803921568627450844, 0.09803921568627450844 ) ;
#1554 = SURFACE_STYLE_FILL_AREA ( #2989 ) ;
#1555 = VERTEX_POINT ( 'NONE', #2201 ) ;
#1556 = EDGE_LOOP ( 'NONE', ( #5177, #3950, #489, #2857, #40 ) ) ;
#1557 =( GEOMETRIC_REPRESENTATION_CONTEXT ( 3 ) GLOBAL_UNCERTAINTY_ASSIGNED_CONTEXT ( ( #702 ) ) GLOBAL_UNIT_ASSIGNED_CONTEXT ( ( #1206, #4037, #1294 ) ) REPRESENTATION_CONTEXT ( 'NONE', 'WORKASPACE' ) );
#1558 = CARTESIAN_POINT ( 'NONE',  ( 0.6565039370078741277, -0.1555118110236234918, -5.463695987328526437E-16 ) ) ;
#1559 = CARTESIAN_POINT ( 'NONE',  ( 0.9685039370078740717, 0.1080003807693582507, 0.1210000000000000103 ) ) ;
#1560 = LENGTH_MEASURE_WITH_UNIT ( LENGTH_MEASURE( 0.02539999999999999897 ), #583 );
#1561 = ORIENTED_EDGE ( 'NONE', *, *, #2614, .F. ) ;
#1562 = ORIENTED_EDGE ( 'NONE', *, *, #1985, .T. ) ;
#1563 = MECHANICAL_DESIGN_GEOMETRIC_PRESENTATION_REPRESENTATION (  '', ( #4174 ), #1569 ) ;
#1564 = LENGTH_MEASURE_WITH_UNIT ( LENGTH_MEASURE( 0.02539999999999999897 ), #2032 );
#1565 = PLANE ( 'NONE',  #1964 ) ;
#1566 = ADVANCED_FACE ( 'NONE', ( #4038 ), #3128, .T. ) ;
#1567 = CARTESIAN_POINT ( 'NONE',  ( 0.6161417322834645827, -0.07690905344307664981, -0.004853666185752438141 ) ) ;
#1568 = ADVANCED_FACE ( 'NONE', ( #2847 ), #4691, .T. ) ;
#1569 =( GEOMETRIC_REPRESENTATION_CONTEXT ( 3 ) GLOBAL_UNCERTAINTY_ASSIGNED_CONTEXT ( ( #506 ) ) GLOBAL_UNIT_ASSIGNED_CONTEXT ( ( #1431, #5104, #2242 ) ) REPRESENTATION_CONTEXT ( 'NONE', 'WORKASPACE' ) );
#1570 = ORIENTED_EDGE ( 'NONE', *, *, #2359, .F. ) ;
#1571 = CARTESIAN_POINT ( 'NONE',  ( 0.000000000000000000, 0.000000000000000000, 0.000000000000000000 ) ) ;
#1572 = CARTESIAN_POINT ( 'NONE',  ( 0.4881889763779527769, -0.1305118110236235252, 0.07299999999999999545 ) ) ;
#1573 = PLANE ( 'NONE',  #2677 ) ;
#1574 = MECHANICAL_DESIGN_GEOMETRIC_PRESENTATION_REPRESENTATION (  '', ( #2454 ), #113 ) ;
#1575 = FILL_AREA_STYLE ('',( #4816 ) ) ;
#1576 = DIMENSIONAL_EXPONENTS ( 1.000000000000000000, 0.000000000000000000, 0.000000000000000000, 0.000000000000000000, 0.000000000000000000, 0.000000000000000000, 0.000000000000000000 ) ;
#1577 = SURFACE_SIDE_STYLE ('',( #2402 ) ) ;
#1578 = PRESENTATION_LAYER_ASSIGNMENT (  '', '', ( #3130 ) ) ;
#1579 = VECTOR ( 'NONE', #901, 39.37007874015748143 ) ;
#1580 = ORIENTED_EDGE ( 'NONE', *, *, #712, .F. ) ;
#1581 = CARTESIAN_POINT ( 'NONE',  ( 0.4881889763779527769, 0.07300000000000045342, -0.1305118110236232476 ) ) ;
#1582 = PLANE ( 'NONE',  #1055 ) ;
#1583 = PRESENTATION_LAYER_ASSIGNMENT (  '', '', ( #3709 ) ) ;
#1584 =( LENGTH_UNIT ( ) NAMED_UNIT ( * ) SI_UNIT ( $, .METRE. ) );
#1585 = CARTESIAN_POINT ( 'NONE',  ( 0.6465039370078740077, -0.1398694758552933570, -0.1398694758552906370 ) ) ;
#1586 = CARTESIAN_POINT ( 'NONE',  ( 0.4840000000000000413, -0.05949999999999999734, 0.1555118110236224649 ) ) ;
#1587 = AXIS2_PLACEMENT_3D ( 'NONE', #4283, #5126, #1958 ) ;
#1588 = ORIENTED_EDGE ( 'NONE', *, *, #2181, .T. ) ;
#1589 = CARTESIAN_POINT ( 'NONE',  ( 0.6276428471321305880, -0.1500344548768859643, -0.1400348356462415012 ) ) ;
#1590 = DIRECTION ( 'NONE',  ( 0.000000000000000000, 1.707404996040165350E-15, 1.000000000000000000 ) ) ;
#1591 = CARTESIAN_POINT ( 'NONE',  ( 0.4879999999999999338, -0.1555118110236234918, 0.08000000000000000167 ) ) ;
#1592 = FILL_AREA_STYLE ('',( #2504 ) ) ;
#1593 = COLOUR_RGB ( '',0.8588235294117646523, 0.09803921568627450844, 0.09803921568627450844 ) ;
#1594 = DIRECTION ( 'NONE',  ( 0.000000000000000000, 0.000000000000000000, 1.000000000000000000 ) ) ;
#1595 = CARTESIAN_POINT ( 'NONE',  ( 0.6565039370078741277, -0.1152772172492832342, 0.1141353317264273137 ) ) ;
#1596 =( LENGTH_UNIT ( ) NAMED_UNIT ( * ) SI_UNIT ( $, .METRE. ) );
#1597 = ORIENTED_EDGE ( 'NONE', *, *, #4638, .F. ) ;
#1598 = ORIENTED_EDGE ( 'NONE', *, *, #4600, .F. ) ;
#1599 = SURFACE_STYLE_FILL_AREA ( #2071 ) ;
#1600 = PRESENTATION_STYLE_ASSIGNMENT (( #4846 ) ) ;
#1601 = PRESENTATION_STYLE_ASSIGNMENT (( #4813 ) ) ;
#1602 = DIMENSIONAL_EXPONENTS ( 1.000000000000000000, 0.000000000000000000, 0.000000000000000000, 0.000000000000000000, 0.000000000000000000, 0.000000000000000000, 0.000000000000000000 ) ;
#1603 = EDGE_LOOP ( 'NONE', ( #2234, #3530, #2300, #183, #5075, #4012, #4809, #1507, #2745, #4074, #2675, #371 ) ) ;
#1604 = EDGE_CURVE ( 'NONE', #4341, #2768, #2082, .T. ) ;
#1605 = CARTESIAN_POINT ( 'NONE',  ( 0.5282606005958296880, 0.1509017506031535838, 0.1435792815060238370 ) ) ;
#1606 = FILL_AREA_STYLE_COLOUR ( '', #2211 ) ;
#1607 = DIRECTION ( 'NONE',  ( 0.000000000000000000, 0.000000000000000000, 1.000000000000000000 ) ) ;
#1608 = VECTOR ( 'NONE', #777, 39.37007874015748143 ) ;
#1609 = ADVANCED_FACE ( 'NONE', ( #5699 ), #1141, .T. ) ;
#1610 = PLANE ( 'NONE',  #23 ) ;
#1611 = ORIENTED_EDGE ( 'NONE', *, *, #77, .F. ) ;
#1612 = EDGE_CURVE ( 'NONE', #4473, #5704, #1024, .T. ) ;
#1613 = LENGTH_MEASURE_WITH_UNIT ( LENGTH_MEASURE( 0.02539999999999999897 ), #145 );
#1614 = PRESENTATION_STYLE_ASSIGNMENT (( #5285 ) ) ;
#1615 = COLOUR_RGB ( '',0.8588235294117646523, 0.09803921568627450844, 0.09803921568627450844 ) ;
#1616 = COLOUR_RGB ( '',0.8588235294117646523, 0.09803921568627450844, 0.09803921568627450844 ) ;
#1617 = DIRECTION ( 'NONE',  ( 0.9993598575007298646, 0.03489841522308891747, -0.007872472993791828494 ) ) ;
#1618 =( LENGTH_UNIT ( ) NAMED_UNIT ( * ) SI_UNIT ( $, .METRE. ) );
#1619 = DIRECTION ( 'NONE',  ( -0.000000000000000000, 1.000000000000000000, -0.000000000000000000 ) ) ;
#1620 = DIRECTION ( 'NONE',  ( 0.9983265198117633465, 0.05782871121279575810, 0.000000000000000000 ) ) ;
#1621 = FILL_AREA_STYLE ('',( #3528 ) ) ;
#1622 = EDGE_LOOP ( 'NONE', ( #2852, #5028, #3296, #2620 ) ) ;
#1623 = DIRECTION ( 'NONE',  ( 0.000000000000000000, 0.000000000000000000, -1.000000000000000000 ) ) ;
#1624 = DIRECTION ( 'NONE',  ( -0.000000000000000000, -1.000000000000000000, -0.000000000000000000 ) ) ;
#1625 = UNCERTAINTY_MEASURE_WITH_UNIT (LENGTH_MEASURE( 1.000000000000000082E-05 ), #4849, 'distance_accuracy_value', 'NONE');
#1626 = DIRECTION ( 'NONE',  ( 0.000000000000000000, 0.000000000000000000, 1.000000000000000000 ) ) ;
#1627 = FILL_AREA_STYLE ('',( #4406 ) ) ;
#1628 =( BOUNDED_CURVE ( )  B_SPLINE_CURVE ( 3, ( #2241, #4162, #394, #5505 ),
 .UNSPECIFIED., .F., .T. ) 
 B_SPLINE_CURVE_WITH_KNOTS ( ( 4, 4 ),
 ( 2.482534617763380691, 3.800650689416205097 ),
 .UNSPECIFIED. ) 
 CURVE ( )  GEOMETRIC_REPRESENTATION_ITEM ( )  RATIONAL_B_SPLINE_CURVE ( ( 1.000000000000000000, 0.8603796100280618475, 0.8603796100280618475, 1.000000000000000000 ) ) 
 REPRESENTATION_ITEM ( '' )  );
#1629 = ORIENTED_EDGE ( 'NONE', *, *, #5577, .F. ) ;
#1630 =( GEOMETRIC_REPRESENTATION_CONTEXT ( 3 ) GLOBAL_UNCERTAINTY_ASSIGNED_CONTEXT ( ( #4289 ) ) GLOBAL_UNIT_ASSIGNED_CONTEXT ( ( #2536, #4771, #5687 ) ) REPRESENTATION_CONTEXT ( 'NONE', 'WORKASPACE' ) );
#1631 = ORIENTED_EDGE ( 'NONE', *, *, #5728, .T. ) ;
#1632 =( NAMED_UNIT ( * ) PLANE_ANGLE_UNIT ( ) SI_UNIT ( $, .RADIAN. ) );
#1633 = CARTESIAN_POINT ( 'NONE',  ( 6.636203011952983232E-18, 0.1069999999999999840, 0.1555118110236226869 ) ) ;
#1634 = CARTESIAN_POINT ( 'NONE',  ( 6.736246273439711212E-18, 0.1555118110236232976, 0.1069999999999994289 ) ) ;
#1635 =( CONVERSION_BASED_UNIT ( 'INCH', #5725 ) LENGTH_UNIT ( ) NAMED_UNIT ( #4429 ) );
#1636 = SURFACE_STYLE_USAGE ( .BOTH. , #2003 ) ;
#1637 = AXIS2_PLACEMENT_3D ( 'NONE', #5098, #2706, #1358 ) ;
#1638 = ORIENTED_EDGE ( 'NONE', *, *, #2395, .F. ) ;
#1639 = CARTESIAN_POINT ( 'NONE',  ( 0.4666794919243111850, 0.07046965511460284715, 0.1745118110236224540 ) ) ;
#1640 = DIRECTION ( 'NONE',  ( 0.05782871121279575810, -0.000000000000000000, 0.9983265198117633465 ) ) ;
#1641 = SURFACE_STYLE_FILL_AREA ( #2944 ) ;
#1642 = SURFACE_STYLE_USAGE ( .BOTH. , #4854 ) ;
#1643 = AXIS2_PLACEMENT_3D ( 'NONE', #5391, #2127, #1626 ) ;
#1644 = ORIENTED_EDGE ( 'NONE', *, *, #3761, .F. ) ;
#1645 = SURFACE_STYLE_USAGE ( .BOTH. , #4949 ) ;
#1646 = DIMENSIONAL_EXPONENTS ( 1.000000000000000000, 0.000000000000000000, 0.000000000000000000, 0.000000000000000000, 0.000000000000000000, 0.000000000000000000, 0.000000000000000000 ) ;
#1647 = VECTOR ( 'NONE', #4217, 39.37007874015748854 ) ;
#1648 = CARTESIAN_POINT ( 'NONE',  ( 0.9585912023628577749, 0.1471463123352150515, 0.01799999999999950598 ) ) ;
#1649 = EDGE_CURVE ( 'NONE', #1202, #5045, #1260, .T. ) ;
#1650 = DIRECTION ( 'NONE',  ( -0.000000000000000000, -0.000000000000000000, 1.000000000000000000 ) ) ;
#1651 = FILL_AREA_STYLE ('',( #3928 ) ) ;
#1652 = ADVANCED_FACE ( 'NONE', ( #5942 ), #5916, .T. ) ;
#1653 =( CONVERSION_BASED_UNIT ( 'INCH', #1148 ) LENGTH_UNIT ( ) NAMED_UNIT ( #4323 ) );
#1654 = ORIENTED_EDGE ( 'NONE', *, *, #4123, .T. ) ;
#1655 = STYLED_ITEM ( 'NONE', ( #244 ), #3835 ) ;
#1656 = DIRECTION ( 'NONE',  ( 1.000000000000000000, 0.000000000000000000, 0.000000000000000000 ) ) ;
#1657 = CARTESIAN_POINT ( 'NONE',  ( 0.5289690650690879181, 0.1460203747737258140, -0.1498758139096889042 ) ) ;
#1658 = DIRECTION ( 'NONE',  ( 0.000000000000000000, 0.000000000000000000, 1.000000000000000000 ) ) ;
#1659 = CARTESIAN_POINT ( 'NONE',  ( 0.000000000000000000, -0.000000000000000000, -0.09842519685039369248 ) ) ;
#1660 = ORIENTED_EDGE ( 'NONE', *, *, #3094, .T. ) ;
#1661 = MECHANICAL_DESIGN_GEOMETRIC_PRESENTATION_REPRESENTATION (  '', ( #3207 ), #2629 ) ;
#1662 = EDGE_LOOP ( 'NONE', ( #3779, #4478, #2022, #2501 ) ) ;
#1663 = LENGTH_MEASURE_WITH_UNIT ( LENGTH_MEASURE( 0.02539999999999999897 ), #5753 );
#1664 =( LENGTH_UNIT ( ) NAMED_UNIT ( * ) SI_UNIT ( $, .METRE. ) );
#1665 = SURFACE_STYLE_USAGE ( .BOTH. , #5816 ) ;
#1666 = DIRECTION ( 'NONE',  ( -0.008726535498373955493, -0.9999619230641713097, 0.000000000000000000 ) ) ;
#1667 =( BOUNDED_CURVE ( )  B_SPLINE_CURVE ( 3, ( #1245, #2236, #892, #447 ),
 .UNSPECIFIED., .F., .T. ) 
 B_SPLINE_CURVE_WITH_KNOTS ( ( 4, 4 ),
 ( 2.356232566403285489, 3.926952740776307405 ),
 .UNSPECIFIED. ) 
 CURVE ( )  GEOMETRIC_REPRESENTATION_ITEM ( )  RATIONAL_B_SPLINE_CURVE ( ( 1.000000000000000000, 0.8047558030806103435, 0.8047558030806103435, 1.000000000000000000 ) ) 
 REPRESENTATION_ITEM ( '' )  );
#1668 = DIRECTION ( 'NONE',  ( 0.008726535498373955493, 0.9999619230641713097, -2.995333304017011369E-16 ) ) ;
#1669 = VERTEX_POINT ( 'NONE', #2392 ) ;
#1670 = DIRECTION ( 'NONE',  ( -1.000000000000000000, 0.000000000000000000, 0.000000000000000000 ) ) ;
#1671 = SURFACE_STYLE_FILL_AREA ( #4976 ) ;
#1672 = CARTESIAN_POINT ( 'NONE',  ( 0.6565039370078741277, -0.1170000000000000484, 1.213184216936841517E-31 ) ) ;
#1673 = STYLED_ITEM ( 'NONE', ( #5103 ), #5201 ) ;
#1674 = EDGE_LOOP ( 'NONE', ( #3192, #2384, #2510 ) ) ;
#1675 = DIRECTION ( 'NONE',  ( 0.000000000000000000, -0.8660254037844361541, 0.5000000000000041078 ) ) ;
#1676 = DIRECTION ( 'NONE',  ( 0.000000000000000000, -0.5000000000000041078, -0.8660254037844362651 ) ) ;
#1677 =( NAMED_UNIT ( * ) SI_UNIT ( $, .STERADIAN. ) SOLID_ANGLE_UNIT ( ) );
#1678 = DIRECTION ( 'NONE',  ( -0.000000000000000000, 1.000000000000000000, 0.000000000000000000 ) ) ;
#1679 = COLOUR_RGB ( '',0.8588235294117646523, 0.09803921568627450844, 0.09803921568627450844 ) ;
#1680 = VECTOR ( 'NONE', #1047, 39.37007874015748143 ) ;
#1681 = FILL_AREA_STYLE ('',( #754 ) ) ;
#1682 = CARTESIAN_POINT ( 'NONE',  ( 0.3478816891154665192, -0.09547244094488185895, -0.08821483280926889492 ) ) ;
#1683 = VERTEX_POINT ( 'NONE', #910 ) ;
#1684 = COLOUR_RGB ( '',0.8588235294117646523, 0.09803921568627450844, 0.09803921568627450844 ) ;
#1685 = EDGE_CURVE ( 'NONE', #1546, #841, #1020, .T. ) ;
#1686 = FACE_OUTER_BOUND ( 'NONE', #1720, .T. ) ;
#1687 = UNCERTAINTY_MEASURE_WITH_UNIT (LENGTH_MEASURE( 1.000000000000000082E-05 ), #269, 'distance_accuracy_value', 'NONE');
#1688 = DIMENSIONAL_EXPONENTS ( 1.000000000000000000, 0.000000000000000000, 0.000000000000000000, 0.000000000000000000, 0.000000000000000000, 0.000000000000000000, 0.000000000000000000 ) ;
#1689 = FACE_OUTER_BOUND ( 'NONE', #5053, .T. ) ;
#1690 = FILL_AREA_STYLE_COLOUR ( '', #1553 ) ;
#1691 = ADVANCED_FACE ( 'NONE', ( #2874 ), #2306, .T. ) ;
#1692 = VERTEX_POINT ( 'NONE', #683 ) ;
#1693 = ORIENTED_EDGE ( 'NONE', *, *, #3505, .F. ) ;
#1694 = EDGE_CURVE ( 'NONE', #5904, #4996, #3947, .T. ) ;
#1695 = CARTESIAN_POINT ( 'NONE',  ( 0.9585912023628577749, 0.1470598052105230868, 0.1471463123352172442 ) ) ;
#1696 = AXIS2_PLACEMENT_3D ( 'NONE', #5835, #5292, #2955 ) ;
#1697 =( CONVERSION_BASED_UNIT ( 'INCH', #5374 ) LENGTH_UNIT ( ) NAMED_UNIT ( #2345 ) );
#1698 = SURFACE_SIDE_STYLE ('',( #3116 ) ) ;
#1699 =( CONVERSION_BASED_UNIT ( 'INCH', #4968 ) LENGTH_UNIT ( ) NAMED_UNIT ( #3464 ) );
#1700 = VERTEX_POINT ( 'NONE', #5671 ) ;
#1701 = LINE ( 'NONE', #400, #5662 ) ;
#1702 = LINE ( 'NONE', #2610, #1117 ) ;
#1703 =( CONVERSION_BASED_UNIT ( 'INCH', #4451 ) LENGTH_UNIT ( ) NAMED_UNIT ( #173 ) );
#1704 = PLANE ( 'NONE',  #4643 ) ;
#1705 =( GEOMETRIC_REPRESENTATION_CONTEXT ( 3 ) GLOBAL_UNCERTAINTY_ASSIGNED_CONTEXT ( ( #2959 ) ) GLOBAL_UNIT_ASSIGNED_CONTEXT ( ( #5131, #548, #4312 ) ) REPRESENTATION_CONTEXT ( 'NONE', 'WORKASPACE' ) );
#1706 = VERTEX_POINT ( 'NONE', #3815 ) ;
#1707 = CARTESIAN_POINT ( 'NONE',  ( 0.4733497035020817201, 0.07874015748031498729, -0.06877752049651320032 ) ) ;
#1708 = PRESENTATION_STYLE_ASSIGNMENT (( #5382 ) ) ;
#1709 = CARTESIAN_POINT ( 'NONE',  ( 0.09314009370863018944, -0.07874015748031494566, -0.2222197335988833067 ) ) ;
#1710 = AXIS2_PLACEMENT_3D ( 'NONE', #1195, #844, #3146 ) ;
#1711 = CARTESIAN_POINT ( 'NONE',  ( 0.6161417322834645827, 0.07690905344307663594, -0.004853666185752438141 ) ) ;
#1712 = ORIENTED_EDGE ( 'NONE', *, *, #406, .F. ) ;
#1713 = STYLED_ITEM ( 'NONE', ( #2408 ), #1453 ) ;
#1714 = LENGTH_MEASURE_WITH_UNIT ( LENGTH_MEASURE( 0.02539999999999999897 ), #5361 );
#1715 = LINE ( 'NONE', #4925, #5193 ) ;
#1716 = CARTESIAN_POINT ( 'NONE',  ( 0.5295307727794114072, 0.1434344448908783098, -0.1508906659784364779 ) ) ;
#1717 = COLOUR_RGB ( '',0.8588235294117646523, 0.09803921568627450844, 0.09803921568627450844 ) ;
#1718 = MECHANICAL_DESIGN_GEOMETRIC_PRESENTATION_REPRESENTATION (  '', ( #5779 ), #4420 ) ;
#1719 = VERTEX_POINT ( 'NONE', #1505 ) ;
#1720 = EDGE_LOOP ( 'NONE', ( #864, #3417, #756, #4552 ) ) ;
#1721 = COLOUR_RGB ( '',1.000000000000000000, 0.9490196078431372140, 0.9098039215686274384 ) ;
#1722 = DIRECTION ( 'NONE',  ( 0.000000000000000000, 1.000000000000000000, 0.000000000000000000 ) ) ;
#1723 = CARTESIAN_POINT ( 'NONE',  ( 0.9365039370078737102, 0.1180000000000000354, -5.463695987328526437E-16 ) ) ;
#1724 = EDGE_CURVE ( 'NONE', #1700, #4318, #2002, .T. ) ;
#1725 = SURFACE_STYLE_FILL_AREA ( #3629 ) ;
#1726 = DIRECTION ( 'NONE',  ( -0.000000000000000000, 1.000000000000000000, -0.000000000000000000 ) ) ;
#1727 = EDGE_CURVE ( 'NONE', #3117, #2068, #2191, .T. ) ;
#1728 = COLOUR_RGB ( '',0.8588235294117646523, 0.09803921568627450844, 0.09803921568627450844 ) ;
#1729 = VERTEX_POINT ( 'NONE', #5024 ) ;
#1730 = CARTESIAN_POINT ( 'NONE',  ( 0.000000000000000000, 0.1082677165354336141, -0.1555118110236231310 ) ) ;
#1731 = FILL_AREA_STYLE_COLOUR ( '', #397 ) ;
#1732 = FILL_AREA_STYLE_COLOUR ( '', #4322 ) ;
#1733 = VECTOR ( 'NONE', #2373, 39.37007874015748143 ) ;
#1734 = LINE ( 'NONE', #3586, #1472 ) ;
#1735 = EDGE_CURVE ( 'NONE', #2135, #5136, #2220, .T. ) ;
#1736 = FILL_AREA_STYLE ('',( #3588 ) ) ;
#1737 = FILL_AREA_STYLE ('',( #5059 ) ) ;
#1738 = MECHANICAL_DESIGN_GEOMETRIC_PRESENTATION_REPRESENTATION (  '', ( #2035 ), #4147 ) ;
#1739 = UNCERTAINTY_MEASURE_WITH_UNIT (LENGTH_MEASURE( 1.000000000000000082E-05 ), #728, 'distance_accuracy_value', 'NONE');
#1740 = CARTESIAN_POINT ( 'NONE',  ( 0.5281733485307699150, -0.1409028928097513789, 0.1509025120403925113 ) ) ;
#1741 = FILL_AREA_STYLE ('',( #4517 ) ) ;
#1742 = DIMENSIONAL_EXPONENTS ( 1.000000000000000000, 0.000000000000000000, 0.000000000000000000, 0.000000000000000000, 0.000000000000000000, 0.000000000000000000, 0.000000000000000000 ) ;
#1743 = EDGE_LOOP ( 'NONE', ( #2769, #2948, #4756, #154, #679, #2259 ) ) ;
#1744 = COLOUR_RGB ( '',1.000000000000000000, 0.9490196078431372140, 0.9098039215686274384 ) ;
#1745 =( LENGTH_UNIT ( ) NAMED_UNIT ( * ) SI_UNIT ( $, .METRE. ) );
#1746 = DIRECTION ( 'NONE',  ( 0.9999238504775707082, 0.008726203243941670767, 0.008726203243941670767 ) ) ;
#1747 = FACE_OUTER_BOUND ( 'NONE', #2327, .T. ) ;
#1748 = UNCERTAINTY_MEASURE_WITH_UNIT (LENGTH_MEASURE( 1.000000000000000082E-05 ), #5537, 'distance_accuracy_value', 'NONE');
#1749 = LENGTH_MEASURE_WITH_UNIT ( LENGTH_MEASURE( 0.02539999999999999897 ), #5873 );
#1750 = PRESENTATION_LAYER_ASSIGNMENT (  '', '', ( #2324 ) ) ;
#1751 =( NAMED_UNIT ( * ) SI_UNIT ( $, .STERADIAN. ) SOLID_ANGLE_UNIT ( ) );
#1752 = ORIENTED_EDGE ( 'NONE', *, *, #253, .F. ) ;
#1753 = ORIENTED_EDGE ( 'NONE', *, *, #3198, .F. ) ;
#1754 = AXIS2_PLACEMENT_3D ( 'NONE', #229, #2111, #3956 ) ;
#1755 = LINE ( 'NONE', #3999, #2649 ) ;
#1756 = PLANE ( 'NONE',  #2798 ) ;
#1757 = ORIENTED_EDGE ( 'NONE', *, *, #2458, .F. ) ;
#1758 = EDGE_CURVE ( 'NONE', #2558, #1555, #3576, .T. ) ;
#1759 = CARTESIAN_POINT ( 'NONE',  ( 0.9644083931165461365, 0.1143129585193541770, -0.01578667982011901227 ) ) ;
#1760 = SURFACE_SIDE_STYLE ('',( #5456 ) ) ;
#1761 = EDGE_CURVE ( 'NONE', #2172, #3, #367, .T. ) ;
#1762 = DIRECTION ( 'NONE',  ( 0.2870454613757401074, -8.537024980200827488E-17, -0.9579169604425993301 ) ) ;
#1763 = SURFACE_SIDE_STYLE ('',( #3639 ) ) ;
#1764 = COLOUR_RGB ( '',1.000000000000000000, 0.9490196078431372140, 0.9098039215686274384 ) ;
#1765 = EDGE_CURVE ( 'NONE', #5375, #2551, #5451, .T. ) ;
#1766 = FACE_OUTER_BOUND ( 'NONE', #3142, .T. ) ;
#1767 = CARTESIAN_POINT ( 'NONE',  ( 0.6465912023628577199, -0.1498690950859350723, -5.463695987328526437E-16 ) ) ;
#1768 = CARTESIAN_POINT ( 'NONE',  ( 0.9685039370078740717, -0.1179999999999999660, 0.01799999999999950598 ) ) ;
#1769 = CARTESIAN_POINT ( 'NONE',  ( 0.4879999999999999338, -0.1555118110236234918, 0.08000000000000000167 ) ) ;
#1770 = ORIENTED_EDGE ( 'NONE', *, *, #1370, .F. ) ;
#1771 = MECHANICAL_DESIGN_GEOMETRIC_PRESENTATION_REPRESENTATION (  '', ( #5936 ), #2644 ) ;
#1772 = STYLED_ITEM ( 'NONE', ( #15 ), #4309 ) ;
#1773 = FILL_AREA_STYLE_COLOUR ( '', #3374 ) ;
#1774 = LENGTH_MEASURE_WITH_UNIT ( LENGTH_MEASURE( 0.02539999999999999897 ), #2320 );
#1775 = COLOUR_RGB ( '',0.8588235294117646523, 0.09803921568627450844, 0.09803921568627450844 ) ;
#1776 = ORIENTED_EDGE ( 'NONE', *, *, #2065, .T. ) ;
#1777 = ORIENTED_EDGE ( 'NONE', *, *, #5043, .T. ) ;
#1778 = DIRECTION ( 'NONE',  ( -0.000000000000000000, -0.000000000000000000, 1.000000000000000000 ) ) ;
#1779 =( LENGTH_UNIT ( ) NAMED_UNIT ( * ) SI_UNIT ( $, .METRE. ) );
#1780 = LINE ( 'NONE', #4936, #3955 ) ;
#1781 = CARTESIAN_POINT ( 'NONE',  ( 0.000000000000000000, 0.1555118110236226869, 0.05949999999999944916 ) ) ;
#1782 = ORIENTED_EDGE ( 'NONE', *, *, #2065, .F. ) ;
#1783 = FILL_AREA_STYLE_COLOUR ( '', #3563 ) ;
#1784 =( LENGTH_UNIT ( ) NAMED_UNIT ( * ) SI_UNIT ( $, .METRE. ) );
#1785 = CARTESIAN_POINT ( 'NONE',  ( 6.736246273439711212E-18, -0.1069999999999999840, 0.1555118110236226869 ) ) ;
#1786 = PLANE ( 'NONE',  #3982 ) ;
#1787 = EDGE_CURVE ( 'NONE', #3481, #2615, #1780, .T. ) ;
#1788 = CARTESIAN_POINT ( 'NONE',  ( 0.5280023833415695700, 0.1555118110236223816, -0.1555118110236238804 ) ) ;
#1789 = FILL_AREA_STYLE ('',( #407 ) ) ;
#1790 = CARTESIAN_POINT ( 'NONE',  ( 0.9685039370078740717, -0.1042783595138619956, -0.1085540197423983111 ) ) ;
#1791 = DIRECTION ( 'NONE',  ( -0.000000000000000000, -0.000000000000000000, 1.000000000000000000 ) ) ;
#1792 = EDGE_CURVE ( 'NONE', #2827, #3681, #2604, .T. ) ;
#1793 = CARTESIAN_POINT ( 'NONE',  ( -0.002727286029201616592, -0.1084256963476958741, -0.1555356116882251893 ) ) ;
#1794 = AXIS2_PLACEMENT_3D ( 'NONE', #4466, #4889, #699 ) ;
#1795 = ADVANCED_FACE ( 'NONE', ( #4967 ), #795, .T. ) ;
#1796 = VERTEX_POINT ( 'NONE', #1551 ) ;
#1797 = FILL_AREA_STYLE ('',( #386 ) ) ;
#1798 = PRESENTATION_LAYER_ASSIGNMENT (  '', '', ( #4916 ) ) ;
#1799 = MECHANICAL_DESIGN_GEOMETRIC_PRESENTATION_REPRESENTATION (  '', ( #1004 ), #3252 ) ;
#1800 = SURFACE_STYLE_USAGE ( .BOTH. , #812 ) ;
#1801 = DIRECTION ( 'NONE',  ( -0.008726535498373946820, -0.9999619230641713097, 0.000000000000000000 ) ) ;
#1802 = UNCERTAINTY_MEASURE_WITH_UNIT (LENGTH_MEASURE( 1.000000000000000082E-05 ), #2905, 'distance_accuracy_value', 'NONE');
#1803 =( NAMED_UNIT ( * ) SI_UNIT ( $, .STERADIAN. ) SOLID_ANGLE_UNIT ( ) );
#1804 = DIMENSIONAL_EXPONENTS ( 1.000000000000000000, 0.000000000000000000, 0.000000000000000000, 0.000000000000000000, 0.000000000000000000, 0.000000000000000000, 0.000000000000000000 ) ;
#1805 = EDGE_LOOP ( 'NONE', ( #3853, #769, #2, #612 ) ) ;
#1806 = VERTEX_POINT ( 'NONE', #3406 ) ;
#1807 = CIRCLE ( 'NONE', #3255, 0.01499999999999997863 ) ;
#1808 = AXIS2_PLACEMENT_3D ( 'NONE', #2593, #1182, #5440 ) ;
#1809 = UNCERTAINTY_MEASURE_WITH_UNIT (LENGTH_MEASURE( 1.000000000000000082E-05 ), #4597, 'distance_accuracy_value', 'NONE');
#1810 = SURFACE_STYLE_FILL_AREA ( #1866 ) ;
#1811 = SURFACE_STYLE_USAGE ( .BOTH. , #4107 ) ;
#1812 = ORIENTED_EDGE ( 'NONE', *, *, #3649, .F. ) ;
#1813 =( GEOMETRIC_REPRESENTATION_CONTEXT ( 3 ) GLOBAL_UNCERTAINTY_ASSIGNED_CONTEXT ( ( #4225 ) ) GLOBAL_UNIT_ASSIGNED_CONTEXT ( ( #1635, #4415, #2037 ) ) REPRESENTATION_CONTEXT ( 'NONE', 'WORKASPACE' ) );
#1814 = VERTEX_POINT ( 'NONE', #118 ) ;
#1815 = LENGTH_MEASURE_WITH_UNIT ( LENGTH_MEASURE( 0.02539999999999999897 ), #3118 );
#1816 = CARTESIAN_POINT ( 'NONE',  ( 0.6465039370078740077, -0.1555118110236234918, -0.1398694758552906370 ) ) ;
#1817 = CARTESIAN_POINT ( 'NONE',  ( 0.6276428471321305880, -0.1500344548768859643, -0.1400348356462415012 ) ) ;
#1818 =( NAMED_UNIT ( * ) PLANE_ANGLE_UNIT ( ) SI_UNIT ( $, .RADIAN. ) );
#1819 = CARTESIAN_POINT ( 'NONE',  ( 0.4733497035020817201, 0.07874015748031498729, -0.06877752049651320032 ) ) ;
#1820 = CARTESIAN_POINT ( 'NONE',  ( 0.8780243864950660893, 0.07874015748031498729, 0.01297546938129638498 ) ) ;
#1821 = EDGE_CURVE ( 'NONE', #1190, #2565, #150, .T. ) ;
#1822 = LINE ( 'NONE', #3732, #4640 ) ;
#1823 = CARTESIAN_POINT ( 'NONE',  ( 0.4881889763779527769, -0.1555118110236234918, -0.1512514503698644819 ) ) ;
#1824 = ORIENTED_EDGE ( 'NONE', *, *, #4307, .T. ) ;
#1825 = LINE ( 'NONE', #4183, #2107 ) ;
#1826 = AXIS2_PLACEMENT_3D ( 'NONE', #70, #1938, #4205 ) ;
#1827 = PLANE ( 'NONE',  #5882 ) ;
#1828 = EDGE_CURVE ( 'NONE', #3230, #4740, #5253, .T. ) ;
#1829 =( LENGTH_UNIT ( ) NAMED_UNIT ( * ) SI_UNIT ( $, .METRE. ) );
#1830 = CARTESIAN_POINT ( 'NONE',  ( 0.4591739384248462730, 0.06296410161513785186, 0.1615118110236226645 ) ) ;
#1831 = ORIENTED_EDGE ( 'NONE', *, *, #4561, .F. ) ;
#1832 = ADVANCED_BREP_SHAPE_REPRESENTATION ( 'Anderson_Powerpole_PP15_PP45', ( #953, #5008, #3048 ), #3338 ) ;
#1833 = ORIENTED_EDGE ( 'NONE', *, *, #44, .F. ) ;
#1834 = MECHANICAL_DESIGN_GEOMETRIC_PRESENTATION_REPRESENTATION (  '', ( #3100 ), #4733 ) ;
#1835 = LINE ( 'NONE', #5934, #4186 ) ;
#1836 = PLANE ( 'NONE',  #3589 ) ;
#1837 = ORIENTED_EDGE ( 'NONE', *, *, #4011, .F. ) ;
#1838 = ORIENTED_EDGE ( 'NONE', *, *, #1649, .F. ) ;
#1839 = DIRECTION ( 'NONE',  ( 0.000000000000000000, -3.491481338843132961E-15, 1.000000000000000000 ) ) ;
#1840 = DIMENSIONAL_EXPONENTS ( 1.000000000000000000, 0.000000000000000000, 0.000000000000000000, 0.000000000000000000, 0.000000000000000000, 0.000000000000000000, 0.000000000000000000 ) ;
#1841 = CARTESIAN_POINT ( 'NONE',  ( 0.4888052543830392893, -0.07874015748031493178, -0.08407871139680342387 ) ) ;
#1842 = SURFACE_STYLE_FILL_AREA ( #6001 ) ;
#1843 = VECTOR ( 'NONE', #705, 39.37007874015748143 ) ;
#1844 = SURFACE_STYLE_USAGE ( .BOTH. , #5140 ) ;
#1845 =( NAMED_UNIT ( * ) SI_UNIT ( $, .STERADIAN. ) SOLID_ANGLE_UNIT ( ) );
#1846 = SURFACE_STYLE_FILL_AREA ( #4148 ) ;
#1847 = VECTOR ( 'NONE', #5222, 39.37007874015748854 ) ;
#1848 =( CONVERSION_BASED_UNIT ( 'INCH', #6006 ) LENGTH_UNIT ( ) NAMED_UNIT ( #2960 ) );
#1849 = CARTESIAN_POINT ( 'NONE',  ( 0.6582313073230761091, 0.1069845446837761893, -0.1039683253585540201 ) ) ;
#1850 = DIRECTION ( 'NONE',  ( 0.9995695637461118332, 0.000000000000000000, 0.02933747147263230173 ) ) ;
#1851 = VECTOR ( 'NONE', #2452, 39.37007874015748143 ) ;
#1852 = LENGTH_MEASURE_WITH_UNIT ( LENGTH_MEASURE( 0.02539999999999999897 ), #5494 );
#1853 = ORIENTED_EDGE ( 'NONE', *, *, #3273, .F. ) ;
#1854 = LINE ( 'NONE', #3704, #2484 ) ;
#1855 = CARTESIAN_POINT ( 'NONE',  ( 0.4840000000000000413, 0.1555118110236226869, 0.05949999999999944916 ) ) ;
#1856 = STYLED_ITEM ( 'NONE', ( #1879 ), #4718 ) ;
#1857 = UNCERTAINTY_MEASURE_WITH_UNIT (LENGTH_MEASURE( 1.000000000000000082E-05 ), #2613, 'distance_accuracy_value', 'NONE');
#1858 = DIRECTION ( 'NONE',  ( 0.02933747147263230173, 0.000000000000000000, -0.9995695637461118332 ) ) ;
#1859 = ORIENTED_EDGE ( 'NONE', *, *, #782, .F. ) ;
#1860 = EDGE_CURVE ( 'NONE', #2768, #2479, #2700, .T. ) ;
#1861 = ORIENTED_EDGE ( 'NONE', *, *, #3017, .F. ) ;
#1862 = VECTOR ( 'NONE', #5515, 39.37007874015748143 ) ;
#1863 = AXIS2_PLACEMENT_3D ( 'NONE', #5215, #172, #4332 ) ;
#1864 = LENGTH_MEASURE_WITH_UNIT ( LENGTH_MEASURE( 0.02539999999999999897 ), #2100 );
#1865 = UNCERTAINTY_MEASURE_WITH_UNIT (LENGTH_MEASURE( 1.000000000000000082E-05 ), #1972, 'distance_accuracy_value', 'NONE');
#1866 = FILL_AREA_STYLE ('',( #4619 ) ) ;
#1867 =( NAMED_UNIT ( * ) PLANE_ANGLE_UNIT ( ) SI_UNIT ( $, .RADIAN. ) );
#1868 = PRESENTATION_LAYER_ASSIGNMENT (  '', '', ( #2834 ) ) ;
#1869 = VECTOR ( 'NONE', #5206, 39.37007874015748854 ) ;
#1870 = VERTEX_POINT ( 'NONE', #1458 ) ;
#1871 = ADVANCED_FACE ( 'NONE', ( #3467 ), #2146, .F. ) ;
#1872 = ORIENTED_EDGE ( 'NONE', *, *, #2503, .F. ) ;
#1873 = SURFACE_STYLE_USAGE ( .BOTH. , #12 ) ;
#1874 = LINE ( 'NONE', #3660, #1862 ) ;
#1875 = MECHANICAL_DESIGN_GEOMETRIC_PRESENTATION_REPRESENTATION (  '', ( #5852 ), #5158 ) ;
#1876 = DIRECTION ( 'NONE',  ( 0.000000000000000000, 0.000000000000000000, 1.000000000000000000 ) ) ;
#1877 = FILL_AREA_STYLE_COLOUR ( '', #3185 ) ;
#1878 = CARTESIAN_POINT ( 'NONE',  ( 0.000000000000000000, -0.05856624327025864579, -0.1555118110236237139 ) ) ;
#1879 = PRESENTATION_STYLE_ASSIGNMENT (( #3153 ) ) ;
#1880 = SURFACE_STYLE_USAGE ( .BOTH. , #979 ) ;
#1881 =( NAMED_UNIT ( * ) PLANE_ANGLE_UNIT ( ) SI_UNIT ( $, .RADIAN. ) );
#1882 = SURFACE_STYLE_USAGE ( .BOTH. , #5924 ) ;
#1883 = ORIENTED_EDGE ( 'NONE', *, *, #3883, .T. ) ;
#1884 = CARTESIAN_POINT ( 'NONE',  ( 0.4879999999999999338, -0.06102501149073070313, -0.1512530995417304680 ) ) ;
#1885 =( LENGTH_UNIT ( ) NAMED_UNIT ( * ) SI_UNIT ( $, .METRE. ) );
#1886 = CARTESIAN_POINT ( 'NONE',  ( 0.0004884067188286656848, -0.05856870408771715913, -0.1555075487627574082 ) ) ;
#1887 = AXIS2_PLACEMENT_3D ( 'NONE', #3502, #671, #2207 ) ;
#1888 = DIRECTION ( 'NONE',  ( 0.000000000000000000, 8.537024980200828721E-17, 1.000000000000000000 ) ) ;
#1889 =( NAMED_UNIT ( * ) SI_UNIT ( $, .STERADIAN. ) SOLID_ANGLE_UNIT ( ) );
#1890 = DIRECTION ( 'NONE',  ( 0.4902612396325558564, 0.000000000000000000, -0.8715755371245511585 ) ) ;
#1891 = ORIENTED_EDGE ( 'NONE', *, *, #4636, .F. ) ;
#1892 = EDGE_LOOP ( 'NONE', ( #5805, #708, #4500, #954 ) ) ;
#1893 = DIRECTION ( 'NONE',  ( 0.008726535498373955493, -0.9999619230641713097, 0.000000000000000000 ) ) ;
#1894 = EDGE_CURVE ( 'NONE', #3104, #1998, #4338, .T. ) ;
#1895 = CARTESIAN_POINT ( 'NONE',  ( 0.9644083931165462475, 0.1470955464805940860, 0.01569625656112758755 ) ) ;
#1896 = AXIS2_PLACEMENT_3D ( 'NONE', #4722, #3760, #76 ) ;
#1897 = ORIENTED_EDGE ( 'NONE', *, *, #3762, .F. ) ;
#1898 = ORIENTED_EDGE ( 'NONE', *, *, #5162, .F. ) ;
#1899 = CARTESIAN_POINT ( 'NONE',  ( 0.6565039370078740166, -0.1170000000000000207, -0.1098580491066931397 ) ) ;
#1900 = CARTESIAN_POINT ( 'NONE',  ( 0.000000000000000000, 5.429665861586813125E-16, -0.1555118110236234918 ) ) ;
#1901 = STYLED_ITEM ( 'NONE', ( #3329 ), #846 ) ;
#1902 = CARTESIAN_POINT ( 'NONE',  ( 0.6565039370078741277, 0.1152772172492832897, -0.1210000000000000103 ) ) ;
#1903 = ADVANCED_FACE ( 'NONE', ( #3903 ), #5739, .T. ) ;
#1904 = CARTESIAN_POINT ( 'NONE',  ( 0.4730303448853973580, 0.04217949192431132838, 0.1555118110236226869 ) ) ;
#1905 = DIRECTION ( 'NONE',  ( 0.000000000000000000, 1.000000000000000000, 0.000000000000000000 ) ) ;
#1906 = PLANE ( 'NONE',  #2056 ) ;
#1907 = STYLED_ITEM ( 'NONE', ( #1100 ), #1691 ) ;
#1908 = LINE ( 'NONE', #3758, #2738 ) ;
#1909 = LINE ( 'NONE', #3638, #1168 ) ;
#1910 = LENGTH_MEASURE_WITH_UNIT ( LENGTH_MEASURE( 0.02539999999999999897 ), #3396 );
#1911 = COLOUR_RGB ( '',0.8588235294117646523, 0.09803921568627450844, 0.09803921568627450844 ) ;
#1912 =( CONVERSION_BASED_UNIT ( 'INCH', #3277 ) LENGTH_UNIT ( ) NAMED_UNIT ( #5829 ) );
#1913 =( NAMED_UNIT ( * ) PLANE_ANGLE_UNIT ( ) SI_UNIT ( $, .RADIAN. ) );
#1914 = STYLED_ITEM ( 'NONE', ( #63 ), #2213 ) ;
#1915 = ORIENTED_EDGE ( 'NONE', *, *, #1604, .T. ) ;
#1916 = DIRECTION ( 'NONE',  ( -0.000000000000000000, -0.000000000000000000, 1.000000000000000000 ) ) ;
#1917 = CARTESIAN_POINT ( 'NONE',  ( 0.4738117109268476512, -0.09374015748031491735, -0.08451877346889291598 ) ) ;
#1918 = DIRECTION ( 'NONE',  ( -0.9996192871688727166, -0.008723545360215316860, 0.02617595225284380378 ) ) ;
#1919 = UNCERTAINTY_MEASURE_WITH_UNIT (LENGTH_MEASURE( 1.000000000000000082E-05 ), #5571, 'distance_accuracy_value', 'NONE');
#1920 = FILL_AREA_STYLE_COLOUR ( '', #4252 ) ;
#1921 = DIMENSIONAL_EXPONENTS ( 1.000000000000000000, 0.000000000000000000, 0.000000000000000000, 0.000000000000000000, 0.000000000000000000, 0.000000000000000000, 0.000000000000000000 ) ;
#1922 = EDGE_LOOP ( 'NONE', ( #1770, #129, #2915, #4820 ) ) ;
#1923 = VECTOR ( 'NONE', #2785, 39.37007874015748143 ) ;
#1924 = PRESENTATION_STYLE_ASSIGNMENT (( #3351 ) ) ;
#1925 = CARTESIAN_POINT ( 'NONE',  ( 0.5265119078539792774, -0.07874015748031493178, 0.1328689200955810723 ) ) ;
#1926 = CARTESIAN_POINT ( 'NONE',  ( 0.4211473003118041403, 0.1056477417707979288, -0.007616955426407077956 ) ) ;
#1927 = UNCERTAINTY_MEASURE_WITH_UNIT (LENGTH_MEASURE( 1.000000000000000082E-05 ), #4359, 'distance_accuracy_value', 'NONE');
#1928 =( LENGTH_UNIT ( ) NAMED_UNIT ( * ) SI_UNIT ( $, .METRE. ) );
#1929 =( GEOMETRIC_REPRESENTATION_CONTEXT ( 3 ) GLOBAL_UNCERTAINTY_ASSIGNED_CONTEXT ( ( #3022 ) ) GLOBAL_UNIT_ASSIGNED_CONTEXT ( ( #3749, #1433, #2775 ) ) REPRESENTATION_CONTEXT ( 'NONE', 'WORKASPACE' ) );
#1930 = LINE ( 'NONE', #5074, #4717 ) ;
#1931 = ORIENTED_EDGE ( 'NONE', *, *, #4748, .T. ) ;
#1932 = ORIENTED_EDGE ( 'NONE', *, *, #5986, .F. ) ;
#1933 = LENGTH_MEASURE_WITH_UNIT ( LENGTH_MEASURE( 0.02539999999999999897 ), #5667 );
#1934 =( NAMED_UNIT ( * ) SI_UNIT ( $, .STERADIAN. ) SOLID_ANGLE_UNIT ( ) );
#1935 =( LENGTH_UNIT ( ) NAMED_UNIT ( * ) SI_UNIT ( $, .METRE. ) );
#1936 = CARTESIAN_POINT ( 'NONE',  ( 0.000000000000000000, -0.1555118110236234918, -0.05856624327025920090 ) ) ;
#1937 = CARTESIAN_POINT ( 'NONE',  ( 0.9585039370078740628, 0.1371466931045733362, 0.1371466931045755566 ) ) ;
#1938 = DIRECTION ( 'NONE',  ( -0.01585544897978002216, -0.9998742944678844502, 0.000000000000000000 ) ) ;
#1939 = CARTESIAN_POINT ( 'NONE',  ( 0.4879999999999999338, -0.1555118110236234918, -0.08000000000000000167 ) ) ;
#1940 = COLOUR_RGB ( '',0.8588235294117646523, 0.09803921568627450844, 0.09803921568627450844 ) ;
#1941 = EDGE_CURVE ( 'NONE', #1998, #1729, #210, .T. ) ;
#1942 = ORIENTED_EDGE ( 'NONE', *, *, #1612, .F. ) ;
#1943 = EDGE_CURVE ( 'NONE', #2370, #473, #2202, .T. ) ;
#1944 = CARTESIAN_POINT ( 'NONE',  ( 0.6161417322834645827, 0.000000000000000000, 0.07690905344307664981 ) ) ;
#1945 = CARTESIAN_POINT ( 'NONE',  ( 0.000000000000000000, -0.1555118110236234918, 0.1555118110236229645 ) ) ;
#1946 = LINE ( 'NONE', #2286, #853 ) ;
#1947 = FACE_OUTER_BOUND ( 'NONE', #5601, .T. ) ;
#1948 =( LENGTH_UNIT ( ) NAMED_UNIT ( * ) SI_UNIT ( $, .METRE. ) );
#1949 = AXIS2_PLACEMENT_3D ( 'NONE', #4179, #469, #2882 ) ;
#1950 = SURFACE_STYLE_FILL_AREA ( #3897 ) ;
#1951 = ORIENTED_EDGE ( 'NONE', *, *, #1694, .F. ) ;
#1952 = EDGE_CURVE ( 'NONE', #5375, #797, #3670, .T. ) ;
#1953 =( CONVERSION_BASED_UNIT ( 'INCH', #5163 ) LENGTH_UNIT ( ) NAMED_UNIT ( #1327 ) );
#1954 = CARTESIAN_POINT ( 'NONE',  ( 0.000000000000000000, -0.1082677165354325177, -0.1555118110236238804 ) ) ;
#1955 =( LENGTH_UNIT ( ) NAMED_UNIT ( * ) SI_UNIT ( $, .METRE. ) );
#1956 = PRESENTATION_STYLE_ASSIGNMENT (( #2918 ) ) ;
#1957 = DIRECTION ( 'NONE',  ( 0.000000000000000000, -1.000000000000000000, -0.000000000000000000 ) ) ;
#1958 = DIRECTION ( 'NONE',  ( -0.9995695637461118332, 0.000000000000000000, -0.02933747147263230173 ) ) ;
#1959 = VERTEX_POINT ( 'NONE', #2848 ) ;
#1960 = LENGTH_MEASURE_WITH_UNIT ( LENGTH_MEASURE( 0.02539999999999999897 ), #2023 );
#1961 = LENGTH_MEASURE_WITH_UNIT ( LENGTH_MEASURE( 0.02539999999999999897 ), #3353 );
#1962 = COLOUR_RGB ( '',0.8588235294117646523, 0.09803921568627450844, 0.09803921568627450844 ) ;
#1963 = FACE_OUTER_BOUND ( 'NONE', #3472, .T. ) ;
#1964 = AXIS2_PLACEMENT_3D ( 'NONE', #2159, #4020, #709 ) ;
#1965 = ORIENTED_EDGE ( 'NONE', *, *, #2465, .F. ) ;
#1966 = ORIENTED_EDGE ( 'NONE', *, *, #1952, .T. ) ;
#1967 = CARTESIAN_POINT ( 'NONE',  ( 0.5480645435208928440, 0.08499803790401125325, -0.1507289242115113781 ) ) ;
#1968 = DIMENSIONAL_EXPONENTS ( 1.000000000000000000, 0.000000000000000000, 0.000000000000000000, 0.000000000000000000, 0.000000000000000000, 0.000000000000000000, 0.000000000000000000 ) ;
#1969 = DIRECTION ( 'NONE',  ( -0.000000000000000000, 0.000000000000000000, -1.000000000000000000 ) ) ;
#1970 = DIRECTION ( 'NONE',  ( 0.000000000000000000, -1.000000000000000000, 8.529140707787145228E-17 ) ) ;
#1971 =( GEOMETRIC_REPRESENTATION_CONTEXT ( 3 ) GLOBAL_UNCERTAINTY_ASSIGNED_CONTEXT ( ( #5811 ) ) GLOBAL_UNIT_ASSIGNED_CONTEXT ( ( #4032, #3124, #801 ) ) REPRESENTATION_CONTEXT ( 'NONE', 'WORKASPACE' ) );
#1972 =( CONVERSION_BASED_UNIT ( 'INCH', #3301 ) LENGTH_UNIT ( ) NAMED_UNIT ( #4387 ) );
#1973 = AXIS2_PLACEMENT_3D ( 'NONE', #2044, #1640, #1077 ) ;
#1974 = ORIENTED_EDGE ( 'NONE', *, *, #4276, .T. ) ;
#1975 = DIRECTION ( 'NONE',  ( 0.000000000000000000, 0.000000000000000000, -1.000000000000000000 ) ) ;
#1976 = LENGTH_MEASURE_WITH_UNIT ( LENGTH_MEASURE( 0.02539999999999999897 ), #5615 );
#1977 = DIRECTION ( 'NONE',  ( 0.000000000000000000, -1.000000000000000000, 0.000000000000000000 ) ) ;
#1978 = PRESENTATION_LAYER_ASSIGNMENT (  '', '', ( #3520 ) ) ;
#1979 = ADVANCED_FACE ( 'NONE', ( #80 ), #1015, .T. ) ;
#1980 =( NAMED_UNIT ( * ) SI_UNIT ( $, .STERADIAN. ) SOLID_ANGLE_UNIT ( ) );
#1981 =( NAMED_UNIT ( * ) PLANE_ANGLE_UNIT ( ) SI_UNIT ( $, .RADIAN. ) );
#1982 = ORIENTED_EDGE ( 'NONE', *, *, #1191, .F. ) ;
#1983 = PLANE ( 'NONE',  #5393 ) ;
#1984 = COLOUR_RGB ( '',0.8588235294117646523, 0.09803921568627450844, 0.09803921568627450844 ) ;
#1985 = EDGE_CURVE ( 'NONE', #1669, #4923, #2549, .T. ) ;
#1986 =( NAMED_UNIT ( * ) SI_UNIT ( $, .STERADIAN. ) SOLID_ANGLE_UNIT ( ) );
#1987 = LENGTH_MEASURE_WITH_UNIT ( LENGTH_MEASURE( 0.02539999999999999897 ), #5188 );
#1988 = UNCERTAINTY_MEASURE_WITH_UNIT (LENGTH_MEASURE( 1.000000000000000082E-05 ), #5257, 'distance_accuracy_value', 'NONE');
#1989 = ADVANCED_FACE ( 'NONE', ( #3121 ), #3609, .T. ) ;
#1990 = CARTESIAN_POINT ( 'NONE',  ( 0.000000000000000000, -0.1555118110236234918, 0.1555118110236229645 ) ) ;
#1991 = PRESENTATION_STYLE_ASSIGNMENT (( #3800 ) ) ;
#1992 = MECHANICAL_DESIGN_GEOMETRIC_PRESENTATION_REPRESENTATION (  '', ( #4297 ), #3627 ) ;
#1993 = ORIENTED_EDGE ( 'NONE', *, *, #2904, .F. ) ;
#1994 = UNCERTAINTY_MEASURE_WITH_UNIT (LENGTH_MEASURE( 1.000000000000000082E-05 ), #1520, 'distance_accuracy_value', 'NONE');
#1995 = CARTESIAN_POINT ( 'NONE',  ( 0.5328414095732715294, 0.07874015748031498729, -0.08278624562602093784 ) ) ;
#1996 = CLOSED_SHELL ( 'NONE', ( #3537, #2104, #562, #4705, #4014, #4592, #2213, #4708, #5832, #516, #331, #1123, #4232, #5240, #1871, #4571, #5050, #2946, #3240, #5801 ) ) ;
#1997 = ORIENTED_EDGE ( 'NONE', *, *, #1259, .F. ) ;
#1998 = VERTEX_POINT ( 'NONE', #2198 ) ;
#1999 = FILL_AREA_STYLE ('',( #219 ) ) ;
#2000 = CARTESIAN_POINT ( 'NONE',  ( 0.6565039370078740166, -0.1128585222510937180, -0.1140000000000000596 ) ) ;
#2001 = VECTOR ( 'NONE', #2741, 39.37007874015748143 ) ;
#2002 = LINE ( 'NONE', #3848, #1411 ) ;
#2003 = SURFACE_SIDE_STYLE ('',( #5241 ) ) ;
#2004 =( NAMED_UNIT ( * ) SI_UNIT ( $, .STERADIAN. ) SOLID_ANGLE_UNIT ( ) );
#2005 = ORIENTED_EDGE ( 'NONE', *, *, #5613, .T. ) ;
#2006 = COLOUR_RGB ( '',1.000000000000000000, 0.9490196078431372140, 0.9098039215686274384 ) ;
#2007 = FILL_AREA_STYLE ('',( #3892 ) ) ;
#2008 = SURFACE_SIDE_STYLE ('',( #140 ) ) ;
#2009 = SURFACE_STYLE_FILL_AREA ( #2911 ) ;
#2010 = PRESENTATION_LAYER_ASSIGNMENT (  '', '', ( #5683 ) ) ;
#2011 = DIMENSIONAL_EXPONENTS ( 1.000000000000000000, 0.000000000000000000, 0.000000000000000000, 0.000000000000000000, 0.000000000000000000, 0.000000000000000000, 0.000000000000000000 ) ;
#2012 = DIRECTION ( 'NONE',  ( 0.000000000000000000, 1.000000000000000000, 1.497723680736987075E-16 ) ) ;
#2013 =( CONVERSION_BASED_UNIT ( 'INCH', #4727 ) LENGTH_UNIT ( ) NAMED_UNIT ( #2011 ) );
#2014 = VERTEX_POINT ( 'NONE', #4029 ) ;
#2015 = COLOUR_RGB ( '',0.8588235294117646523, 0.09803921568627450844, 0.09803921568627450844 ) ;
#2016 = LENGTH_MEASURE_WITH_UNIT ( LENGTH_MEASURE( 0.02539999999999999897 ), #1955 );
#2017 = DIRECTION ( 'NONE',  ( -0.000000000000000000, 1.000000000000000000, -0.000000000000000000 ) ) ;
#2018 = LINE ( 'NONE', #574, #5427 ) ;
#2019 = PRESENTATION_LAYER_ASSIGNMENT (  '', '', ( #159 ) ) ;
#2020 = SURFACE_STYLE_USAGE ( .BOTH. , #151 ) ;
#2021 = EDGE_CURVE ( 'NONE', #2289, #3598, #5889, .T. ) ;
#2022 = ORIENTED_EDGE ( 'NONE', *, *, #5090, .T. ) ;
#2023 =( LENGTH_UNIT ( ) NAMED_UNIT ( * ) SI_UNIT ( $, .METRE. ) );
#2024 = EDGE_CURVE ( 'NONE', #3084, #1959, #564, .T. ) ;
#2025 = VECTOR ( 'NONE', #3384, 39.37007874015748143 ) ;
#2026 =( NAMED_UNIT ( * ) PLANE_ANGLE_UNIT ( ) SI_UNIT ( $, .RADIAN. ) );
#2027 = PLANE ( 'NONE',  #5499 ) ;
#2028 = DIRECTION ( 'NONE',  ( -0.9999238504775705971, -0.008726203243944238158, 0.008726203243944252036 ) ) ;
#2029 = SURFACE_STYLE_USAGE ( .BOTH. , #5234 ) ;
#2030 = VERTEX_POINT ( 'NONE', #105 ) ;
#2031 = ORIENTED_EDGE ( 'NONE', *, *, #510, .T. ) ;
#2032 =( LENGTH_UNIT ( ) NAMED_UNIT ( * ) SI_UNIT ( $, .METRE. ) );
#2033 = EDGE_CURVE ( 'NONE', #5837, #1071, #4206, .T. ) ;
#2034 = DIRECTION ( 'NONE',  ( 0.000000000000000000, -1.000000000000000000, 0.000000000000000000 ) ) ;
#2035 = STYLED_ITEM ( 'NONE', ( #3269 ), #2650 ) ;
#2036 = LINE ( 'NONE', #2485, #2682 ) ;
#2037 =( NAMED_UNIT ( * ) SI_UNIT ( $, .STERADIAN. ) SOLID_ANGLE_UNIT ( ) );
#2038 =( CONVERSION_BASED_UNIT ( 'INCH', #104 ) LENGTH_UNIT ( ) NAMED_UNIT ( #5950 ) );
#2039 = FACE_OUTER_BOUND ( 'NONE', #1538, .T. ) ;
#2040 = ORIENTED_EDGE ( 'NONE', *, *, #594, .T. ) ;
#2041 = PRESENTATION_LAYER_ASSIGNMENT (  '', '', ( #177 ) ) ;
#2042 = CARTESIAN_POINT ( 'NONE',  ( 0.01448801531027363830, 0.1061978953461440028, 0.1553853760294592323 ) ) ;
#2043 = FILL_AREA_STYLE ('',( #3457 ) ) ;
#2044 = CARTESIAN_POINT ( 'NONE',  ( 0.000000000000000000, -0.1555118110236234918, 0.1082677165354330728 ) ) ;
#2045 = AXIS2_PLACEMENT_3D ( 'NONE', #4639, #3650, #3168 ) ;
#2046 =( LENGTH_UNIT ( ) NAMED_UNIT ( * ) SI_UNIT ( $, .METRE. ) );
#2047 = ORIENTED_EDGE ( 'NONE', *, *, #782, .T. ) ;
#2048 = VECTOR ( 'NONE', #887, 39.37007874015748143 ) ;
#2049 = LINE ( 'NONE', #1483, #3918 ) ;
#2050 = DIRECTION ( 'NONE',  ( -0.01745240643727835606, 0.000000000000000000, 0.9998476951563913806 ) ) ;
#2051 = FILL_AREA_STYLE ('',( #5252 ) ) ;
#2052 = FILL_AREA_STYLE_COLOUR ( '', #1014 ) ;
#2053 = SURFACE_STYLE_USAGE ( .BOTH. , #2889 ) ;
#2054 = DIRECTION ( 'NONE',  ( 0.4472135954999554297, 0.7745966692414870680, 0.4472135954999540419 ) ) ;
#2055 = CARTESIAN_POINT ( 'NONE',  ( 0.9505101051583140226, -0.1144342470408835494, -0.007698822460043139998 ) ) ;
#2056 = AXIS2_PLACEMENT_3D ( 'NONE', #1249, #1218, #5367 ) ;
#2057 =( NAMED_UNIT ( * ) SI_UNIT ( $, .STERADIAN. ) SOLID_ANGLE_UNIT ( ) );
#2058 = DIMENSIONAL_EXPONENTS ( 1.000000000000000000, 0.000000000000000000, 0.000000000000000000, 0.000000000000000000, 0.000000000000000000, 0.000000000000000000, 0.000000000000000000 ) ;
#2059 = ORIENTED_EDGE ( 'NONE', *, *, #3131, .T. ) ;
#2060 = SURFACE_STYLE_FILL_AREA ( #184 ) ;
#2061 = SURFACE_STYLE_FILL_AREA ( #5198 ) ;
#2062 =( NAMED_UNIT ( * ) PLANE_ANGLE_UNIT ( ) SI_UNIT ( $, .RADIAN. ) );
#2063 = UNCERTAINTY_MEASURE_WITH_UNIT (LENGTH_MEASURE( 1.000000000000000082E-05 ), #3673, 'distance_accuracy_value', 'NONE');
#2064 = CARTESIAN_POINT ( 'NONE',  ( 0.5323794021485056538, 0.07874015748031498729, -0.06704499265364122218 ) ) ;
#2065 = EDGE_CURVE ( 'NONE', #923, #3517, #3333, .T. ) ;
#2066 =( BOUNDED_CURVE ( )  B_SPLINE_CURVE ( 3, ( #5821, #1139, #4912, #687 ),
 .UNSPECIFIED., .F., .T. ) 
 B_SPLINE_CURVE_WITH_KNOTS ( ( 4, 4 ),
 ( 2.356232566403285489, 3.926952740776302520 ),
 .UNSPECIFIED. ) 
 CURVE ( )  GEOMETRIC_REPRESENTATION_ITEM ( )  RATIONAL_B_SPLINE_CURVE ( ( 1.000000000000000000, 0.8047558030806115648, 0.8047558030806115648, 1.000000000000000000 ) ) 
 REPRESENTATION_ITEM ( '' )  );
#2067 = ORIENTED_EDGE ( 'NONE', *, *, #811, .T. ) ;
#2068 = VERTEX_POINT ( 'NONE', #5548 ) ;
#2069 = AXIS2_PLACEMENT_3D ( 'NONE', #194, #2072, #4263 ) ;
#2070 = PRESENTATION_STYLE_ASSIGNMENT (( #192 ) ) ;
#2071 = FILL_AREA_STYLE ('',( #193 ) ) ;
#2072 = DIRECTION ( 'NONE',  ( 0.000000000000000000, 1.000000000000000000, -3.733770731811420860E-15 ) ) ;
#2073 = EDGE_CURVE ( 'NONE', #230, #316, #5579, .T. ) ;
#2074 = PLANE ( 'NONE',  #4432 ) ;
#2075 = VECTOR ( 'NONE', #5276, 39.37007874015748143 ) ;
#2076 = ADVANCED_FACE ( 'NONE', ( #3756 ), #5111, .T. ) ;
#2077 = ORIENTED_EDGE ( 'NONE', *, *, #2243, .F. ) ;
#2078 = DIRECTION ( 'NONE',  ( -0.8715503265321603577, 0.007605904472638831855, -0.4902470586743359338 ) ) ;
#2079 = VECTOR ( 'NONE', #933, 39.37007874015748143 ) ;
#2080 = VECTOR ( 'NONE', #5517, 39.37007874015748143 ) ;
#2081 = CARTESIAN_POINT ( 'NONE',  ( 0.6565039370078741277, -0.1555118110236234918, -5.463695987328526437E-16 ) ) ;
#2082 = LINE ( 'NONE', #3858, #1221 ) ;
#2083 = VECTOR ( 'NONE', #2034, 39.37007874015748143 ) ;
#2084 = ORIENTED_EDGE ( 'NONE', *, *, #915, .F. ) ;
#2085 = DIRECTION ( 'NONE',  ( 0.000000000000000000, -8.529140707787145228E-17, -1.000000000000000000 ) ) ;
#2086 = DIMENSIONAL_EXPONENTS ( 1.000000000000000000, 0.000000000000000000, 0.000000000000000000, 0.000000000000000000, 0.000000000000000000, 0.000000000000000000, 0.000000000000000000 ) ;
#2087 = DIRECTION ( 'NONE',  ( 0.000000000000000000, -0.8660254037844414832, -0.4999999999999949485 ) ) ;
#2088 = SURFACE_STYLE_USAGE ( .BOTH. , #2556 ) ;
#2089 = EDGE_LOOP ( 'NONE', ( #3605, #1712, #1853, #144 ) ) ;
#2090 = CARTESIAN_POINT ( 'NONE',  ( 0.5282606005958294659, -0.1509017506031568590, -0.1555118110236238804 ) ) ;
#2091 = DIRECTION ( 'NONE',  ( 0.000000000000000000, 1.000000000000000000, 0.000000000000000000 ) ) ;
#2092 = DIRECTION ( 'NONE',  ( 1.707404996040159433E-15, 1.000000000000000000, -1.722370308931931800E-15 ) ) ;
#2093 = SURFACE_SIDE_STYLE ('',( #5330 ) ) ;
#2094 = MECHANICAL_DESIGN_GEOMETRIC_PRESENTATION_REPRESENTATION (  '', ( #889 ), #5665 ) ;
#2095 = CARTESIAN_POINT ( 'NONE',  ( 0.6565039370078741277, -0.1052775980186415050, 0.1182772172492832646 ) ) ;
#2096 =( CONVERSION_BASED_UNIT ( 'INCH', #527 ) LENGTH_UNIT ( ) NAMED_UNIT ( #2849 ) );
#2097 = ORIENTED_EDGE ( 'NONE', *, *, #5313, .F. ) ;
#2098 = ORIENTED_EDGE ( 'NONE', *, *, #3471, .T. ) ;
#2099 = ADVANCED_FACE ( 'NONE', ( #2039 ), #2074, .T. ) ;
#2100 =( LENGTH_UNIT ( ) NAMED_UNIT ( * ) SI_UNIT ( $, .METRE. ) );
#2101 =( NAMED_UNIT ( * ) SI_UNIT ( $, .STERADIAN. ) SOLID_ANGLE_UNIT ( ) );
#2102 = ORIENTED_EDGE ( 'NONE', *, *, #3959, .T. ) ;
#2103 = B_SPLINE_CURVE_WITH_KNOTS ( 'NONE', 3,
 ( #4892, #1246, #4468, #3506, #760, #5871 ),
 .UNSPECIFIED., .F., .F.,
 ( 4, 2, 4 ),
 ( 0.000000000000000000, 0.0002013031496632100277, 0.0004026062993264200554 ),
 .UNSPECIFIED. ) ;
#2104 = ADVANCED_FACE ( 'NONE', ( #1314 ), #4078, .F. ) ;
#2105 = DIRECTION ( 'NONE',  ( 0.000000000000000000, 0.000000000000000000, 1.000000000000000000 ) ) ;
#2106 = CARTESIAN_POINT ( 'NONE',  ( 0.4840000000000000413, 0.05314914703891407410, 0.1745118110236224540 ) ) ;
#2107 = VECTOR ( 'NONE', #1273, 39.37007874015748143 ) ;
#2108 = EDGE_CURVE ( 'NONE', #3162, #1870, #1434, .T. ) ;
#2109 =( NAMED_UNIT ( * ) PLANE_ANGLE_UNIT ( ) SI_UNIT ( $, .RADIAN. ) );
#2110 = CARTESIAN_POINT ( 'NONE',  ( 6.736246273439711212E-18, -0.1069999999999999840, 0.1555118110236226869 ) ) ;
#2111 = DIRECTION ( 'NONE',  ( -0.9999238504775704861, 0.008726203243944236423, 0.008726203243944220811 ) ) ;
#2112 = PRESENTATION_LAYER_ASSIGNMENT (  '', '', ( #4697 ) ) ;
#2113 = ORIENTED_EDGE ( 'NONE', *, *, #3028, .T. ) ;
#2114 =( CONVERSION_BASED_UNIT ( 'INCH', #2617 ) LENGTH_UNIT ( ) NAMED_UNIT ( #4184 ) );
#2115 =( GEOMETRIC_REPRESENTATION_CONTEXT ( 3 ) GLOBAL_UNCERTAINTY_ASSIGNED_CONTEXT ( ( #456 ) ) GLOBAL_UNIT_ASSIGNED_CONTEXT ( ( #5809, #307, #2559 ) ) REPRESENTATION_CONTEXT ( 'NONE', 'WORKASPACE' ) );
#2116 = CARTESIAN_POINT ( 'NONE',  ( 0.4733497035020817201, -0.09547244094488185895, -0.06877752049651320032 ) ) ;
#2117 = CARTESIAN_POINT ( 'NONE',  ( 0.5303396793241390572, 0.1408839875273233122, 0.1508836067579672757 ) ) ;
#2118 = CARTESIAN_POINT ( 'NONE',  ( 0.9685039370078740717, -0.1043641051433334965, -0.1085540197423983111 ) ) ;
#2119 =( GEOMETRIC_REPRESENTATION_CONTEXT ( 3 ) GLOBAL_UNCERTAINTY_ASSIGNED_CONTEXT ( ( #5566 ) ) GLOBAL_UNIT_ASSIGNED_CONTEXT ( ( #4086, #2668, #2611 ) ) REPRESENTATION_CONTEXT ( 'NONE', 'WORKASPACE' ) );
#2120 = VECTOR ( 'NONE', #1536, 39.37007874015748143 ) ;
#2121 = ORIENTED_EDGE ( 'NONE', *, *, #4532, .F. ) ;
#2122 = CARTESIAN_POINT ( 'NONE',  ( 0.4840000000000000413, 0.07046965511460284715, 0.1745118110236224540 ) ) ;
#2123 = PRESENTATION_STYLE_ASSIGNMENT (( #240 ) ) ;
#2124 = AXIS2_PLACEMENT_3D ( 'NONE', #5727, #1668, #1070 ) ;
#2125 = UNCERTAINTY_MEASURE_WITH_UNIT (LENGTH_MEASURE( 1.000000000000000082E-05 ), #5170, 'distance_accuracy_value', 'NONE');
#2126 = DIMENSIONAL_EXPONENTS ( 1.000000000000000000, 0.000000000000000000, 0.000000000000000000, 0.000000000000000000, 0.000000000000000000, 0.000000000000000000, 0.000000000000000000 ) ;
#2127 = DIRECTION ( 'NONE',  ( -1.000000000000000000, 0.000000000000000000, 0.000000000000000000 ) ) ;
#2128 =( CONVERSION_BASED_UNIT ( 'INCH', #336 ) LENGTH_UNIT ( ) NAMED_UNIT ( #5684 ) );
#2129 = ORIENTED_EDGE ( 'NONE', *, *, #2578, .F. ) ;
#2130 = ORIENTED_EDGE ( 'NONE', *, *, #5013, .T. ) ;
#2131 = SURFACE_STYLE_USAGE ( .BOTH. , #3297 ) ;
#2132 = SURFACE_STYLE_FILL_AREA ( #250 ) ;
#2133 =( CONVERSION_BASED_UNIT ( 'INCH', #3515 ) LENGTH_UNIT ( ) NAMED_UNIT ( #2571 ) );
#2134 = LENGTH_MEASURE_WITH_UNIT ( LENGTH_MEASURE( 0.02539999999999999897 ), #912 );
#2135 = VERTEX_POINT ( 'NONE', #4227 ) ;
#2136 = AXIS2_PLACEMENT_3D ( 'NONE', #2970, #3002, #4848 ) ;
#2137 = CARTESIAN_POINT ( 'NONE',  ( 0.5282606005958296880, 0.1509017506031535838, 0.1409021313725140612 ) ) ;
#2138 = DIRECTION ( 'NONE',  ( 0.000000000000000000, -0.5000000000000012212, -0.8660254037844379305 ) ) ;
#2139 = COLOUR_RGB ( '',0.8588235294117646523, 0.09803921568627450844, 0.09803921568627450844 ) ;
#2140 = EDGE_CURVE ( 'NONE', #2316, #797, #1930, .T. ) ;
#2141 = SURFACE_STYLE_USAGE ( .BOTH. , #261 ) ;
#2142 = ORIENTED_EDGE ( 'NONE', *, *, #4354, .T. ) ;
#2143 = LINE ( 'NONE', #1204, #3938 ) ;
#2144 =( GEOMETRIC_REPRESENTATION_CONTEXT ( 3 ) GLOBAL_UNCERTAINTY_ASSIGNED_CONTEXT ( ( #4469 ) ) GLOBAL_UNIT_ASSIGNED_CONTEXT ( ( #5099, #5472, #4100 ) ) REPRESENTATION_CONTEXT ( 'NONE', 'WORKASPACE' ) );
#2145 = CARTESIAN_POINT ( 'NONE',  ( 0.4879999999999999338, -0.1555118110236234918, -0.1512530995417304680 ) ) ;
#2146 = PLANE ( 'NONE',  #3078 ) ;
#2147 = ADVANCED_FACE ( 'NONE', ( #4257 ), #8, .T. ) ;
#2148 = LINE ( 'NONE', #2529, #1385 ) ;
#2149 = EDGE_CURVE ( 'NONE', #4488, #3378, #3880, .T. ) ;
#2150 = EDGE_LOOP ( 'NONE', ( #2295, #2878, #734, #4932 ) ) ;
#2151 = CARTESIAN_POINT ( 'NONE',  ( 0.4764944465005350738, -0.04564359353944905801, 0.1615118110236226645 ) ) ;
#2152 = CARTESIAN_POINT ( 'NONE',  ( 0.4879999999999999338, 0.08000000000000054290, -0.1555118110236232143 ) ) ;
#2153 = VECTOR ( 'NONE', #2683, 39.37007874015748143 ) ;
#2154 =( LENGTH_UNIT ( ) NAMED_UNIT ( * ) SI_UNIT ( $, .METRE. ) );
#2155 =( NAMED_UNIT ( * ) PLANE_ANGLE_UNIT ( ) SI_UNIT ( $, .RADIAN. ) );
#2156 = CARTESIAN_POINT ( 'NONE',  ( 0.000000000000000000, -0.09842519685039369248, 0.09842519685039372024 ) ) ;
#2157 = ORIENTED_EDGE ( 'NONE', *, *, #3050, .T. ) ;
#2158 = ORIENTED_EDGE ( 'NONE', *, *, #263, .T. ) ;
#2159 = CARTESIAN_POINT ( 'NONE',  ( 0.08861969274208310321, 0.000000000000000000, -0.2071344271352203170 ) ) ;
#2160 =( CONVERSION_BASED_UNIT ( 'INCH', #2602 ) LENGTH_UNIT ( ) NAMED_UNIT ( #4895 ) );
#2161 = CARTESIAN_POINT ( 'NONE',  ( 0.5282606005958294659, -0.1509017506031568590, 0.1409021313725145608 ) ) ;
#2162 = CARTESIAN_POINT ( 'NONE',  ( 0.4840000000000000413, 0.1745118110236222320, -0.07046965511460344389 ) ) ;
#2163 = CIRCLE ( 'NONE', #2253, 0.2157480314960628087 ) ;
#2164 = DIMENSIONAL_EXPONENTS ( 1.000000000000000000, 0.000000000000000000, 0.000000000000000000, 0.000000000000000000, 0.000000000000000000, 0.000000000000000000, 0.000000000000000000 ) ;
#2165 = VERTEX_POINT ( 'NONE', #648 ) ;
#2166 = SURFACE_SIDE_STYLE ('',( #4911 ) ) ;
#2167 = DIRECTION ( 'NONE',  ( -0.9995695637461119443, 0.000000000000000000, -0.02933747147263221500 ) ) ;
#2168 = CARTESIAN_POINT ( 'NONE',  ( 0.4730303448853973580, 0.1555118110236232976, 0.1745118110236225650 ) ) ;
#2169 = AXIS2_PLACEMENT_3D ( 'NONE', #3893, #567, #2399 ) ;
#2170 = FILL_AREA_STYLE_COLOUR ( '', #4035 ) ;
#2171 = STYLED_ITEM ( 'NONE', ( #401 ), #5008 ) ;
#2172 = VERTEX_POINT ( 'NONE', #5336 ) ;
#2173 = CIRCLE ( 'NONE', #4761, 0.01000000000000000194 ) ;
#2174 =( NAMED_UNIT ( * ) PLANE_ANGLE_UNIT ( ) SI_UNIT ( $, .RADIAN. ) );
#2175 = FILL_AREA_STYLE ('',( #5491 ) ) ;
#2176 = CARTESIAN_POINT ( 'NONE',  ( 6.636203011952983232E-18, 0.1555118110236225482, -0.1070000000000005252 ) ) ;
#2177 = VECTOR ( 'NONE', #654, 39.37007874015748143 ) ;
#2178 = STYLED_ITEM ( 'NONE', ( #2831 ), #4592 ) ;
#2179 = ORIENTED_EDGE ( 'NONE', *, *, #2896, .F. ) ;
#2180 = ADVANCED_FACE ( 'NONE', ( #2506 ), #5635, .F. ) ;
#2181 = EDGE_CURVE ( 'NONE', #4285, #1692, #5297, .T. ) ;
#2182 = LINE ( 'NONE', #1155, #3274 ) ;
#2183 = UNCERTAINTY_MEASURE_WITH_UNIT (LENGTH_MEASURE( 1.000000000000000082E-05 ), #4180, 'distance_accuracy_value', 'NONE');
#2184 = SURFACE_STYLE_USAGE ( .BOTH. , #310 ) ;
#2185 = STYLED_ITEM ( 'NONE', ( #1001 ), #5792 ) ;
#2186 = SURFACE_STYLE_USAGE ( .BOTH. , #3083 ) ;
#2187 = ORIENTED_EDGE ( 'NONE', *, *, #1821, .F. ) ;
#2188 = ORIENTED_EDGE ( 'NONE', *, *, #5693, .T. ) ;
#2189 =( NAMED_UNIT ( * ) PLANE_ANGLE_UNIT ( ) SI_UNIT ( $, .RADIAN. ) );
#2190 = SURFACE_STYLE_USAGE ( .BOTH. , #314 ) ;
#2191 = LINE ( 'NONE', #3089, #3851 ) ;
#2192 =( LENGTH_UNIT ( ) NAMED_UNIT ( * ) SI_UNIT ( $, .METRE. ) );
#2193 = ORIENTED_EDGE ( 'NONE', *, *, #1821, .T. ) ;
#2194 = LINE ( 'NONE', #3632, #5269 ) ;
#2195 = CARTESIAN_POINT ( 'NONE',  ( 0.5303396793241380580, -0.1408839875273266151, -0.1508836067579656104 ) ) ;
#2196 = MECHANICAL_DESIGN_GEOMETRIC_PRESENTATION_REPRESENTATION (  '', ( #4792 ), #4497 ) ;
#2197 =( LENGTH_UNIT ( ) NAMED_UNIT ( * ) SI_UNIT ( $, .METRE. ) );
#2198 = CARTESIAN_POINT ( 'NONE',  ( 0.4666794919243111850, 0.1745118110236227316, 0.07046965511460223652 ) ) ;
#2199 = LINE ( 'NONE', #4512, #5187 ) ;
#2200 = PRESENTATION_STYLE_ASSIGNMENT (( #3189 ) ) ;
#2201 = CARTESIAN_POINT ( 'NONE',  ( 0.6565039370078741277, 0.1398694758552900819, -5.463695987328526437E-16 ) ) ;
#2202 = LINE ( 'NONE', #2256, #831 ) ;
#2203 =( CONVERSION_BASED_UNIT ( 'INCH', #3593 ) LENGTH_UNIT ( ) NAMED_UNIT ( #5849 ) );
#2204 = ORIENTED_EDGE ( 'NONE', *, *, #1604, .F. ) ;
#2205 = MECHANICAL_DESIGN_GEOMETRIC_PRESENTATION_REPRESENTATION (  '', ( #1713 ), #534 ) ;
#2206 = VECTOR ( 'NONE', #673, 39.37007874015748143 ) ;
#2207 = DIRECTION ( 'NONE',  ( 0.000000000000000000, 0.000000000000000000, 1.000000000000000000 ) ) ;
#2208 = CARTESIAN_POINT ( 'NONE',  ( 0.4879999999999998783, -0.1512530995417331880, 0.08000000000000000167 ) ) ;
#2209 = CARTESIAN_POINT ( 'NONE',  ( 0.9585039370078740628, -0.1555118110236235474, 0.1371466931045760562 ) ) ;
#2210 = PLANE ( 'NONE',  #5316 ) ;
#2211 = COLOUR_RGB ( '',0.8588235294117646523, 0.09803921568627450844, 0.09803921568627450844 ) ;
#2212 = AXIS2_PLACEMENT_3D ( 'NONE', #1900, #1839, #2533 ) ;
#2213 = ADVANCED_FACE ( 'NONE', ( #1963 ), #2027, .F. ) ;
#2214 =( CONVERSION_BASED_UNIT ( 'INCH', #3570 ) LENGTH_UNIT ( ) NAMED_UNIT ( #1491 ) );
#2215 = VERTEX_POINT ( 'NONE', #3876 ) ;
#2216 = EDGE_CURVE ( 'NONE', #1113, #1362, #5716, .T. ) ;
#2217 = ORIENTED_EDGE ( 'NONE', *, *, #4463, .F. ) ;
#2218 = DIMENSIONAL_EXPONENTS ( 1.000000000000000000, 0.000000000000000000, 0.000000000000000000, 0.000000000000000000, 0.000000000000000000, 0.000000000000000000, 0.000000000000000000 ) ;
#2219 = DIRECTION ( 'NONE',  ( 0.000000000000000000, -1.000000000000000000, 0.000000000000000000 ) ) ;
#2220 = LINE ( 'NONE', #2714, #5784 ) ;
#2221 = LINE ( 'NONE', #1781, #3289 ) ;
#2222 =( GEOMETRIC_REPRESENTATION_CONTEXT ( 3 ) GLOBAL_UNCERTAINTY_ASSIGNED_CONTEXT ( ( #996 ) ) GLOBAL_UNIT_ASSIGNED_CONTEXT ( ( #4045, #1183, #276 ) ) REPRESENTATION_CONTEXT ( 'NONE', 'WORKASPACE' ) );
#2223 = ORIENTED_EDGE ( 'NONE', *, *, #1765, .T. ) ;
#2224 = EDGE_CURVE ( 'NONE', #4268, #1555, #3804, .T. ) ;
#2225 = DIRECTION ( 'NONE',  ( 0.03489949670250104552, 0.000000000000000000, 0.9993908270190957621 ) ) ;
#2226 = VECTOR ( 'NONE', #5833, 39.37007874015748143 ) ;
#2227 = SURFACE_STYLE_USAGE ( .BOTH. , #5378 ) ;
#2228 = DIRECTION ( 'NONE',  ( -1.000000000000000000, 0.000000000000000000, 0.000000000000000000 ) ) ;
#2229 = STYLED_ITEM ( 'NONE', ( #368 ), #2756 ) ;
#2230 = PLANE ( 'NONE',  #1896 ) ;
#2231 = LENGTH_MEASURE_WITH_UNIT ( LENGTH_MEASURE( 0.02539999999999999897 ), #5893 );
#2232 = CARTESIAN_POINT ( 'NONE',  ( 0.4879999999999999338, -0.1555118110236234918, -0.1512530995417304680 ) ) ;
#2233 = SURFACE_STYLE_USAGE ( .BOTH. , #857 ) ;
#2234 = ORIENTED_EDGE ( 'NONE', *, *, #559, .F. ) ;
#2235 =( LENGTH_UNIT ( ) NAMED_UNIT ( * ) SI_UNIT ( $, .METRE. ) );
#2236 = CARTESIAN_POINT ( 'NONE',  ( 0.6565039370078741277, 0.1152772172492832758, 0.1141353317264273415 ) ) ;
#2237 = UNCERTAINTY_MEASURE_WITH_UNIT (LENGTH_MEASURE( 1.000000000000000082E-05 ), #4445, 'distance_accuracy_value', 'NONE');
#2238 = CARTESIAN_POINT ( 'NONE',  ( 0.4666794919243111850, -0.07046965511460284715, 0.1745118110236225095 ) ) ;
#2239 = EDGE_LOOP ( 'NONE', ( #5569, #5597, #4498, #247 ) ) ;
#2240 = ORIENTED_EDGE ( 'NONE', *, *, #1724, .T. ) ;
#2241 = CARTESIAN_POINT ( 'NONE',  ( 0.4557098368097083907, 0.05949999999999999734, 0.1555118110236224649 ) ) ;
#2242 =( NAMED_UNIT ( * ) SI_UNIT ( $, .STERADIAN. ) SOLID_ANGLE_UNIT ( ) );
#2243 = EDGE_CURVE ( 'NONE', #3230, #3481, #5746, .T. ) ;
#2244 =( GEOMETRIC_REPRESENTATION_CONTEXT ( 3 ) GLOBAL_UNCERTAINTY_ASSIGNED_CONTEXT ( ( #927 ) ) GLOBAL_UNIT_ASSIGNED_CONTEXT ( ( #2096, #1444, #1131 ) ) REPRESENTATION_CONTEXT ( 'NONE', 'WORKASPACE' ) );
#2245 = EDGE_LOOP ( 'NONE', ( #363, #6010, #4191, #3025 ) ) ;
#2246 = EDGE_CURVE ( 'NONE', #237, #230, #581, .T. ) ;
#2247 = SURFACE_SIDE_STYLE ('',( #772 ) ) ;
#2248 = EDGE_CURVE ( 'NONE', #1007, #556, #5661, .T. ) ;
#2249 = DIRECTION ( 'NONE',  ( 0.4902612396325558564, 0.000000000000000000, -0.8715755371245511585 ) ) ;
#2250 = CARTESIAN_POINT ( 'NONE',  ( 0.000000000000000000, 0.09842519685039372024, 0.09842519685039372024 ) ) ;
#2251 =( NAMED_UNIT ( * ) SI_UNIT ( $, .STERADIAN. ) SOLID_ANGLE_UNIT ( ) );
#2252 =( LENGTH_UNIT ( ) NAMED_UNIT ( * ) SI_UNIT ( $, .METRE. ) );
#2253 = AXIS2_PLACEMENT_3D ( 'NONE', #561, #1970, #4744 ) ;
#2254 =( NAMED_UNIT ( * ) SI_UNIT ( $, .STERADIAN. ) SOLID_ANGLE_UNIT ( ) );
#2255 = CARTESIAN_POINT ( 'NONE',  ( 0.000000000000000000, -0.1555118110236234918, 0.1555118110236229645 ) ) ;
#2256 = CARTESIAN_POINT ( 'NONE',  ( 0.5282606005958296880, 0.1509017506031535838, -0.1555118110236238804 ) ) ;
#2257 = LINE ( 'NONE', #1823, #614 ) ;
#2258 = MECHANICAL_DESIGN_GEOMETRIC_PRESENTATION_REPRESENTATION (  '', ( #5448 ), #968 ) ;
#2259 = ORIENTED_EDGE ( 'NONE', *, *, #1297, .F. ) ;
#2260 =( NAMED_UNIT ( * ) SI_UNIT ( $, .STERADIAN. ) SOLID_ANGLE_UNIT ( ) );
#2261 =( GEOMETRIC_REPRESENTATION_CONTEXT ( 3 ) GLOBAL_UNCERTAINTY_ASSIGNED_CONTEXT ( ( #4894 ) ) GLOBAL_UNIT_ASSIGNED_CONTEXT ( ( #3977, #3120, #3486 ) ) REPRESENTATION_CONTEXT ( 'NONE', 'WORKASPACE' ) );
#2262 = LINE ( 'NONE', #5065, #5397 ) ;
#2263 = MECHANICAL_DESIGN_GEOMETRIC_PRESENTATION_REPRESENTATION (  '', ( #5822 ), #873 ) ;
#2264 = FILL_AREA_STYLE ('',( #1773 ) ) ;
#2265 =( NAMED_UNIT ( * ) SI_UNIT ( $, .STERADIAN. ) SOLID_ANGLE_UNIT ( ) );
#2266 = COLOUR_RGB ( '',0.8588235294117646523, 0.09803921568627450844, 0.09803921568627450844 ) ;
#2267 = ORIENTED_EDGE ( 'NONE', *, *, #4636, .T. ) ;
#2268 = ORIENTED_EDGE ( 'NONE', *, *, #4631, .F. ) ;
#2269 = CARTESIAN_POINT ( 'NONE',  ( 0.4881889763779527769, -0.1512514503698672297, 0.1555118110236229645 ) ) ;
#2270 = MECHANICAL_DESIGN_GEOMETRIC_PRESENTATION_REPRESENTATION (  '', ( #3709 ), #2361 ) ;
#2271 = ADVANCED_FACE ( 'NONE', ( #645 ), #513, .T. ) ;
#2272 = EDGE_LOOP ( 'NONE', ( #2685, #4526, #656, #482 ) ) ;
#2273 = STYLED_ITEM ( 'NONE', ( #4140 ), #5801 ) ;
#2274 = ORIENTED_EDGE ( 'NONE', *, *, #1495, .T. ) ;
#2275 = FILL_AREA_STYLE ('',( #5429 ) ) ;
#2276 = SURFACE_SIDE_STYLE ('',( #4537 ) ) ;
#2277 = DIMENSIONAL_EXPONENTS ( 1.000000000000000000, 0.000000000000000000, 0.000000000000000000, 0.000000000000000000, 0.000000000000000000, 0.000000000000000000, 0.000000000000000000 ) ;
#2278 = DIRECTION ( 'NONE',  ( 0.000000000000000000, 0.000000000000000000, 1.000000000000000000 ) ) ;
#2279 = CARTESIAN_POINT ( 'NONE',  ( 0.6465039370078740077, -0.1398694758552933570, 0.1555118110236229645 ) ) ;
#2280 = CARTESIAN_POINT ( 'NONE',  ( 0.9364497604584826052, -0.1473395377714145638, -3.047430903308447864E-05 ) ) ;
#2281 = EDGE_CURVE ( 'NONE', #1250, #3657, #2103, .T. ) ;
#2282 = DIRECTION ( 'NONE',  ( 0.000000000000000000, -0.000000000000000000, 1.000000000000000000 ) ) ;
#2283 = ADVANCED_FACE ( 'NONE', ( #334 ), #2210, .T. ) ;
#2284 = SURFACE_STYLE_FILL_AREA ( #2696 ) ;
#2285 = DIRECTION ( 'NONE',  ( 0.000000000000000000, 0.000000000000000000, -1.000000000000000000 ) ) ;
#2286 = CARTESIAN_POINT ( 'NONE',  ( 0.000000000000000000, 0.1745118110236222320, -0.07046965511460344389 ) ) ;
#2287 =( BOUNDED_CURVE ( )  B_SPLINE_CURVE ( 3, ( #5705, #4795, #4670, #1484 ),
 .UNSPECIFIED., .F., .T. ) 
 B_SPLINE_CURVE_WITH_KNOTS ( ( 4, 4 ),
 ( 0.000000000000000000, 1.562069680534929006 ),
 .UNSPECIFIED. ) 
 CURVE ( )  GEOMETRIC_REPRESENTATION_ITEM ( )  RATIONAL_B_SPLINE_CURVE ( ( 1.000000000000000000, 0.8067902504155226584, 0.8067902504155226584, 1.000000000000000000 ) ) 
 REPRESENTATION_ITEM ( '' )  );
#2288 = AXIS2_PLACEMENT_3D ( 'NONE', #155, #3773, #3874 ) ;
#2289 = VERTEX_POINT ( 'NONE', #1214 ) ;
#2290 =( NAMED_UNIT ( * ) SI_UNIT ( $, .STERADIAN. ) SOLID_ANGLE_UNIT ( ) );
#2291 = UNCERTAINTY_MEASURE_WITH_UNIT (LENGTH_MEASURE( 1.000000000000000082E-05 ), #4721, 'distance_accuracy_value', 'NONE');
#2292 =( NAMED_UNIT ( * ) PLANE_ANGLE_UNIT ( ) SI_UNIT ( $, .RADIAN. ) );
#2293 = STYLED_ITEM ( 'NONE', ( #3154 ), #516 ) ;
#2294 = ORIENTED_EDGE ( 'NONE', *, *, #3461, .F. ) ;
#2295 = ORIENTED_EDGE ( 'NONE', *, *, #1694, .T. ) ;
#2296 = LENGTH_MEASURE_WITH_UNIT ( LENGTH_MEASURE( 0.02539999999999999897 ), #900 );
#2297 = VECTOR ( 'NONE', #402, 39.37007874015748143 ) ;
#2298 = UNCERTAINTY_MEASURE_WITH_UNIT (LENGTH_MEASURE( 1.000000000000000082E-05 ), #458, 'distance_accuracy_value', 'NONE');
#2299 = DIRECTION ( 'NONE',  ( -0.008726535498373955493, 0.000000000000000000, 0.9999619230641713097 ) ) ;
#2300 = ORIENTED_EDGE ( 'NONE', *, *, #4222, .F. ) ;
#2301 =( GEOMETRIC_REPRESENTATION_CONTEXT ( 3 ) GLOBAL_UNCERTAINTY_ASSIGNED_CONTEXT ( ( #3447 ) ) GLOBAL_UNIT_ASSIGNED_CONTEXT ( ( #3585, #1337, #1441 ) ) REPRESENTATION_CONTEXT ( 'NONE', 'WORKASPACE' ) );
#2302 = ORIENTED_EDGE ( 'NONE', *, *, #1191, .T. ) ;
#2303 = DIRECTION ( 'NONE',  ( -1.000000000000000000, 5.288791085295143656E-17, 0.000000000000000000 ) ) ;
#2304 = DIRECTION ( 'NONE',  ( -0.9993598575007298646, 0.03489841522308891747, 0.007872472993791828494 ) ) ;
#2305 =( NAMED_UNIT ( * ) SI_UNIT ( $, .STERADIAN. ) SOLID_ANGLE_UNIT ( ) );
#2306 = PLANE ( 'NONE',  #2681 ) ;
#2307 = DIRECTION ( 'NONE',  ( 0.9999619230641711987, 0.008726535498373953759, 0.000000000000000000 ) ) ;
#2308 =( GEOMETRIC_REPRESENTATION_CONTEXT ( 3 ) GLOBAL_UNCERTAINTY_ASSIGNED_CONTEXT ( ( #5508 ) ) GLOBAL_UNIT_ASSIGNED_CONTEXT ( ( #3191, #1355, #4606 ) ) REPRESENTATION_CONTEXT ( 'NONE', 'WORKASPACE' ) );
#2309 = CARTESIAN_POINT ( 'NONE',  ( 0.9685911890729336227, -0.1180007614372362013, 0.1110011422065945441 ) ) ;
#2310 =( CONVERSION_BASED_UNIT ( 'INCH', #5967 ) LENGTH_UNIT ( ) NAMED_UNIT ( #5171 ) );
#2311 = FILL_AREA_STYLE_COLOUR ( '', #4389 ) ;
#2312 = EDGE_CURVE ( 'NONE', #2068, #5070, #2182, .T. ) ;
#2313 = EDGE_CURVE ( 'NONE', #904, #271, #5442, .T. ) ;
#2314 = CARTESIAN_POINT ( 'NONE',  ( 0.6587939807100333667, 0.1069811573559548978, -0.1139600271384903912 ) ) ;
#2315 = MECHANICAL_DESIGN_GEOMETRIC_PRESENTATION_REPRESENTATION (  '', ( #5503 ), #1033 ) ;
#2316 = VERTEX_POINT ( 'NONE', #3934 ) ;
#2317 = VECTOR ( 'NONE', #5726, 39.37007874015748854 ) ;
#2318 = CARTESIAN_POINT ( 'NONE',  ( 1.344927510945184696E-19, 0.000000000000000000, 1.707299049163981313E-17 ) ) ;
#2319 = EDGE_CURVE ( 'NONE', #3231, #5720, #5777, .T. ) ;
#2320 =( LENGTH_UNIT ( ) NAMED_UNIT ( * ) SI_UNIT ( $, .METRE. ) );
#2321 = PRESENTATION_LAYER_ASSIGNMENT (  '', '', ( #5998 ) ) ;
#2322 = ORIENTED_EDGE ( 'NONE', *, *, #4748, .F. ) ;
#2323 = ORIENTED_EDGE ( 'NONE', *, *, #5283, .F. ) ;
#2324 = STYLED_ITEM ( 'NONE', ( #3015 ), #3310 ) ;
#2325 =( LENGTH_UNIT ( ) NAMED_UNIT ( * ) SI_UNIT ( $, .METRE. ) );
#2326 =( CONVERSION_BASED_UNIT ( 'INCH', #5475 ) LENGTH_UNIT ( ) NAMED_UNIT ( #2390 ) );
#2327 = EDGE_LOOP ( 'NONE', ( #5242, #939, #1363, #4808 ) ) ;
#2328 = VERTEX_POINT ( 'NONE', #6013 ) ;
#2329 = FACE_OUTER_BOUND ( 'NONE', #3418, .T. ) ;
#2330 = LENGTH_MEASURE_WITH_UNIT ( LENGTH_MEASURE( 0.02539999999999999897 ), #5544 );
#2331 = LINE ( 'NONE', #1902, #3132 ) ;
#2332 = VECTOR ( 'NONE', #2754, 39.37007874015748143 ) ;
#2333 = CARTESIAN_POINT ( 'NONE',  ( 0.4881889763779527769, -0.1305118110236235252, -0.07299999999999999545 ) ) ;
#2334 =( LENGTH_UNIT ( ) NAMED_UNIT ( * ) SI_UNIT ( $, .METRE. ) );
#2335 = SURFACE_SIDE_STYLE ('',( #2284 ) ) ;
#2336 =( NAMED_UNIT ( * ) PLANE_ANGLE_UNIT ( ) SI_UNIT ( $, .RADIAN. ) );
#2337 = CARTESIAN_POINT ( 'NONE',  ( 0.6275555950670703709, 0.1500352163141189243, -0.1400355970834777641 ) ) ;
#2338 = STYLED_ITEM ( 'NONE', ( #5756 ), #4453 ) ;
#2339 = ORIENTED_EDGE ( 'NONE', *, *, #3648, .T. ) ;
#2340 = PLANE ( 'NONE',  #3843 ) ;
#2341 = DIRECTION ( 'NONE',  ( -0.9999689738169860176, 0.000000000000000000, 0.007877271317152342509 ) ) ;
#2342 = COLOUR_RGB ( '',0.8588235294117646523, 0.09803921568627450844, 0.09803921568627450844 ) ;
#2343 = UNCERTAINTY_MEASURE_WITH_UNIT (LENGTH_MEASURE( 1.000000000000000082E-05 ), #1162, 'distance_accuracy_value', 'NONE');
#2344 = CARTESIAN_POINT ( 'NONE',  ( 0.4772895868002869912, 0.1745118110236222320, -0.07046965511460343001 ) ) ;
#2346 = ADVANCED_FACE ( 'NONE', ( #448 ), #4554, .T. ) ;
#2345 = DIMENSIONAL_EXPONENTS ( 1.000000000000000000, 0.000000000000000000, 0.000000000000000000, 0.000000000000000000, 0.000000000000000000, 0.000000000000000000, 0.000000000000000000 ) ;
#2347 = ORIENTED_EDGE ( 'NONE', *, *, #2569, .T. ) ;
#2348 = EDGE_LOOP ( 'NONE', ( #3620, #2486, #4799, #2323 ) ) ;
#2349 = COLOUR_RGB ( '',0.8588235294117646523, 0.09803921568627450844, 0.09803921568627450844 ) ;
#2350 = STYLED_ITEM ( 'NONE', ( #5941 ), #4232 ) ;
#2351 = EDGE_CURVE ( 'NONE', #304, #5664, #5557, .T. ) ;
#2352 = SURFACE_SIDE_STYLE ('',( #3747 ) ) ;
#2353 = UNCERTAINTY_MEASURE_WITH_UNIT (LENGTH_MEASURE( 1.000000000000000082E-05 ), #1129, 'distance_accuracy_value', 'NONE');
#2354 =( GEOMETRIC_REPRESENTATION_CONTEXT ( 3 ) GLOBAL_UNCERTAINTY_ASSIGNED_CONTEXT ( ( #3992 ) ) GLOBAL_UNIT_ASSIGNED_CONTEXT ( ( #1697, #2603, #4052 ) ) REPRESENTATION_CONTEXT ( 'NONE', 'WORKASPACE' ) );
#2355 = ORIENTED_EDGE ( 'NONE', *, *, #1758, .T. ) ;
#2356 = ORIENTED_EDGE ( 'NONE', *, *, #2686, .T. ) ;
#2357 = SURFACE_STYLE_FILL_AREA ( #3720 ) ;
#2358 = SURFACE_SIDE_STYLE ('',( #4653 ) ) ;
#2359 = EDGE_CURVE ( 'NONE', #3104, #1113, #4129, .T. ) ;
#2360 = LINE ( 'NONE', #3357, #5968 ) ;
#2361 =( GEOMETRIC_REPRESENTATION_CONTEXT ( 3 ) GLOBAL_UNCERTAINTY_ASSIGNED_CONTEXT ( ( #5123 ) ) GLOBAL_UNIT_ASSIGNED_CONTEXT ( ( #3249, #3402, #2523 ) ) REPRESENTATION_CONTEXT ( 'NONE', 'WORKASPACE' ) );
#2362 = DIRECTION ( 'NONE',  ( 0.000000000000000000, 7.913884470697119594E-17, 1.000000000000000000 ) ) ;
#2363 =( NAMED_UNIT ( * ) PLANE_ANGLE_UNIT ( ) SI_UNIT ( $, .RADIAN. ) );
#2364 = CARTESIAN_POINT ( 'NONE',  ( 0.4733497035020817201, 0.09547244094488190058, -0.06877752049651320032 ) ) ;
#2365 = LENGTH_MEASURE_WITH_UNIT ( LENGTH_MEASURE( 0.02539999999999999897 ), #1010 );
#2366 =( NAMED_UNIT ( * ) SI_UNIT ( $, .STERADIAN. ) SOLID_ANGLE_UNIT ( ) );
#2367 = LINE ( 'NONE', #3337, #93 ) ;
#2368 = CARTESIAN_POINT ( 'NONE',  ( 0.000000000000000000, 0.1555118110236202167, 0.1555118110236224094 ) ) ;
#2369 = CARTESIAN_POINT ( 'NONE',  ( 0.9685039370078740717, 0.1180000000000000354, 0.1110003807693582950 ) ) ;
#2370 = VERTEX_POINT ( 'NONE', #5592 ) ;
#2371 =( LENGTH_UNIT ( ) NAMED_UNIT ( * ) SI_UNIT ( $, .METRE. ) );
#2372 = FILL_AREA_STYLE_COLOUR ( '', #4030 ) ;
#2373 = DIRECTION ( 'NONE',  ( 0.000000000000000000, 1.000000000000000000, 0.000000000000000000 ) ) ;
#2374 = PRESENTATION_LAYER_ASSIGNMENT (  '', '', ( #5280 ) ) ;
#2375 = SURFACE_STYLE_USAGE ( .BOTH. , #507 ) ;
#2376 = FACE_OUTER_BOUND ( 'NONE', #1662, .T. ) ;
#2377 = ORIENTED_EDGE ( 'NONE', *, *, #5755, .T. ) ;
#2378 = AXIS2_PLACEMENT_3D ( 'NONE', #3250, #4582, #5471 ) ;
#2379 = FILL_AREA_STYLE_COLOUR ( '', #696 ) ;
#2380 =( NAMED_UNIT ( * ) PLANE_ANGLE_UNIT ( ) SI_UNIT ( $, .RADIAN. ) );
#2381 = STYLED_ITEM ( 'NONE', ( #1383 ), #408 ) ;
#2382 = ADVANCED_FACE ( 'NONE', ( #4156 ), #2762, .T. ) ;
#2383 = VERTEX_POINT ( 'NONE', #3226 ) ;
#2384 = ORIENTED_EDGE ( 'NONE', *, *, #5320, .F. ) ;
#2385 = FILL_AREA_STYLE ('',( #521 ) ) ;
#2386 = VECTOR ( 'NONE', #4672, 39.37007874015748143 ) ;
#2387 = DIRECTION ( 'NONE',  ( 0.9999238504775707082, 0.008726203243941670767, -0.008726203243941684645 ) ) ;
#2388 = FILL_AREA_STYLE_COLOUR ( '', #5301 ) ;
#2389 = VECTOR ( 'NONE', #2872, 39.37007874015748143 ) ;
#2390 = DIMENSIONAL_EXPONENTS ( 1.000000000000000000, 0.000000000000000000, 0.000000000000000000, 0.000000000000000000, 0.000000000000000000, 0.000000000000000000, 0.000000000000000000 ) ;
#2391 = CARTESIAN_POINT ( 'NONE',  ( 0.6465039370078740077, 0.1398694758552900819, -0.1398694758552906370 ) ) ;
#2392 = CARTESIAN_POINT ( 'NONE',  ( 6.736246273439711212E-18, -0.1069999999999999840, 0.1555118110236226869 ) ) ;
#2393 =( CONVERSION_BASED_UNIT ( 'INCH', #3437 ) LENGTH_UNIT ( ) NAMED_UNIT ( #3662 ) );
#2394 = SURFACE_SIDE_STYLE ('',( #4687 ) ) ;
#2395 = EDGE_CURVE ( 'NONE', #1190, #1202, #2477, .T. ) ;
#2396 = MECHANICAL_DESIGN_GEOMETRIC_PRESENTATION_REPRESENTATION (  '', ( #5009 ), #344 ) ;
#2397 = ORIENTED_EDGE ( 'NONE', *, *, #4873, .T. ) ;
#2398 = LENGTH_MEASURE_WITH_UNIT ( LENGTH_MEASURE( 0.02539999999999999897 ), #75 );
#2399 = DIRECTION ( 'NONE',  ( -0.9998742944678843392, -0.01585544897978002910, 0.000000000000000000 ) ) ;
#2400 = VECTOR ( 'NONE', #1918, 39.37007874015748143 ) ;
#2401 = FILL_AREA_STYLE_COLOUR ( '', #3689 ) ;
#2402 = SURFACE_STYLE_FILL_AREA ( #5182 ) ;
#2403 = VECTOR ( 'NONE', #2415, 39.37007874015748143 ) ;
#2404 =( NAMED_UNIT ( * ) SI_UNIT ( $, .STERADIAN. ) SOLID_ANGLE_UNIT ( ) );
#2405 = VERTEX_POINT ( 'NONE', #2951 ) ;
#2406 = SURFACE_STYLE_FILL_AREA ( #539 ) ;
#2407 = CARTESIAN_POINT ( 'NONE',  ( 0.3478816891154665192, -0.09547244094488185895, -0.08821483280926889492 ) ) ;
#2408 = PRESENTATION_STYLE_ASSIGNMENT (( #541 ) ) ;
#2409 = VECTOR ( 'NONE', #211, 39.37007874015748143 ) ;
#2410 = PLANE ( 'NONE',  #5896 ) ;
#2411 = PRODUCT_DEFINITION_CONTEXT ( 'detailed design', #4520, 'design' ) ;
#2412 = ORIENTED_EDGE ( 'NONE', *, *, #4410, .F. ) ;
#2413 = MECHANICAL_DESIGN_GEOMETRIC_PRESENTATION_REPRESENTATION (  '', ( #3663 ), #2695 ) ;
#2414 = SURFACE_STYLE_USAGE ( .BOTH. , #1430 ) ;
#2415 = DIRECTION ( 'NONE',  ( -0.000000000000000000, -1.000000000000000000, -0.000000000000000000 ) ) ;
#2416 = UNCERTAINTY_MEASURE_WITH_UNIT (LENGTH_MEASURE( 1.000000000000000082E-05 ), #2783, 'distance_accuracy_value', 'NONE');
#2417 = LINE ( 'NONE', #4256, #5221 ) ;
#2418 = MECHANICAL_DESIGN_GEOMETRIC_PRESENTATION_REPRESENTATION (  '', ( #2699 ), #2144 ) ;
#2419 = ORIENTED_EDGE ( 'NONE', *, *, #149, .F. ) ;
#2420 = ORIENTED_EDGE ( 'NONE', *, *, #2216, .F. ) ;
#2421 =( NAMED_UNIT ( * ) PLANE_ANGLE_UNIT ( ) SI_UNIT ( $, .RADIAN. ) );
#2422 = MECHANICAL_DESIGN_GEOMETRIC_PRESENTATION_REPRESENTATION (  '', ( #2324 ), #3005 ) ;
#2423 = ADVANCED_FACE ( 'NONE', ( #3375 ), #2410, .F. ) ;
#2424 = DIRECTION ( 'NONE',  ( 1.000000000000000000, 0.000000000000000000, -0.000000000000000000 ) ) ;
#2425 = CARTESIAN_POINT ( 'NONE',  ( 0.9389763779527559029, 0.08353543307086615244, -0.07086614173228346358 ) ) ;
#2426 = CARTESIAN_POINT ( 'NONE',  ( 0.6565039370078741277, -0.1555118110236234918, -5.463695987328526437E-16 ) ) ;
#2427 =( GEOMETRIC_REPRESENTATION_CONTEXT ( 3 ) GLOBAL_UNCERTAINTY_ASSIGNED_CONTEXT ( ( #1247 ) ) GLOBAL_UNIT_ASSIGNED_CONTEXT ( ( #2310, #5459, #1845 ) ) REPRESENTATION_CONTEXT ( 'NONE', 'WORKASPACE' ) );
#2428 = VERTEX_POINT ( 'NONE', #957 ) ;
#2429 = EDGE_CURVE ( 'NONE', #1530, #391, #5018, .T. ) ;
#2430 =( GEOMETRIC_REPRESENTATION_CONTEXT ( 3 ) GLOBAL_UNCERTAINTY_ASSIGNED_CONTEXT ( ( #4962 ) ) GLOBAL_UNIT_ASSIGNED_CONTEXT ( ( #2214, #4439, #1751 ) ) REPRESENTATION_CONTEXT ( 'NONE', 'WORKASPACE' ) );
#2431 = DIMENSIONAL_EXPONENTS ( 1.000000000000000000, 0.000000000000000000, 0.000000000000000000, 0.000000000000000000, 0.000000000000000000, 0.000000000000000000, 0.000000000000000000 ) ;
#2432 = SHAPE_DEFINITION_REPRESENTATION ( #3717, #1832 ) ;
#2433 = MECHANICAL_DESIGN_GEOMETRIC_PRESENTATION_REPRESENTATION (  '', ( #3987 ), #1557 ) ;
#2434 = LINE ( 'NONE', #115, #4576 ) ;
#2435 = ORIENTED_EDGE ( 'NONE', *, *, #4276, .F. ) ;
#2436 = PRESENTATION_STYLE_ASSIGNMENT (( #1021 ) ) ;
#2437 = CARTESIAN_POINT ( 'NONE',  ( 0.9685039370078740717, 0.1371466931045733084, 0.01799999999999950598 ) ) ;
#2438 =( NAMED_UNIT ( * ) PLANE_ANGLE_UNIT ( ) SI_UNIT ( $, .RADIAN. ) );
#2439 = CARTESIAN_POINT ( 'NONE',  ( 0.000000000000000000, 0.1555118110236202167, -0.1513699255007648070 ) ) ;
#2440 = CARTESIAN_POINT ( 'NONE',  ( 0.5839210001291272878, -0.07874015748031493178, -0.05871447199293867297 ) ) ;
#2441 = CYLINDRICAL_SURFACE ( 'NONE', #3064, 0.2157480314960628920 ) ;
#2442 = ORIENTED_EDGE ( 'NONE', *, *, #839, .T. ) ;
#2443 =( BOUNDED_CURVE ( )  B_SPLINE_CURVE ( 3, ( #4568, #5001, #345, #2691 ),
 .UNSPECIFIED., .F., .T. ) 
 B_SPLINE_CURVE_WITH_KNOTS ( ( 4, 4 ),
 ( 5.497825219993075940, 7.068545394366096524 ),
 .UNSPECIFIED. ) 
 CURVE ( )  GEOMETRIC_REPRESENTATION_ITEM ( )  RATIONAL_B_SPLINE_CURVE ( ( 1.000000000000000000, 0.8047558030806106766, 0.8047558030806106766, 1.000000000000000000 ) ) 
 REPRESENTATION_ITEM ( '' )  );
#2444 = FILL_AREA_STYLE ('',( #2379 ) ) ;
#2445 = VECTOR ( 'NONE', #1540, 39.37007874015748854 ) ;
#2446 = FILL_AREA_STYLE ('',( #4375 ) ) ;
#2447 = ORIENTED_EDGE ( 'NONE', *, *, #2979, .T. ) ;
#2448 = ORIENTED_EDGE ( 'NONE', *, *, #2576, .T. ) ;
#2449 = SURFACE_SIDE_STYLE ('',( #3842 ) ) ;
#2450 = CARTESIAN_POINT ( 'NONE',  ( 0.000000000000000000, -0.05856624327025864579, -0.1555118110236237139 ) ) ;
#2451 =( CONVERSION_BASED_UNIT ( 'INCH', #5172 ) LENGTH_UNIT ( ) NAMED_UNIT ( #1533 ) );
#2452 = DIRECTION ( 'NONE',  ( -0.000000000000000000, -0.000000000000000000, -1.000000000000000000 ) ) ;
#2453 = VECTOR ( 'NONE', #1396, 39.37007874015747433 ) ;
#2454 = STYLED_ITEM ( 'NONE', ( #1511 ), #4163 ) ;
#2455 = LINE ( 'NONE', #4325, #1333 ) ;
#2456 = FILL_AREA_STYLE_COLOUR ( '', #3860 ) ;
#2457 = ORIENTED_EDGE ( 'NONE', *, *, #5793, .F. ) ;
#2458 = EDGE_CURVE ( 'NONE', #5991, #3387, #1488, .T. ) ;
#2459 = MECHANICAL_DESIGN_GEOMETRIC_PRESENTATION_REPRESENTATION (  '', ( #3520 ), #3135 ) ;
#2460 = FILL_AREA_STYLE_COLOUR ( '', #2924 ) ;
#2461 = FILL_AREA_STYLE_COLOUR ( '', #3946 ) ;
#2462 = CYLINDRICAL_SURFACE ( 'NONE', #1710, 0.01000000000000000194 ) ;
#2463 =( GEOMETRIC_REPRESENTATION_CONTEXT ( 3 ) GLOBAL_UNCERTAINTY_ASSIGNED_CONTEXT ( ( #86 ) ) GLOBAL_UNIT_ASSIGNED_CONTEXT ( ( #1067, #4777, #576 ) ) REPRESENTATION_CONTEXT ( 'NONE', 'WORKASPACE' ) );
#2464 = DIRECTION ( 'NONE',  ( 0.02933747147263221153, -0.000000000000000000, -0.9995695637461118332 ) ) ;
#2465 = EDGE_CURVE ( 'NONE', #3511, #5937, #3312, .T. ) ;
#2466 = VERTEX_POINT ( 'NONE', #1917 ) ;
#2467 = CARTESIAN_POINT ( 'NONE',  ( 0.5779999999999998472, 0.1560000000000000553, -0.1555118110236238804 ) ) ;
#2468 = PRESENTATION_LAYER_ASSIGNMENT (  '', '', ( #5759 ) ) ;
#2469 = DIRECTION ( 'NONE',  ( -1.000000000000000000, 0.000000000000000000, 0.000000000000000000 ) ) ;
#2470 = DIRECTION ( 'NONE',  ( -0.9999238504775705971, -0.008726203243944236423, -0.008726203243944238158 ) ) ;
#2471 = EDGE_CURVE ( 'NONE', #662, #2895, #4673, .T. ) ;
#2472 = DIMENSIONAL_EXPONENTS ( 1.000000000000000000, 0.000000000000000000, 0.000000000000000000, 0.000000000000000000, 0.000000000000000000, 0.000000000000000000, 0.000000000000000000 ) ;
#2473 = ORIENTED_EDGE ( 'NONE', *, *, #1724, .F. ) ;
#2474 = SURFACE_STYLE_FILL_AREA ( #2444 ) ;
#2475 = UNCERTAINTY_MEASURE_WITH_UNIT (LENGTH_MEASURE( 1.000000000000000082E-05 ), #2038, 'distance_accuracy_value', 'NONE');
#2476 = SURFACE_STYLE_FILL_AREA ( #2446 ) ;
#2477 =( BOUNDED_CURVE ( )  B_SPLINE_CURVE ( 3, ( #1457, #988, #5709, #3405 ),
 .UNSPECIFIED., .F., .T. ) 
 B_SPLINE_CURVE_WITH_KNOTS ( ( 4, 4 ),
 ( 5.624127271353175139, 6.942243343006002654 ),
 .UNSPECIFIED. ) 
 CURVE ( )  GEOMETRIC_REPRESENTATION_ITEM ( )  RATIONAL_B_SPLINE_CURVE ( ( 1.000000000000000000, 0.8603796100280611814, 0.8603796100280611814, 1.000000000000000000 ) ) 
 REPRESENTATION_ITEM ( '' )  );
#2478 = ORIENTED_EDGE ( 'NONE', *, *, #2987, .T. ) ;
#2479 = VERTEX_POINT ( 'NONE', #4215 ) ;
#2480 = LINE ( 'NONE', #5602, #306 ) ;
#2481 = SURFACE_STYLE_USAGE ( .BOTH. , #4233 ) ;
#2482 = STYLED_ITEM ( 'NONE', ( #3870 ), #1123 ) ;
#2483 = LINE ( 'NONE', #165, #1851 ) ;
#2484 = VECTOR ( 'NONE', #5927, 39.37007874015747433 ) ;
#2485 = CARTESIAN_POINT ( 'NONE',  ( 0.000000000000000000, -0.05949999999999999734, 0.1555118110236224649 ) ) ;
#2486 = ORIENTED_EDGE ( 'NONE', *, *, #4948, .F. ) ;
#2487 = PRESENTATION_LAYER_ASSIGNMENT (  '', '', ( #1713 ) ) ;
#2488 = VECTOR ( 'NONE', #5409, 39.37007874015748143 ) ;
#2489 = FACE_BOUND ( 'NONE', #5106, .T. ) ;
#2490 = FILL_AREA_STYLE ('',( #1606 ) ) ;
#2491 = ORIENTED_EDGE ( 'NONE', *, *, #3050, .F. ) ;
#2492 = CARTESIAN_POINT ( 'NONE',  ( 0.5328414095732715294, 0.07874015748031495954, -0.08278624562602091008 ) ) ;
#2493 = DIRECTION ( 'NONE',  ( 0.000000000000000000, -3.491481338843132961E-15, 1.000000000000000000 ) ) ;
#2494 = DIMENSIONAL_EXPONENTS ( 1.000000000000000000, 0.000000000000000000, 0.000000000000000000, 0.000000000000000000, 0.000000000000000000, 0.000000000000000000, 0.000000000000000000 ) ;
#2495 = LINE ( 'NONE', #178, #190 ) ;
#2496 = FACE_OUTER_BOUND ( 'NONE', #3559, .T. ) ;
#2497 = ADVANCED_FACE ( 'NONE', ( #3768 ), #607, .T. ) ;
#2498 = CARTESIAN_POINT ( 'NONE',  ( 0.6465039370078740077, -0.1398694758552933570, -5.463695987328526437E-16 ) ) ;
#2499 = LENGTH_MEASURE_WITH_UNIT ( LENGTH_MEASURE( 0.02539999999999999897 ), #1175 );
#2500 = DIRECTION ( 'NONE',  ( -0.02933747147263221153, 3.081487911019577365E-33, 0.9995695637461119443 ) ) ;
#2501 = ORIENTED_EDGE ( 'NONE', *, *, #4455, .F. ) ;
#2502 = EDGE_CURVE ( 'NONE', #459, #5527, #5383, .T. ) ;
#2503 = EDGE_CURVE ( 'NONE', #5660, #3690, #1119, .T. ) ;
#2504 = FILL_AREA_STYLE_COLOUR ( '', #1728 ) ;
#2505 =( NAMED_UNIT ( * ) SI_UNIT ( $, .STERADIAN. ) SOLID_ANGLE_UNIT ( ) );
#2506 = FACE_OUTER_BOUND ( 'NONE', #2690, .T. ) ;
#2507 = SURFACE_SIDE_STYLE ('',( #649 ) ) ;
#2508 = VECTOR ( 'NONE', #1619, 39.37007874015748143 ) ;
#2509 = VERTEX_POINT ( 'NONE', #2117 ) ;
#2510 = ORIENTED_EDGE ( 'NONE', *, *, #3385, .T. ) ;
#2511 = CARTESIAN_POINT ( 'NONE',  ( 0.000000000000000000, -0.1555118110236234918, -0.1513699255007648070 ) ) ;
#2512 = DIMENSIONAL_EXPONENTS ( 1.000000000000000000, 0.000000000000000000, 0.000000000000000000, 0.000000000000000000, 0.000000000000000000, 0.000000000000000000, 0.000000000000000000 ) ;
#2513 = LINE ( 'NONE', #3913, #311 ) ;
#2514 = MECHANICAL_DESIGN_GEOMETRIC_PRESENTATION_REPRESENTATION (  '', ( #937 ), #265 ) ;
#2515 = DIRECTION ( 'NONE',  ( -0.02617694830786632121, 0.000000000000000000, -0.9996573249755574819 ) ) ;
#2516 = VERTEX_POINT ( 'NONE', #3963 ) ;
#2517 = CARTESIAN_POINT ( 'NONE',  ( 0.9585912023628577749, -0.1143637243739752257, -0.01240147085095840221 ) ) ;
#2518 = DIRECTION ( 'NONE',  ( -1.000000000000000000, 0.000000000000000000, 0.000000000000000000 ) ) ;
#2519 = FACE_OUTER_BOUND ( 'NONE', #1310, .T. ) ;
#2520 = DIRECTION ( 'NONE',  ( -0.007877271317152342509, 0.000000000000000000, -0.9999689738169860176 ) ) ;
#2521 = VERTEX_POINT ( 'NONE', #4087 ) ;
#2522 = VECTOR ( 'NONE', #4454, 39.37007874015748143 ) ;
#2523 =( NAMED_UNIT ( * ) SI_UNIT ( $, .STERADIAN. ) SOLID_ANGLE_UNIT ( ) );
#2524 = DIRECTION ( 'NONE',  ( -0.000000000000000000, 0.000000000000000000, 1.000000000000000000 ) ) ;
#2525 = SURFACE_STYLE_USAGE ( .BOTH. , #5319 ) ;
#2526 = CARTESIAN_POINT ( 'NONE',  ( 0.9685039370078740717, 0.1180000000000000354, 0.1110003807693582950 ) ) ;
#2527 = LINE ( 'NONE', #2145, #2508 ) ;
#2528 = CARTESIAN_POINT ( 'NONE',  ( 0.000000000000000000, -0.1082677165354325177, -0.1555118110236238804 ) ) ;
#2529 = CARTESIAN_POINT ( 'NONE',  ( 0.4738117109268476512, 0.07874015748031498729, -0.08451877346889291598 ) ) ;
#2530 = ADVANCED_FACE ( 'NONE', ( #5485 ), #666, .T. ) ;
#2531 = ORIENTED_EDGE ( 'NONE', *, *, #4019, .F. ) ;
#2532 =( NAMED_UNIT ( * ) SI_UNIT ( $, .STERADIAN. ) SOLID_ANGLE_UNIT ( ) );
#2533 = DIRECTION ( 'NONE',  ( 0.000000000000000000, -1.000000000000000000, -3.491481338843132961E-15 ) ) ;
#2534 = UNCERTAINTY_MEASURE_WITH_UNIT (LENGTH_MEASURE( 1.000000000000000082E-05 ), #5658, 'distance_accuracy_value', 'NONE');
#2535 = DIRECTION ( 'NONE',  ( 0.000000000000000000, 0.000000000000000000, 1.000000000000000000 ) ) ;
#2536 =( CONVERSION_BASED_UNIT ( 'INCH', #1560 ) LENGTH_UNIT ( ) NAMED_UNIT ( #2277 ) );
#2537 = DIRECTION ( 'NONE',  ( -0.000000000000000000, 0.8660254037844379305, -0.5000000000000012212 ) ) ;
#2538 = ORIENTED_EDGE ( 'NONE', *, *, #4668, .F. ) ;
#2539 = EDGE_CURVE ( 'NONE', #5686, #304, #2527, .T. ) ;
#2540 = EDGE_LOOP ( 'NONE', ( #2531, #4096, #2903 ) ) ;
#2541 = STYLED_ITEM ( 'NONE', ( #1600 ), #4386 ) ;
#2542 = CARTESIAN_POINT ( 'NONE',  ( 0.4909520247212528221, 0.2265530710563078143, 0.07742167983585489244 ) ) ;
#2543 = SURFACE_STYLE_FILL_AREA ( #3454 ) ;
#2544 = AXIS2_PLACEMENT_3D ( 'NONE', #3523, #4394, #1325 ) ;
#2545 = ORIENTED_EDGE ( 'NONE', *, *, #3497, .T. ) ;
#2546 = ADVANCED_FACE ( 'NONE', ( #4540 ), #377, .T. ) ;
#2547 =( LENGTH_UNIT ( ) NAMED_UNIT ( * ) SI_UNIT ( $, .METRE. ) );
#2548 = SURFACE_STYLE_USAGE ( .BOTH. , #4853 ) ;
#2549 = LINE ( 'NONE', #2110, #5308 ) ;
#2550 =( GEOMETRIC_REPRESENTATION_CONTEXT ( 3 ) GLOBAL_UNCERTAINTY_ASSIGNED_CONTEXT ( ( #4523 ) ) GLOBAL_UNIT_ASSIGNED_CONTEXT ( ( #2013, #4363, #5150 ) ) REPRESENTATION_CONTEXT ( 'NONE', 'WORKASPACE' ) );
#2551 = VERTEX_POINT ( 'NONE', #17 ) ;
#2552 =( NAMED_UNIT ( * ) SI_UNIT ( $, .STERADIAN. ) SOLID_ANGLE_UNIT ( ) );
#2553 = LINE ( 'NONE', #5287, #472 ) ;
#2554 = AXIS2_PLACEMENT_3D ( 'NONE', #1571, #5274, #5243 ) ;
#2555 =( NAMED_UNIT ( * ) PLANE_ANGLE_UNIT ( ) SI_UNIT ( $, .RADIAN. ) );
#2556 = SURFACE_SIDE_STYLE ('',( #753 ) ) ;
#2557 = DIRECTION ( 'NONE',  ( 0.000000000000000000, 0.000000000000000000, -1.000000000000000000 ) ) ;
#2558 = VERTEX_POINT ( 'NONE', #1378 ) ;
#2559 =( NAMED_UNIT ( * ) SI_UNIT ( $, .STERADIAN. ) SOLID_ANGLE_UNIT ( ) );
#2560 = CARTESIAN_POINT ( 'NONE',  ( 0.4840000000000000413, 0.07046965511460284715, 0.1745118110236224540 ) ) ;
#2561 = PRESENTATION_LAYER_ASSIGNMENT (  '', '', ( #3435 ) ) ;
#2562 = CARTESIAN_POINT ( 'NONE',  ( 0.6565039370078741277, 0.1070011422645787691, -0.1140000000000000180 ) ) ;
#2563 = DIRECTION ( 'NONE',  ( 0.000000000000000000, 1.000000000000000000, 0.000000000000000000 ) ) ;
#2564 = LINE ( 'NONE', #4869, #3107 ) ;
#2565 = VERTEX_POINT ( 'NONE', #1904 ) ;
#2566 = EDGE_LOOP ( 'NONE', ( #4518, #5473, #5848 ) ) ;
#2567 = EDGE_CURVE ( 'NONE', #3995, #3690, #4596, .T. ) ;
#2568 = DIRECTION ( 'NONE',  ( 0.2870454613757398854, -0.000000000000000000, -0.9579169604425993301 ) ) ;
#2569 = EDGE_CURVE ( 'NONE', #5664, #836, #43, .T. ) ;
#2570 =( NAMED_UNIT ( * ) PLANE_ANGLE_UNIT ( ) SI_UNIT ( $, .RADIAN. ) );
#2571 = DIMENSIONAL_EXPONENTS ( 1.000000000000000000, 0.000000000000000000, 0.000000000000000000, 0.000000000000000000, 0.000000000000000000, 0.000000000000000000, 0.000000000000000000 ) ;
#2572 = ORIENTED_EDGE ( 'NONE', *, *, #301, .F. ) ;
#2573 = MECHANICAL_DESIGN_GEOMETRIC_PRESENTATION_REPRESENTATION (  '', ( #4916 ), #3550 ) ;
#2574 = SURFACE_SIDE_STYLE ('',( #289 ) ) ;
#2575 = CARTESIAN_POINT ( 'NONE',  ( 0.5295307725200655291, 0.1434344457085524049, 0.1508906659807116857 ) ) ;
#2576 = EDGE_CURVE ( 'NONE', #2509, #2516, #4329, .T. ) ;
#2577 = CYLINDRICAL_SURFACE ( 'NONE', #3036, 0.1999999999999998723 ) ;
#2578 = EDGE_CURVE ( 'NONE', #2383, #5712, #974, .T. ) ;
#2579 = CARTESIAN_POINT ( 'NONE',  ( 0.4881889763779527769, 0.07300000000000045342, -0.1305118110236232476 ) ) ;
#2580 =( GEOMETRIC_REPRESENTATION_CONTEXT ( 3 ) GLOBAL_UNCERTAINTY_ASSIGNED_CONTEXT ( ( #4836 ) ) GLOBAL_UNIT_ASSIGNED_CONTEXT ( ( #2160, #2189, #3821 ) ) REPRESENTATION_CONTEXT ( 'NONE', 'WORKASPACE' ) );
#2581 = VECTOR ( 'NONE', #2524, 39.37007874015748143 ) ;
#2582 = EDGE_LOOP ( 'NONE', ( #1165, #1171, #3482, #1997 ) ) ;
#2583 = SURFACE_STYLE_USAGE ( .BOTH. , #3961 ) ;
#2584 = VECTOR ( 'NONE', #4043, 39.37007874015748143 ) ;
#2585 = DIRECTION ( 'NONE',  ( 0.000000000000000000, 0.000000000000000000, -1.000000000000000000 ) ) ;
#2586 = PLANE ( 'NONE',  #907 ) ;
#2587 =( CONVERSION_BASED_UNIT ( 'INCH', #5004 ) LENGTH_UNIT ( ) NAMED_UNIT ( #2126 ) );
#2588 =( LENGTH_UNIT ( ) NAMED_UNIT ( * ) SI_UNIT ( $, .METRE. ) );
#2589 =( NAMED_UNIT ( * ) SI_UNIT ( $, .STERADIAN. ) SOLID_ANGLE_UNIT ( ) );
#2590 = PRESENTATION_LAYER_ASSIGNMENT (  '', '', ( #248 ) ) ;
#2591 = ORIENTED_EDGE ( 'NONE', *, *, #669, .T. ) ;
#2592 = LINE ( 'NONE', #2151, #719 ) ;
#2593 = CARTESIAN_POINT ( 'NONE',  ( 0.000000000000000000, 0.1555118110236202167, 0.1555118110236224094 ) ) ;
#2594 = CYLINDRICAL_SURFACE ( 'NONE', #432, 0.009999999999999995004 ) ;
#2595 = STYLED_ITEM ( 'NONE', ( #5176 ), #2076 ) ;
#2596 = FILL_AREA_STYLE_COLOUR ( '', #2885 ) ;
#2597 = UNCERTAINTY_MEASURE_WITH_UNIT (LENGTH_MEASURE( 1.000000000000000082E-05 ), #5036, 'distance_accuracy_value', 'NONE');
#2598 = CARTESIAN_POINT ( 'NONE',  ( 0.5283520911099980344, 0.1497782122580164355, -0.1462021613596544978 ) ) ;
#2599 = DIRECTION ( 'NONE',  ( -0.9999238504775705971, -0.008726203243944236423, -0.008726203243944238158 ) ) ;
#2600 = ORIENTED_EDGE ( 'NONE', *, *, #804, .F. ) ;
#2601 = ORIENTED_EDGE ( 'NONE', *, *, #4907, .F. ) ;
#2602 = LENGTH_MEASURE_WITH_UNIT ( LENGTH_MEASURE( 0.02539999999999999897 ), #1664 );
#2603 =( NAMED_UNIT ( * ) PLANE_ANGLE_UNIT ( ) SI_UNIT ( $, .RADIAN. ) );
#2604 = LINE ( 'NONE', #286, #5197 ) ;
#2605 =( LENGTH_UNIT ( ) NAMED_UNIT ( * ) SI_UNIT ( $, .METRE. ) );
#2606 = ORIENTED_EDGE ( 'NONE', *, *, #2224, .T. ) ;
#2607 = CARTESIAN_POINT ( 'NONE',  ( 0.000000000000000000, -0.1555118110236234918, -0.1082677165354330728 ) ) ;
#2608 = EDGE_CURVE ( 'NONE', #4775, #1058, #1473, .T. ) ;
#2609 = DIRECTION ( 'NONE',  ( 0.9999619230641711987, 0.008726535498373953759, 0.000000000000000000 ) ) ;
#2610 = CARTESIAN_POINT ( 'NONE',  ( 0.4840000000000000413, 0.1555118110236222706, -0.05950000000000054551 ) ) ;
#2611 =( NAMED_UNIT ( * ) SI_UNIT ( $, .STERADIAN. ) SOLID_ANGLE_UNIT ( ) );
#2612 = SURFACE_SIDE_STYLE ('',( #1641 ) ) ;
#2613 =( CONVERSION_BASED_UNIT ( 'INCH', #1142 ) LENGTH_UNIT ( ) NAMED_UNIT ( #5561 ) );
#2614 = EDGE_CURVE ( 'NONE', #4587, #2165, #5175, .T. ) ;
#2615 = VERTEX_POINT ( 'NONE', #947 ) ;
#2616 = EDGE_CURVE ( 'NONE', #2777, #3, #4839, .T. ) ;
#2617 = LENGTH_MEASURE_WITH_UNIT ( LENGTH_MEASURE( 0.02539999999999999897 ), #1236 );
#2618 = PRESENTATION_LAYER_ASSIGNMENT (  '', '', ( #280 ) ) ;
#2619 = STYLED_ITEM ( 'NONE', ( #5349 ), #3546 ) ;
#2620 = ORIENTED_EDGE ( 'NONE', *, *, #4986, .F. ) ;
#2621 = PLANE ( 'NONE',  #3748 ) ;
#2622 = FILL_AREA_STYLE ('',( #759 ) ) ;
#2623 = STYLED_ITEM ( 'NONE', ( #431 ), #3715 ) ;
#2624 = FILL_AREA_STYLE ('',( #2596 ) ) ;
#2625 = SURFACE_STYLE_FILL_AREA ( #2680 ) ;
#2626 = DIRECTION ( 'NONE',  ( 0.000000000000000000, -3.491481338843132961E-15, 1.000000000000000000 ) ) ;
#2627 =( NAMED_UNIT ( * ) SI_UNIT ( $, .STERADIAN. ) SOLID_ANGLE_UNIT ( ) );
#2628 = ORIENTED_EDGE ( 'NONE', *, *, #5540, .T. ) ;
#2629 =( GEOMETRIC_REPRESENTATION_CONTEXT ( 3 ) GLOBAL_UNCERTAINTY_ASSIGNED_CONTEXT ( ( #1304 ) ) GLOBAL_UNIT_ASSIGNED_CONTEXT ( ( #2844, #2336, #3697 ) ) REPRESENTATION_CONTEXT ( 'NONE', 'WORKASPACE' ) );
#2630 = ORIENTED_EDGE ( 'NONE', *, *, #4354, .F. ) ;
#2631 = CYLINDRICAL_SURFACE ( 'NONE', #4666, 0.05000000000000000971 ) ;
#2632 = DIRECTION ( 'NONE',  ( 0.000000000000000000, 0.000000000000000000, -1.000000000000000000 ) ) ;
#2633 = CARTESIAN_POINT ( 'NONE',  ( 0.6565039370078741277, 0.1398694758552900819, -5.463695987328526437E-16 ) ) ;
#2634 =( NAMED_UNIT ( * ) SI_UNIT ( $, .STERADIAN. ) SOLID_ANGLE_UNIT ( ) );
#2635 = CIRCLE ( 'NONE', #21, 0.01499999999999997863 ) ;
#2636 = VERTEX_POINT ( 'NONE', #3664 ) ;
#2637 = PLANE ( 'NONE',  #317 ) ;
#2638 = DIRECTION ( 'NONE',  ( 0.000000000000000000, 1.000000000000000000, 3.491481338843132961E-15 ) ) ;
#2639 =( NAMED_UNIT ( * ) PLANE_ANGLE_UNIT ( ) SI_UNIT ( $, .RADIAN. ) );
#2640 = FACE_OUTER_BOUND ( 'NONE', #4802, .T. ) ;
#2641 = CARTESIAN_POINT ( 'NONE',  ( 0.6565039370078741277, 0.1170000000000000207, -5.461864449044953275E-16 ) ) ;
#2642 = PRESENTATION_STYLE_ASSIGNMENT (( #2548 ) ) ;
#2643 = FILL_AREA_STYLE_COLOUR ( '', #5918 ) ;
#2644 =( GEOMETRIC_REPRESENTATION_CONTEXT ( 3 ) GLOBAL_UNCERTAINTY_ASSIGNED_CONTEXT ( ( #5558 ) ) GLOBAL_UNIT_ASSIGNED_CONTEXT ( ( #5790, #2639, #3551 ) ) REPRESENTATION_CONTEXT ( 'NONE', 'WORKASPACE' ) );
#2645 =( NAMED_UNIT ( * ) PLANE_ANGLE_UNIT ( ) SI_UNIT ( $, .RADIAN. ) );
#2646 = SURFACE_STYLE_FILL_AREA ( #2175 ) ;
#2647 = DIRECTION ( 'NONE',  ( 0.9998096356151562336, -0.008725206505940203902, 0.01745174210551314609 ) ) ;
#2648 = VECTOR ( 'NONE', #2742, 39.37007874015748143 ) ;
#2649 = VECTOR ( 'NONE', #2568, 39.37007874015748854 ) ;
#2650 = ADVANCED_FACE ( 'NONE', ( #4144 ), #6002, .F. ) ;
#2651 = SURFACE_STYLE_USAGE ( .BOTH. , #302 ) ;
#2652 = DIRECTION ( 'NONE',  ( -0.000000000000000000, 0.000000000000000000, -1.000000000000000000 ) ) ;
#2653 = ORIENTED_EDGE ( 'NONE', *, *, #5020, .F. ) ;
#2654 = DIRECTION ( 'NONE',  ( 0.9995695637461118332, -2.891205793294677833E-16, 0.02933747147263227745 ) ) ;
#2655 = LINE ( 'NONE', #4490, #3459 ) ;
#2656 = UNCERTAINTY_MEASURE_WITH_UNIT (LENGTH_MEASURE( 1.000000000000000082E-05 ), #161, 'distance_accuracy_value', 'NONE');
#2657 = CARTESIAN_POINT ( 'NONE',  ( 0.002626596600574426267, -0.1554888890623506437, -0.1454892698317062361 ) ) ;
#2658 = CARTESIAN_POINT ( 'NONE',  ( 0.002626596600574425833, -0.1554888890623506437, -0.1454892698317061805 ) ) ;
#2659 = ORIENTED_EDGE ( 'NONE', *, *, #4600, .T. ) ;
#2660 = ORIENTED_EDGE ( 'NONE', *, *, #443, .T. ) ;
#2661 = COLOUR_RGB ( '',0.8588235294117646523, 0.09803921568627450844, 0.09803921568627450844 ) ;
#2662 = DIRECTION ( 'NONE',  ( -0.9999492317187643753, -0.008726424742680500418, 0.005038203674249653284 ) ) ;
#2663 = FACE_OUTER_BOUND ( 'NONE', #5884, .T. ) ;
#2664 = ORIENTED_EDGE ( 'NONE', *, *, #5153, .F. ) ;
#2665 =( NAMED_UNIT ( * ) PLANE_ANGLE_UNIT ( ) SI_UNIT ( $, .RADIAN. ) );
#2666 = CARTESIAN_POINT ( 'NONE',  ( 0.5283520569360838914, -0.1497799025726880839, -0.1461972982320529912 ) ) ;
#2667 = STYLED_ITEM ( 'NONE', ( #5528 ), #158 ) ;
#2668 =( NAMED_UNIT ( * ) PLANE_ANGLE_UNIT ( ) SI_UNIT ( $, .RADIAN. ) );
#2669 =( BOUNDED_CURVE ( )  B_SPLINE_CURVE ( 3, ( #4893, #5298, #5263, #2562 ),
 .UNSPECIFIED., .F., .T. ) 
 B_SPLINE_CURVE_WITH_KNOTS ( ( 4, 4 ),
 ( 2.034489625915343325, 3.605133653665343552 ),
 .UNSPECIFIED. ) 
 CURVE ( )  GEOMETRIC_REPRESENTATION_ITEM ( )  RATIONAL_B_SPLINE_CURVE ( ( 1.000000000000000000, 0.8047737499866900457, 0.8047737499866900457, 1.000000000000000000 ) ) 
 REPRESENTATION_ITEM ( '' )  );
#2670 = VECTOR ( 'NONE', #3524, 39.37007874015748143 ) ;
#2671 =( CONVERSION_BASED_UNIT ( 'INCH', #295 ) LENGTH_UNIT ( ) NAMED_UNIT ( #5258 ) );
#2672 = LINE ( 'NONE', #5463, #3557 ) ;
#2673 = SURFACE_STYLE_USAGE ( .BOTH. , #3156 ) ;
#2674 = FILL_AREA_STYLE ('',( #4859 ) ) ;
#2675 = ORIENTED_EDGE ( 'NONE', *, *, #2024, .T. ) ;
#2676 = VECTOR ( 'NONE', #1464, 39.37007874015748143 ) ;
#2677 = AXIS2_PLACEMENT_3D ( 'NONE', #255, #171, #5760 ) ;
#2678 = EDGE_CURVE ( 'NONE', #2999, #1341, #3888, .T. ) ;
#2679 = CARTESIAN_POINT ( 'NONE',  ( 0.9365039370078737102, -0.1473390649798306529, -5.463695987328526437E-16 ) ) ;
#2680 = FILL_AREA_STYLE ('',( #3108 ) ) ;
#2681 = AXIS2_PLACEMENT_3D ( 'NONE', #5757, #1136, #4847 ) ;
#2682 = VECTOR ( 'NONE', #5724, 39.37007874015748854 ) ;
#2683 = DIRECTION ( 'NONE',  ( -0.000000000000000000, -1.000000000000000000, 0.000000000000000000 ) ) ;
#2684 = ORIENTED_EDGE ( 'NONE', *, *, #3603, .T. ) ;
#2685 = ORIENTED_EDGE ( 'NONE', *, *, #839, .F. ) ;
#2686 = EDGE_CURVE ( 'NONE', #5100, #2558, #560, .T. ) ;
#2687 = AXIS2_PLACEMENT_3D ( 'NONE', #2279, #5966, #3095 ) ;
#2688 = PRESENTATION_STYLE_ASSIGNMENT (( #1284 ) ) ;
#2689 = COLOUR_RGB ( '',1.000000000000000000, 0.9490196078431372140, 0.9098039215686274384 ) ;
#2690 = EDGE_LOOP ( 'NONE', ( #5040, #2964, #3266, #1393 ) ) ;
#2691 = CARTESIAN_POINT ( 'NONE',  ( 0.000000000000000000, -0.1455121917929817765, 0.1555118110236229090 ) ) ;
#2692 = FILL_AREA_STYLE ('',( #1783 ) ) ;
#2693 = FILL_AREA_STYLE_COLOUR ( '', #4970 ) ;
#2694 =( NAMED_UNIT ( * ) SI_UNIT ( $, .STERADIAN. ) SOLID_ANGLE_UNIT ( ) );
#2695 =( GEOMETRIC_REPRESENTATION_CONTEXT ( 3 ) GLOBAL_UNCERTAINTY_ASSIGNED_CONTEXT ( ( #3381 ) ) GLOBAL_UNIT_ASSIGNED_CONTEXT ( ( #2587, #726, #2694 ) ) REPRESENTATION_CONTEXT ( 'NONE', 'WORKASPACE' ) );
#2696 = FILL_AREA_STYLE ('',( #1292 ) ) ;
#2697 =( CONVERSION_BASED_UNIT ( 'INCH', #2231 ) LENGTH_UNIT ( ) NAMED_UNIT ( #1968 ) );
#2698 = LINE ( 'NONE', #5863, #340 ) ;
#2699 = STYLED_ITEM ( 'NONE', ( #4016 ), #3057 ) ;
#2700 =( BOUNDED_CURVE ( )  B_SPLINE_CURVE ( 3, ( #5157, #989, #4919, #2118 ),
 .UNSPECIFIED., .F., .T. ) 
 B_SPLINE_CURVE_WITH_KNOTS ( ( 4, 4 ),
 ( 1.570796326794894338, 3.132866322581641327 ),
 .UNSPECIFIED. ) 
 CURVE ( )  GEOMETRIC_REPRESENTATION_ITEM ( )  RATIONAL_B_SPLINE_CURVE ( ( 1.000000000000000000, 0.8067901764348761606, 0.8067901764348761606, 1.000000000000000000 ) ) 
 REPRESENTATION_ITEM ( '' )  );
#2701 = DIRECTION ( 'NONE',  ( -0.9999238504775704861, 0.008726203243944236423, -0.008726203243944236423 ) ) ;
#2702 = EDGE_LOOP ( 'NONE', ( #2684, #294, #5959, #1258 ) ) ;
#2703 = PRESENTATION_LAYER_ASSIGNMENT (  '', '', ( #4838 ) ) ;
#2704 = SURFACE_STYLE_FILL_AREA ( #5064 ) ;
#2705 = DIRECTION ( 'NONE',  ( -0.9995695637461119443, 1.138269997360111351E-15, -0.02933747147263255500 ) ) ;
#2706 = DIRECTION ( 'NONE',  ( 1.000000000000000000, -0.000000000000000000, 0.000000000000000000 ) ) ;
#2707 = UNCERTAINTY_MEASURE_WITH_UNIT (LENGTH_MEASURE( 1.000000000000000082E-05 ), #596, 'distance_accuracy_value', 'NONE');
#2708 =( NAMED_UNIT ( * ) PLANE_ANGLE_UNIT ( ) SI_UNIT ( $, .RADIAN. ) );
#2709 = VECTOR ( 'NONE', #4094, 39.37007874015748143 ) ;
#2710 = ORIENTED_EDGE ( 'NONE', *, *, #5013, .F. ) ;
#2711 = ORIENTED_EDGE ( 'NONE', *, *, #672, .F. ) ;
#2712 = COLOUR_RGB ( '',0.8588235294117646523, 0.09803921568627450844, 0.09803921568627450844 ) ;
#2713 = EDGE_CURVE ( 'NONE', #5370, #1546, #2455, .T. ) ;
#2714 = CARTESIAN_POINT ( 'NONE',  ( 0.6465912023628577199, -0.1555118110236234918, -0.1498690950859323523 ) ) ;
#2715 = CARTESIAN_POINT ( 'NONE',  ( 0.9685039370078740717, -0.1179999999999999660, 0.1210000000000000103 ) ) ;
#2716 = EDGE_CURVE ( 'NONE', #3750, #2895, #5342, .T. ) ;
#2717 = VECTOR ( 'NONE', #439, 39.37007874015748143 ) ;
#2718 = EDGE_CURVE ( 'NONE', #3772, #5631, #4385, .T. ) ;
#2719 = ORIENTED_EDGE ( 'NONE', *, *, #915, .T. ) ;
#2720 = ORIENTED_EDGE ( 'NONE', *, *, #5973, .T. ) ;
#2721 =( NAMED_UNIT ( * ) PLANE_ANGLE_UNIT ( ) SI_UNIT ( $, .RADIAN. ) );
#2722 = DIRECTION ( 'NONE',  ( 8.154520738727886414E-34, -2.995447361473972179E-16, -1.000000000000000000 ) ) ;
#2723 = CARTESIAN_POINT ( 'NONE',  ( 0.000000000000000000, 0.1555118110236202167, 0.1555118110236224094 ) ) ;
#2724 = LENGTH_MEASURE_WITH_UNIT ( LENGTH_MEASURE( 0.02539999999999999897 ), #2197 );
#2725 =( LENGTH_UNIT ( ) NAMED_UNIT ( * ) SI_UNIT ( $, .METRE. ) );
#2726 = LENGTH_MEASURE_WITH_UNIT ( LENGTH_MEASURE( 0.02539999999999999897 ), #4978 );
#2727 = CYLINDRICAL_SURFACE ( 'NONE', #1376, 0.01000000000000002970 ) ;
#2728 = DIRECTION ( 'NONE',  ( 0.000000000000000000, -1.497723680736986336E-16, 1.000000000000000000 ) ) ;
#2729 = MECHANICAL_DESIGN_GEOMETRIC_PRESENTATION_REPRESENTATION (  '', ( #4865 ), #5051 ) ;
#2730 = DIMENSIONAL_EXPONENTS ( 1.000000000000000000, 0.000000000000000000, 0.000000000000000000, 0.000000000000000000, 0.000000000000000000, 0.000000000000000000, 0.000000000000000000 ) ;
#2731 = DIRECTION ( 'NONE',  ( -0.008726535498373946820, 0.000000000000000000, 0.9999619230641713097 ) ) ;
#2732 = ORIENTED_EDGE ( 'NONE', *, *, #1792, .F. ) ;
#2733 =( CONVERSION_BASED_UNIT ( 'INCH', #3193 ) LENGTH_UNIT ( ) NAMED_UNIT ( #1083 ) );
#2734 = STYLED_ITEM ( 'NONE', ( #4427 ), #5431 ) ;
#2735 = CARTESIAN_POINT ( 'NONE',  ( 0.9685039370078740717, 0.000000000000000000, -0.1085540197423983111 ) ) ;
#2736 = PRESENTATION_LAYER_ASSIGNMENT (  '', '', ( #5650 ) ) ;
#2737 = FILL_AREA_STYLE ('',( #5987 ) ) ;
#2738 = VECTOR ( 'NONE', #5612, 39.37007874015748143 ) ;
#2739 = ORIENTED_EDGE ( 'NONE', *, *, #3239, .T. ) ;
#2740 = ORIENTED_EDGE ( 'NONE', *, *, #1443, .T. ) ;
#2741 = DIRECTION ( 'NONE',  ( 0.000000000000000000, 1.000000000000000000, 0.000000000000000000 ) ) ;
#2742 = DIRECTION ( 'NONE',  ( -0.000000000000000000, -0.000000000000000000, -1.000000000000000000 ) ) ;
#2743 = DIRECTION ( 'NONE',  ( -0.9999238504775704861, 0.008726203243944236423, 0.008726203243944220811 ) ) ;
#2744 = EDGE_LOOP ( 'NONE', ( #1611, #793, #5046, #1134 ) ) ;
#2745 = ORIENTED_EDGE ( 'NONE', *, *, #1494, .F. ) ;
#2746 = CARTESIAN_POINT ( 'NONE',  ( 0.9685039370078742937, 0.1101815174062554525, -0.01817000752958474255 ) ) ;
#2747 = SURFACE_STYLE_FILL_AREA ( #5572 ) ;
#2748 = CARTESIAN_POINT ( 'NONE',  ( 0.4840000000000000413, 0.05949999999999999734, 0.1555118110236224649 ) ) ;
#2749 = ADVANCED_FACE ( 'NONE', ( #3948 ), #1101, .F. ) ;
#2750 = FILL_AREA_STYLE ('',( #4234 ) ) ;
#2751 = CARTESIAN_POINT ( 'NONE',  ( 0.5480645435208928440, 0.08499803790401126713, 0.1507289242115131545 ) ) ;
#2752 = SURFACE_SIDE_STYLE ('',( #5055 ) ) ;
#2753 =( GEOMETRIC_REPRESENTATION_CONTEXT ( 3 ) GLOBAL_UNCERTAINTY_ASSIGNED_CONTEXT ( ( #3868 ) ) GLOBAL_UNIT_ASSIGNED_CONTEXT ( ( #1521, #5629, #1889 ) ) REPRESENTATION_CONTEXT ( 'NONE', 'WORKASPACE' ) );
#2754 = DIRECTION ( 'NONE',  ( 0.000000000000000000, -1.000000000000000000, 0.000000000000000000 ) ) ;
#2755 = ADVANCED_FACE ( 'NONE', ( #4812 ), #1506, .T. ) ;
#2756 = ADVANCED_FACE ( 'NONE', ( #2663 ), #342, .F. ) ;
#2757 = LINE ( 'NONE', #1793, #3392 ) ;
#2758 = VECTOR ( 'NONE', #2654, 39.37007874015748143 ) ;
#2759 = ORIENTED_EDGE ( 'NONE', *, *, #5656, .T. ) ;
#2760 = SURFACE_STYLE_USAGE ( .BOTH. , #5496 ) ;
#2761 = PRESENTATION_STYLE_ASSIGNMENT (( #5928 ) ) ;
#2762 = PLANE ( 'NONE',  #1637 ) ;
#2763 = UNCERTAINTY_MEASURE_WITH_UNIT (LENGTH_MEASURE( 1.000000000000000082E-05 ), #3224, 'distance_accuracy_value', 'NONE');
#2764 =( LENGTH_UNIT ( ) NAMED_UNIT ( * ) SI_UNIT ( $, .METRE. ) );
#2765 =( GEOMETRIC_REPRESENTATION_CONTEXT ( 3 ) GLOBAL_UNCERTAINTY_ASSIGNED_CONTEXT ( ( #37 ) ) GLOBAL_UNIT_ASSIGNED_CONTEXT ( ( #964, #2026, #5133 ) ) REPRESENTATION_CONTEXT ( 'NONE', 'WORKASPACE' ) );
#2766 = PRESENTATION_LAYER_ASSIGNMENT (  '', '', ( #2293 ) ) ;
#2767 = DIMENSIONAL_EXPONENTS ( 1.000000000000000000, 0.000000000000000000, 0.000000000000000000, 0.000000000000000000, 0.000000000000000000, 0.000000000000000000, 0.000000000000000000 ) ;
#2768 = VERTEX_POINT ( 'NONE', #1197 ) ;
#2769 = ORIENTED_EDGE ( 'NONE', *, *, #5723, .T. ) ;
#2770 = CARTESIAN_POINT ( 'NONE',  ( 0.4879999999999999338, -0.1555118110236234918, -0.08000000000000000167 ) ) ;
#2771 = CARTESIAN_POINT ( 'NONE',  ( 0.6565911890729335676, 0.1152779786865195250, 0.1082783594558777845 ) ) ;
#2772 = AXIS2_PLACEMENT_3D ( 'NONE', #141, #628, #2518 ) ;
#2773 = FACE_OUTER_BOUND ( 'NONE', #2348, .T. ) ;
#2774 = UNCERTAINTY_MEASURE_WITH_UNIT (LENGTH_MEASURE( 1.000000000000000082E-05 ), #1848, 'distance_accuracy_value', 'NONE');
#2775 =( NAMED_UNIT ( * ) SI_UNIT ( $, .STERADIAN. ) SOLID_ANGLE_UNIT ( ) );
#2776 = LENGTH_MEASURE_WITH_UNIT ( LENGTH_MEASURE( 0.02539999999999999897 ), #3294 );
#2777 = VERTEX_POINT ( 'NONE', #4937 ) ;
#2778 = MECHANICAL_DESIGN_GEOMETRIC_PRESENTATION_REPRESENTATION (  '', ( #4326 ), #2308 ) ;
#2779 = COLOUR_RGB ( '',0.8588235294117646523, 0.09803921568627450844, 0.09803921568627450844 ) ;
#2780 = ORIENTED_EDGE ( 'NONE', *, *, #1735, .F. ) ;
#2781 = DIRECTION ( 'NONE',  ( -0.9999689738169860176, 5.288626994295009811E-17, 0.007877271317152342509 ) ) ;
#2782 = SURFACE_STYLE_USAGE ( .BOTH. , #5914 ) ;
#2783 =( CONVERSION_BASED_UNIT ( 'INCH', #2330 ) LENGTH_UNIT ( ) NAMED_UNIT ( #196 ) );
#2784 =( NAMED_UNIT ( * ) PLANE_ANGLE_UNIT ( ) SI_UNIT ( $, .RADIAN. ) );
#2785 = DIRECTION ( 'NONE',  ( 0.000000000000000000, 0.000000000000000000, 1.000000000000000000 ) ) ;
#2786 = PRESENTATION_LAYER_ASSIGNMENT (  '', '', ( #2881 ) ) ;
#2787 = LINE ( 'NONE', #3610, #3012 ) ;
#2788 = CARTESIAN_POINT ( 'NONE',  ( 0.9585912023628575529, 0.1471463123352150237, 0.01242408676217775232 ) ) ;
#2789 = PRESENTATION_LAYER_ASSIGNMENT (  '', '', ( #1231 ) ) ;
#2790 = PRESENTATION_STYLE_ASSIGNMENT (( #1382 ) ) ;
#2791 =( NAMED_UNIT ( * ) SI_UNIT ( $, .STERADIAN. ) SOLID_ANGLE_UNIT ( ) );
#2792 = EDGE_CURVE ( 'NONE', #5105, #3772, #4023, .T. ) ;
#2793 = PRESENTATION_STYLE_ASSIGNMENT (( #383 ) ) ;
#2794 = AXIS2_PLACEMENT_3D ( 'NONE', #2498, #4731, #2469 ) ;
#2795 = EDGE_CURVE ( 'NONE', #1113, #5814, #2221, .T. ) ;
#2796 = ORIENTED_EDGE ( 'NONE', *, *, #4834, .F. ) ;
#2797 = DIMENSIONAL_EXPONENTS ( 1.000000000000000000, 0.000000000000000000, 0.000000000000000000, 0.000000000000000000, 0.000000000000000000, 0.000000000000000000, 0.000000000000000000 ) ;
#2798 = AXIS2_PLACEMENT_3D ( 'NONE', #2715, #2299, #515 ) ;
#2799 = ORIENTED_EDGE ( 'NONE', *, *, #5909, .F. ) ;
#2800 = ORIENTED_EDGE ( 'NONE', *, *, #2678, .T. ) ;
#2801 = LINE ( 'NONE', #3774, #4805 ) ;
#2802 =( NAMED_UNIT ( * ) PLANE_ANGLE_UNIT ( ) SI_UNIT ( $, .RADIAN. ) );
#2803 = VERTEX_POINT ( 'NONE', #3578 ) ;
#2804 = VECTOR ( 'NONE', #3618, 39.37007874015748143 ) ;
#2805 = ORIENTED_EDGE ( 'NONE', *, *, #5314, .F. ) ;
#2806 = CARTESIAN_POINT ( 'NONE',  ( 0.6253892509847895909, 0.1400545024818725670, -0.1500541217125148374 ) ) ;
#2807 = DIMENSIONAL_EXPONENTS ( 1.000000000000000000, 0.000000000000000000, 0.000000000000000000, 0.000000000000000000, 0.000000000000000000, 0.000000000000000000, 0.000000000000000000 ) ;
#2808 = LINE ( 'NONE', #523, #1369 ) ;
#2809 = CARTESIAN_POINT ( 'NONE',  ( 0.9685039370078740717, -0.1080003807693582507, 0.1210000000000000103 ) ) ;
#2810 = VECTOR ( 'NONE', #3014, 39.37007874015748143 ) ;
#2811 =( CONVERSION_BASED_UNIT ( 'INCH', #4627 ) LENGTH_UNIT ( ) NAMED_UNIT ( #4586 ) );
#2812 = PRESENTATION_STYLE_ASSIGNMENT (( #3786 ) ) ;
#2813 =( NAMED_UNIT ( * ) SI_UNIT ( $, .STERADIAN. ) SOLID_ANGLE_UNIT ( ) );
#2814 = DIRECTION ( 'NONE',  ( -0.9998096356151561226, -0.008725206505940203902, -0.01745174210551314262 ) ) ;
#2815 =( NAMED_UNIT ( * ) PLANE_ANGLE_UNIT ( ) SI_UNIT ( $, .RADIAN. ) );
#2816 = DIRECTION ( 'NONE',  ( 0.02933747147263221153, 0.000000000000000000, -0.9995695637461118332 ) ) ;
#2817 = MECHANICAL_DESIGN_GEOMETRIC_PRESENTATION_REPRESENTATION (  '', ( #2338 ), #5534 ) ;
#2818 = ORIENTED_EDGE ( 'NONE', *, *, #1032, .F. ) ;
#2819 = ADVANCED_FACE ( 'NONE', ( #1313 ), #1756, .F. ) ;
#2820 = DIRECTION ( 'NONE',  ( 0.000000000000000000, -1.000000000000000000, -3.491481338843132961E-15 ) ) ;
#2821 = EDGE_CURVE ( 'NONE', #1814, #2893, #4195, .T. ) ;
#2822 = DIRECTION ( 'NONE',  ( 0.4472135954999551521, 0.7745966692414837373, -0.4472135954999600926 ) ) ;
#2823 = MECHANICAL_DESIGN_GEOMETRIC_PRESENTATION_REPRESENTATION (  '', ( #4178 ), #2261 ) ;
#2824 = UNCERTAINTY_MEASURE_WITH_UNIT (LENGTH_MEASURE( 1.000000000000000082E-05 ), #899, 'distance_accuracy_value', 'NONE');
#2825 = FACE_OUTER_BOUND ( 'NONE', #4615, .T. ) ;
#2826 = ORIENTED_EDGE ( 'NONE', *, *, #1894, .T. ) ;
#2827 = VERTEX_POINT ( 'NONE', #4562 ) ;
#2828 =( GEOMETRIC_REPRESENTATION_CONTEXT ( 3 ) GLOBAL_UNCERTAINTY_ASSIGNED_CONTEXT ( ( #2824 ) ) GLOBAL_UNIT_ASSIGNED_CONTEXT ( ( #899, #393, #3113 ) ) REPRESENTATION_CONTEXT ( 'NONE', 'WORKASPACE' ) );
#2829 =( GEOMETRIC_REPRESENTATION_CONTEXT ( 3 ) GLOBAL_UNCERTAINTY_ASSIGNED_CONTEXT ( ( #2707 ) ) GLOBAL_UNIT_ASSIGNED_CONTEXT ( ( #596, #2109, #1106 ) ) REPRESENTATION_CONTEXT ( 'NONE', 'WORKASPACE' ) );
#2830 = ADVANCED_FACE ( 'NONE', ( #3263 ), #4106, .T. ) ;
#2831 = PRESENTATION_STYLE_ASSIGNMENT (( #1665 ) ) ;
#2832 = UNCERTAINTY_MEASURE_WITH_UNIT (LENGTH_MEASURE( 1.000000000000000082E-05 ), #3488, 'distance_accuracy_value', 'NONE');
#2833 = DIRECTION ( 'NONE',  ( 0.9999238504775705971, 0.008726203243944238158, -0.008726203243944253771 ) ) ;
#2834 = STYLED_ITEM ( 'NONE', ( #164 ), #5275 ) ;
#2835 = ORIENTED_EDGE ( 'NONE', *, *, #2904, .T. ) ;
#2836 = ORIENTED_EDGE ( 'NONE', *, *, #2033, .F. ) ;
#2837 = CARTESIAN_POINT ( 'NONE',  ( 0.002539331245590682046, 0.1454892698317056532, -0.1454892698317061805 ) ) ;
#2838 = SURFACE_SIDE_STYLE ('',( #5139 ) ) ;
#2839 = CARTESIAN_POINT ( 'NONE',  ( 0.6253892509847895909, 0.1400545024818725670, 0.1500541217125165305 ) ) ;
#2840 = LINE ( 'NONE', #4350, #5719 ) ;
#2841 = DIRECTION ( 'NONE',  ( -0.02933747147263230173, -0.000000000000000000, 0.9995695637461118332 ) ) ;
#2842 =( NAMED_UNIT ( * ) SI_UNIT ( $, .STERADIAN. ) SOLID_ANGLE_UNIT ( ) );
#2843 =( CONVERSION_BASED_UNIT ( 'INCH', #2365 ) LENGTH_UNIT ( ) NAMED_UNIT ( #3727 ) );
#2844 =( CONVERSION_BASED_UNIT ( 'INCH', #1449 ) LENGTH_UNIT ( ) NAMED_UNIT ( #1921 ) );
#2846 =( GEOMETRIC_REPRESENTATION_CONTEXT ( 3 ) GLOBAL_UNCERTAINTY_ASSIGNED_CONTEXT ( ( #1739 ) ) GLOBAL_UNIT_ASSIGNED_CONTEXT ( ( #728, #5803, #2589 ) ) REPRESENTATION_CONTEXT ( 'NONE', 'WORKASPACE' ) );
#2845 = PRODUCT ( 'Anderson_Powerpole_PP15_PP45', 'Anderson_Powerpole_PP15_PP45', '', ( #4246 ) ) ;
#2847 = FACE_OUTER_BOUND ( 'NONE', #2582, .T. ) ;
#2848 = CARTESIAN_POINT ( 'NONE',  ( 0.5779999999999999583, -0.07499999999999999722, 0.1504676814405641050 ) ) ;
#2849 = DIMENSIONAL_EXPONENTS ( 1.000000000000000000, 0.000000000000000000, 0.000000000000000000, 0.000000000000000000, 0.000000000000000000, 0.000000000000000000, 0.000000000000000000 ) ;
#2850 = SURFACE_STYLE_FILL_AREA ( #3306 ) ;
#2851 = CARTESIAN_POINT ( 'NONE',  ( 0.000000000000000000, -0.09842519685039369248, 0.09842519685039372024 ) ) ;
#2852 = ORIENTED_EDGE ( 'NONE', *, *, #3028, .F. ) ;
#2853 = SURFACE_SIDE_STYLE ('',( #3311 ) ) ;
#2854 = FILL_AREA_STYLE ('',( #5626 ) ) ;
#2855 =( NAMED_UNIT ( * ) PLANE_ANGLE_UNIT ( ) SI_UNIT ( $, .RADIAN. ) );
#2856 = DIRECTION ( 'NONE',  ( -0.9995695637461119443, 0.000000000000000000, -0.02933747147263255500 ) ) ;
#2857 = ORIENTED_EDGE ( 'NONE', *, *, #986, .F. ) ;
#2858 = ADVANCED_FACE ( 'NONE', ( #5049 ), #1836, .F. ) ;
#2859 = CYLINDRICAL_SURFACE ( 'NONE', #4403, 0.01000000000000000194 ) ;
#2860 = LINE ( 'NONE', #511, #4378 ) ;
#2861 = FILL_AREA_STYLE ('',( #4314 ) ) ;
#2862 = CARTESIAN_POINT ( 'NONE',  ( 0.9505101051583139116, -0.1555118110236234918, -0.007698822460043135661 ) ) ;
#2863 = DIRECTION ( 'NONE',  ( 0.9983265198117633465, 0.000000000000000000, -0.05782871121279575810 ) ) ;
#2864 = AXIS2_PLACEMENT_3D ( 'NONE', #991, #1858, #2856 ) ;
#2865 = SURFACE_STYLE_FILL_AREA ( #5166 ) ;
#2866 = MECHANICAL_DESIGN_GEOMETRIC_PRESENTATION_REPRESENTATION (  '', ( #4697 ), #4910 ) ;
#2867 = EDGE_CURVE ( 'NONE', #3750, #2870, #4804, .T. ) ;
#2868 = ORIENTED_EDGE ( 'NONE', *, *, #2351, .T. ) ;
#2869 = EDGE_CURVE ( 'NONE', #556, #2289, #4133, .T. ) ;
#2870 = VERTEX_POINT ( 'NONE', #5778 ) ;
#2871 = DIRECTION ( 'NONE',  ( -0.008726535498373946820, 0.000000000000000000, 0.9999619230641713097 ) ) ;
#2872 = DIRECTION ( 'NONE',  ( 0.000000000000000000, 2.995447361473972672E-16, 1.000000000000000000 ) ) ;
#2873 = LINE ( 'NONE', #5271, #4753 ) ;
#2874 = FACE_OUTER_BOUND ( 'NONE', #1603, .T. ) ;
#2875 = CARTESIAN_POINT ( 'NONE',  ( 0.6253892509847909231, -0.1400545024818758699, -0.1500541217125148374 ) ) ;
#2876 = COLOUR_RGB ( '',0.8588235294117646523, 0.09803921568627450844, 0.09803921568627450844 ) ;
#2877 = DIMENSIONAL_EXPONENTS ( 1.000000000000000000, 0.000000000000000000, 0.000000000000000000, 0.000000000000000000, 0.000000000000000000, 0.000000000000000000, 0.000000000000000000 ) ;
#2878 = ORIENTED_EDGE ( 'NONE', *, *, #4115, .F. ) ;
#2879 =( CONVERSION_BASED_UNIT ( 'INCH', #2398 ) LENGTH_UNIT ( ) NAMED_UNIT ( #1576 ) );
#2880 = PLANE ( 'NONE',  #5295 ) ;
#2881 = STYLED_ITEM ( 'NONE', ( #1239 ), #1871 ) ;
#2882 = DIRECTION ( 'NONE',  ( 0.008726535498373965902, 0.000000000000000000, 0.9999619230641713097 ) ) ;
#2883 = FILL_AREA_STYLE ('',( #4754 ) ) ;
#2884 = CARTESIAN_POINT ( 'NONE',  ( 0.000000000000000000, 0.000000000000000000, 0.000000000000000000 ) ) ;
#2885 = COLOUR_RGB ( '',0.8588235294117646523, 0.09803921568627450844, 0.09803921568627450844 ) ;
#2886 = ORIENTED_EDGE ( 'NONE', *, *, #3165, .F. ) ;
#2887 = DIRECTION ( 'NONE',  ( 0.9984330628367411586, -0.008713193337298622346, 0.05527657095289918027 ) ) ;
#2888 = VECTOR ( 'NONE', #3635, 39.37007874015748143 ) ;
#2889 = SURFACE_SIDE_STYLE ('',( #4796 ) ) ;
#2890 =( LENGTH_UNIT ( ) NAMED_UNIT ( * ) SI_UNIT ( $, .METRE. ) );
#2891 = SURFACE_STYLE_USAGE ( .BOTH. , #479 ) ;
#2892 = DIMENSIONAL_EXPONENTS ( 1.000000000000000000, 0.000000000000000000, 0.000000000000000000, 0.000000000000000000, 0.000000000000000000, 0.000000000000000000, 0.000000000000000000 ) ;
#2893 = VERTEX_POINT ( 'NONE', #127 ) ;
#2894 = PRESENTATION_LAYER_ASSIGNMENT (  '', '', ( #2229 ) ) ;
#2895 = VERTEX_POINT ( 'NONE', #1094 ) ;
#2896 = EDGE_CURVE ( 'NONE', #1202, #3318, #3325, .T. ) ;
#2897 = CARTESIAN_POINT ( 'NONE',  ( -0.002727286029201555009, -0.1555356116882279371, 0.1084256963476964153 ) ) ;
#2898 = CARTESIAN_POINT ( 'NONE',  ( 0.000000000000000000, -0.1555118110236234918, 0.000000000000000000 ) ) ;
#2899 = UNCERTAINTY_MEASURE_WITH_UNIT (LENGTH_MEASURE( 1.000000000000000082E-05 ), #4612, 'distance_accuracy_value', 'NONE');
#2900 = VECTOR ( 'NONE', #2833, 39.37007874015748143 ) ;
#2901 =( BOUNDED_CURVE ( )  B_SPLINE_CURVE ( 3, ( #2238, #4471, #3477, #1156 ),
 .UNSPECIFIED., .F., .T. ) 
 B_SPLINE_CURVE_WITH_KNOTS ( ( 4, 4 ),
 ( 5.624127271353176916, 6.942243343005999989 ),
 .UNSPECIFIED. ) 
 CURVE ( )  GEOMETRIC_REPRESENTATION_ITEM ( )  RATIONAL_B_SPLINE_CURVE ( ( 1.000000000000000000, 0.8603796100280620696, 0.8603796100280620696, 1.000000000000000000 ) ) 
 REPRESENTATION_ITEM ( '' )  );
#2902 = ORIENTED_EDGE ( 'NONE', *, *, #1263, .T. ) ;
#2903 = ORIENTED_EDGE ( 'NONE', *, *, #870, .T. ) ;
#2904 = EDGE_CURVE ( 'NONE', #163, #2172, #4739, .T. ) ;
#2905 =( CONVERSION_BASED_UNIT ( 'INCH', #3814 ) LENGTH_UNIT ( ) NAMED_UNIT ( #470 ) );
#2906 = EDGE_CURVE ( 'NONE', #1427, #5631, #4707, .T. ) ;
#2907 = SURFACE_STYLE_USAGE ( .BOTH. , #2394 ) ;
#2908 = COLOUR_RGB ( '',0.8588235294117646523, 0.09803921568627450844, 0.09803921568627450844 ) ;
#2909 = ORIENTED_EDGE ( 'NONE', *, *, #3471, .F. ) ;
#2910 = LINE ( 'NONE', #659, #2075 ) ;
#2911 = FILL_AREA_STYLE ('',( #1414 ) ) ;
#2912 = AXIS2_PLACEMENT_3D ( 'NONE', #3141, #2599, #3109 ) ;
#2913 = LINE ( 'NONE', #599, #4850 ) ;
#2914 = VECTOR ( 'NONE', #3525, 39.37007874015748143 ) ;
#2915 = ORIENTED_EDGE ( 'NONE', *, *, #1486, .F. ) ;
#2916 = LINE ( 'NONE', #2950, #1208 ) ;
#2917 =( CONVERSION_BASED_UNIT ( 'INCH', #5767 ) LENGTH_UNIT ( ) NAMED_UNIT ( #133 ) );
#2918 = SURFACE_STYLE_USAGE ( .BOTH. , #85 ) ;
#2919 = CARTESIAN_POINT ( 'NONE',  ( 0.9685039370078740717, 0.000000000000000000, -0.1085540197423983111 ) ) ;
#2920 = CIRCLE ( 'NONE', #778, 0.009999999999999995004 ) ;
#2921 = ORIENTED_EDGE ( 'NONE', *, *, #2216, .T. ) ;
#2922 = PLANE ( 'NONE',  #2288 ) ;
#2923 = CARTESIAN_POINT ( 'NONE',  ( 0.5586985680644088736, -0.07874015748031494566, -0.06627252237518702072 ) ) ;
#2924 = COLOUR_RGB ( '',0.8588235294117646523, 0.09803921568627450844, 0.09803921568627450844 ) ;
#2925 = LINE ( 'NONE', #484, #2676 ) ;
#2926 = PLANE ( 'NONE',  #872 ) ;
#2927 =( NAMED_UNIT ( * ) PLANE_ANGLE_UNIT ( ) SI_UNIT ( $, .RADIAN. ) );
#2928 = CARTESIAN_POINT ( 'NONE',  ( 0.6565039370078741277, 0.000000000000000000, 0.000000000000000000 ) ) ;
#2929 = MECHANICAL_DESIGN_GEOMETRIC_PRESENTATION_REPRESENTATION (  '', ( #3908 ), #2828 ) ;
#2930 = MECHANICAL_DESIGN_GEOMETRIC_PRESENTATION_REPRESENTATION (  '', ( #5650 ), #2829 ) ;
#2931 = EDGE_LOOP ( 'NONE', ( #3653, #1401, #5194, #749, #4291 ) ) ;
#2932 = ORIENTED_EDGE ( 'NONE', *, *, #2616, .T. ) ;
#2933 = DIMENSIONAL_EXPONENTS ( 1.000000000000000000, 0.000000000000000000, 0.000000000000000000, 0.000000000000000000, 0.000000000000000000, 0.000000000000000000, 0.000000000000000000 ) ;
#2934 =( LENGTH_UNIT ( ) NAMED_UNIT ( * ) SI_UNIT ( $, .METRE. ) );
#2935 =( GEOMETRIC_REPRESENTATION_CONTEXT ( 3 ) GLOBAL_UNCERTAINTY_ASSIGNED_CONTEXT ( ( #30 ) ) GLOBAL_UNIT_ASSIGNED_CONTEXT ( ( #4313, #3803, #4644 ) ) REPRESENTATION_CONTEXT ( 'NONE', 'WORKASPACE' ) );
#2936 = LINE ( 'NONE', #4780, #249 ) ;
#2937 = COLOUR_RGB ( '',0.8588235294117646523, 0.09803921568627450844, 0.09803921568627450844 ) ;
#2938 = DIRECTION ( 'NONE',  ( 0.9999238504775705971, -0.008726203243944238158, -0.008726203243944220811 ) ) ;
#2939 = VERTEX_POINT ( 'NONE', #1559 ) ;
#2940 = COLOUR_RGB ( '',0.8588235294117646523, 0.09803921568627450844, 0.09803921568627450844 ) ;
#2941 = EDGE_CURVE ( 'NONE', #304, #2870, #5200, .T. ) ;
#2942 = LINE ( 'NONE', #4973, #4036 ) ;
#2943 = DIRECTION ( 'NONE',  ( 0.02933747147263221153, -0.000000000000000000, -0.9995695637461118332 ) ) ;
#2944 = FILL_AREA_STYLE ('',( #4274 ) ) ;
#2945 =( LENGTH_UNIT ( ) NAMED_UNIT ( * ) SI_UNIT ( $, .METRE. ) );
#2946 = ADVANCED_FACE ( 'NONE', ( #615 ), #2994, .F. ) ;
#2947 = SURFACE_STYLE_USAGE ( .BOTH. , #5183 ) ;
#2948 = ORIENTED_EDGE ( 'NONE', *, *, #3674, .F. ) ;
#2949 = EDGE_CURVE ( 'NONE', #1058, #1309, #214, .T. ) ;
#2950 = CARTESIAN_POINT ( 'NONE',  ( 0.9389763779527559029, -0.08353543307086615244, 0.000000000000000000 ) ) ;
#2951 = CARTESIAN_POINT ( 'NONE',  ( 0.6465912023628577199, 0.1498690950859317972, -5.463695987328526437E-16 ) ) ;
#2952 =( CONVERSION_BASED_UNIT ( 'INCH', #3656 ) LENGTH_UNIT ( ) NAMED_UNIT ( #1164 ) );
#2953 = UNCERTAINTY_MEASURE_WITH_UNIT (LENGTH_MEASURE( 1.000000000000000082E-05 ), #384, 'distance_accuracy_value', 'NONE');
#2954 = CARTESIAN_POINT ( 'NONE',  ( 0.2915277030083383569, 0.1529676873021228456, -0.3627991316247360931 ) ) ;
#2955 = DIRECTION ( 'NONE',  ( 0.000000000000000000, -0.8660254037844362651, -0.5000000000000041078 ) ) ;
#2956 = ORIENTED_EDGE ( 'NONE', *, *, #3017, .T. ) ;
#2957 = CARTESIAN_POINT ( 'NONE',  ( 0.6161417322834645827, 0.07690905344307663594, -1.334159405228599333E-17 ) ) ;
#2958 = LENGTH_MEASURE_WITH_UNIT ( LENGTH_MEASURE( 0.02539999999999999897 ), #1030 );
#2959 = UNCERTAINTY_MEASURE_WITH_UNIT (LENGTH_MEASURE( 1.000000000000000082E-05 ), #5131, 'distance_accuracy_value', 'NONE');
#2960 = DIMENSIONAL_EXPONENTS ( 1.000000000000000000, 0.000000000000000000, 0.000000000000000000, 0.000000000000000000, 0.000000000000000000, 0.000000000000000000, 0.000000000000000000 ) ;
#2961 = CARTESIAN_POINT ( 'NONE',  ( 0.4701435935394489007, -0.07393375672974054902, 0.1805118110236224593 ) ) ;
#2962 = DIRECTION ( 'NONE',  ( 0.008726535498373955493, -0.9999619230641713097, -1.497666652008505931E-16 ) ) ;
#2963 = FILL_AREA_STYLE ('',( #3757 ) ) ;
#2964 = ORIENTED_EDGE ( 'NONE', *, *, #4340, .T. ) ;
#2965 = ORIENTED_EDGE ( 'NONE', *, *, #5016, .F. ) ;
#2966 = PLANE ( 'NONE',  #1587 ) ;
#2967 = FILL_AREA_STYLE ('',( #5239 ) ) ;
#2968 = CARTESIAN_POINT ( 'NONE',  ( 0.8780243864950660893, 0.07874015748031498729, 0.01297546938129650641 ) ) ;
#2969 = DIRECTION ( 'NONE',  ( 0.000000000000000000, 0.000000000000000000, -1.000000000000000000 ) ) ;
#2970 = CARTESIAN_POINT ( 'NONE',  ( 0.9389763779527559029, 0.08353543307086615244, -0.07086614173228346358 ) ) ;
#2971 = ORIENTED_EDGE ( 'NONE', *, *, #3282, .F. ) ;
#2972 = VECTOR ( 'NONE', #4952, 39.37007874015748143 ) ;
#2973 = VECTOR ( 'NONE', #4624, 39.37007874015748143 ) ;
#2974 = CARTESIAN_POINT ( 'NONE',  ( 0.01522734699637510666, -0.1553789239795821397, -0.1073856625836293599 ) ) ;
#2975 = EDGE_CURVE ( 'NONE', #1729, #4683, #2417, .T. ) ;
#2976 = PRESENTATION_LAYER_ASSIGNMENT (  '', '', ( #5009 ) ) ;
#2977 = PRESENTATION_LAYER_ASSIGNMENT (  '', '', ( #4514 ) ) ;
#2978 = DIMENSIONAL_EXPONENTS ( 1.000000000000000000, 0.000000000000000000, 0.000000000000000000, 0.000000000000000000, 0.000000000000000000, 0.000000000000000000, 0.000000000000000000 ) ;
#2979 = EDGE_CURVE ( 'NONE', #5814, #3378, #1498, .T. ) ;
#2980 = ORIENTED_EDGE ( 'NONE', *, *, #3912, .T. ) ;
#2981 = STYLED_ITEM ( 'NONE', ( #5405 ), #1989 ) ;
#2982 = CARTESIAN_POINT ( 'NONE',  ( 0.000000000000000000, -0.09842519685039369248, 0.09842519685039370636 ) ) ;
#2983 =( NAMED_UNIT ( * ) PLANE_ANGLE_UNIT ( ) SI_UNIT ( $, .RADIAN. ) );
#2984 = ADVANCED_FACE ( 'NONE', ( #814 ), #4868, .F. ) ;
#2985 = LENGTH_MEASURE_WITH_UNIT ( LENGTH_MEASURE( 0.02539999999999999897 ), #1584 );
#2986 = SURFACE_SIDE_STYLE ('',( #1120 ) ) ;
#2987 = EDGE_CURVE ( 'NONE', #1692, #2316, #4494, .T. ) ;
#2988 = VECTOR ( 'NONE', #4288, 39.37007874015748143 ) ;
#2989 = FILL_AREA_STYLE ('',( #3440 ) ) ;
#2990 = ORIENTED_EDGE ( 'NONE', *, *, #3674, .T. ) ;
#2991 =( GEOMETRIC_REPRESENTATION_CONTEXT ( 3 ) GLOBAL_UNCERTAINTY_ASSIGNED_CONTEXT ( ( #5199 ) ) GLOBAL_UNIT_ASSIGNED_CONTEXT ( ( #4493, #5843, #732 ) ) REPRESENTATION_CONTEXT ( 'NONE', 'WORKASPACE' ) );
#2992 = LINE ( 'NONE', #3991, #5940 ) ;
#2993 = LENGTH_MEASURE_WITH_UNIT ( LENGTH_MEASURE( 0.02539999999999999897 ), #275 );
#2994 = PLANE ( 'NONE',  #757 ) ;
#2995 = DIRECTION ( 'NONE',  ( 0.9999619230641711987, 0.008726535498373953759, 0.000000000000000000 ) ) ;
#2996 =( LENGTH_UNIT ( ) NAMED_UNIT ( * ) SI_UNIT ( $, .METRE. ) );
#2997 = MECHANICAL_DESIGN_GEOMETRIC_PRESENTATION_REPRESENTATION (  '', ( #2229 ), #1038 ) ;
#2998 = ORIENTED_EDGE ( 'NONE', *, *, #146, .F. ) ;
#2999 = VERTEX_POINT ( 'NONE', #4405 ) ;
#3000 = PRESENTATION_STYLE_ASSIGNMENT (( #5783 ) ) ;
#3001 =( GEOMETRIC_REPRESENTATION_CONTEXT ( 3 ) GLOBAL_UNCERTAINTY_ASSIGNED_CONTEXT ( ( #1748 ) ) GLOBAL_UNIT_ASSIGNED_CONTEXT ( ( #5537, #4165, #5134 ) ) REPRESENTATION_CONTEXT ( 'NONE', 'WORKASPACE' ) );
#3002 = DIRECTION ( 'NONE',  ( 5.288791085295143656E-17, 1.000000000000000000, 0.000000000000000000 ) ) ;
#3003 = DIMENSIONAL_EXPONENTS ( 1.000000000000000000, 0.000000000000000000, 0.000000000000000000, 0.000000000000000000, 0.000000000000000000, 0.000000000000000000, 0.000000000000000000 ) ;
#3004 = ORIENTED_EDGE ( 'NONE', *, *, #3497, .F. ) ;
#3005 =( GEOMETRIC_REPRESENTATION_CONTEXT ( 3 ) GLOBAL_UNCERTAINTY_ASSIGNED_CONTEXT ( ( #335 ) ) GLOBAL_UNIT_ASSIGNED_CONTEXT ( ( #1653, #3565, #235 ) ) REPRESENTATION_CONTEXT ( 'NONE', 'WORKASPACE' ) );
#3006 = DIRECTION ( 'NONE',  ( 0.9998476951563912696, 0.000000000000000000, 0.01745240643727654153 ) ) ;
#3007 = LENGTH_MEASURE_WITH_UNIT ( LENGTH_MEASURE( 0.02539999999999999897 ), #3487 );
#3008 = STYLED_ITEM ( 'NONE', ( #5733 ), #3531 ) ;
#3009 =( NAMED_UNIT ( * ) PLANE_ANGLE_UNIT ( ) SI_UNIT ( $, .RADIAN. ) );
#3010 = FILL_AREA_STYLE_COLOUR ( '', #1679 ) ;
#3011 = ORIENTED_EDGE ( 'NONE', *, *, #2567, .F. ) ;
#3012 = VECTOR ( 'NONE', #465, 39.37007874015748143 ) ;
#3013 = LENGTH_MEASURE_WITH_UNIT ( LENGTH_MEASURE( 0.02539999999999999897 ), #2371 );
#3014 = DIRECTION ( 'NONE',  ( 0.9999238504775705971, -0.008726203243944236423, 0.008726203243944238158 ) ) ;
#3015 = PRESENTATION_STYLE_ASSIGNMENT (( #1269 ) ) ;
#3016 = SURFACE_SIDE_STYLE ('',( #755 ) ) ;
#3017 = EDGE_CURVE ( 'NONE', #3318, #3231, #2901, .T. ) ;
#3018 = EDGE_LOOP ( 'NONE', ( #4372, #5750, #385 ) ) ;
#3019 = CARTESIAN_POINT ( 'NONE',  ( 0.4738117109268476512, -0.07874015748031493178, -0.08451877346889291598 ) ) ;
#3020 = EDGE_CURVE ( 'NONE', #841, #2516, #5418, .T. ) ;
#3021 = FILL_AREA_STYLE ('',( #5328 ) ) ;
#3022 = UNCERTAINTY_MEASURE_WITH_UNIT (LENGTH_MEASURE( 1.000000000000000082E-05 ), #3749, 'distance_accuracy_value', 'NONE');
#3023 = FILL_AREA_STYLE ('',( #5580 ) ) ;
#3024 = ORIENTED_EDGE ( 'NONE', *, *, #3503, .T. ) ;
#3025 = ORIENTED_EDGE ( 'NONE', *, *, #714, .F. ) ;
#3026 = VECTOR ( 'NONE', #3729, 39.37007874015748143 ) ;
#3027 =( LENGTH_UNIT ( ) NAMED_UNIT ( * ) SI_UNIT ( $, .METRE. ) );
#3028 = EDGE_CURVE ( 'NONE', #3884, #2370, #120, .T. ) ;
#3029 =( NAMED_UNIT ( * ) PLANE_ANGLE_UNIT ( ) SI_UNIT ( $, .RADIAN. ) );
#3030 = DIRECTION ( 'NONE',  ( 0.9579169604425993301, 0.000000000000000000, 0.2870454613757401074 ) ) ;
#3031 = SURFACE_SIDE_STYLE ('',( #2543 ) ) ;
#3032 = ORIENTED_EDGE ( 'NONE', *, *, #3133, .F. ) ;
#3033 = CARTESIAN_POINT ( 'NONE',  ( 0.000000000000000000, -0.1555118110236234918, 0.1555118110236229645 ) ) ;
#3034 = DIRECTION ( 'NONE',  ( -0.4472135954999551521, -0.7745966692414836263, 0.4472135954999600371 ) ) ;
#3035 = VECTOR ( 'NONE', #828, 39.37007874015748143 ) ;
#3036 = AXIS2_PLACEMENT_3D ( 'NONE', #5823, #746, #1762 ) ;
#3037 = DIRECTION ( 'NONE',  ( 0.000000000000000000, -0.4999999999999985567, -0.8660254037844393737 ) ) ;
#3038 = CARTESIAN_POINT ( 'NONE',  ( 0.9685039370078740717, 0.1470598052105231146, 0.01799999999999950598 ) ) ;
#3039 = PRESENTATION_LAYER_ASSIGNMENT (  '', '', ( #2734 ) ) ;
#3040 = ORIENTED_EDGE ( 'NONE', *, *, #5320, .T. ) ;
#3041 =( LENGTH_UNIT ( ) NAMED_UNIT ( * ) SI_UNIT ( $, .METRE. ) );
#3042 = DIRECTION ( 'NONE',  ( -0.000000000000000000, -1.000000000000000000, -0.000000000000000000 ) ) ;
#3043 = SURFACE_STYLE_FILL_AREA ( #3866 ) ;
#3044 = CARTESIAN_POINT ( 'NONE',  ( 0.9644083945749450937, 0.1143129585066268855, -0.1044438074526307936 ) ) ;
#3045 = EDGE_LOOP ( 'NONE', ( #565, #1598, #2339, #3235, #2835, #4134, #2157 ) ) ;
#3046 = CARTESIAN_POINT ( 'NONE',  ( 0.6262433499936721493, -0.1425928436186918169, 0.1500466681033957583 ) ) ;
#3047 = PRESENTATION_STYLE_ASSIGNMENT (( #3533 ) ) ;
#3048 = AXIS2_PLACEMENT_3D ( 'NONE', #2884, #25, #5674 ) ;
#3049 = FILL_AREA_STYLE_COLOUR ( '', #4934 ) ;
#3050 = EDGE_CURVE ( 'NONE', #3, #1028, #4437, .T. ) ;
#3051 = ORIENTED_EDGE ( 'NONE', *, *, #3649, .T. ) ;
#3052 = ORIENTED_EDGE ( 'NONE', *, *, #5842, .F. ) ;
#3053 = DIRECTION ( 'NONE',  ( -1.000000000000000000, -0.000000000000000000, -0.000000000000000000 ) ) ;
#3054 = FILL_AREA_STYLE ('',( #5476 ) ) ;
#3055 = PRESENTATION_STYLE_ASSIGNMENT (( #3176 ) ) ;
#3056 = CIRCLE ( 'NONE', #1887, 0.009999999999999995004 ) ;
#3057 = ADVANCED_FACE ( 'NONE', ( #1689 ), #4995, .T. ) ;
#3058 = ORIENTED_EDGE ( 'NONE', *, *, #1223, .F. ) ;
#3059 = MECHANICAL_DESIGN_GEOMETRIC_PRESENTATION_REPRESENTATION (  '', ( #4514 ), #1125 ) ;
#3060 =( NAMED_UNIT ( * ) SI_UNIT ( $, .STERADIAN. ) SOLID_ANGLE_UNIT ( ) );
#3061 = STYLED_ITEM ( 'NONE', ( #446 ), #197 ) ;
#3062 =( CONVERSION_BASED_UNIT ( 'INCH', #1290 ) LENGTH_UNIT ( ) NAMED_UNIT ( #4245 ) );
#3063 = DIRECTION ( 'NONE',  ( 0.000000000000000000, -1.734723475976807341E-16, -1.000000000000000000 ) ) ;
#3064 = AXIS2_PLACEMENT_3D ( 'NONE', #4272, #3730, #3789 ) ;
#3065 = PRESENTATION_STYLE_ASSIGNMENT (( #2141 ) ) ;
#3066 = VERTEX_POINT ( 'NONE', #4613 ) ;
#3067 = PRESENTATION_STYLE_ASSIGNMENT (( #2583 ) ) ;
#3068 = DIRECTION ( 'NONE',  ( 0.000000000000000000, -1.000000000000000000, 8.529140707787145228E-17 ) ) ;
#3069 = VECTOR ( 'NONE', #415, 39.37007874015748143 ) ;
#3070 =( GEOMETRIC_REPRESENTATION_CONTEXT ( 3 ) GLOBAL_UNCERTAINTY_ASSIGNED_CONTEXT ( ( #2416 ) ) GLOBAL_UNIT_ASSIGNED_CONTEXT ( ( #2783, #4171, #1934 ) ) REPRESENTATION_CONTEXT ( 'NONE', 'WORKASPACE' ) );
#3071 = CARTESIAN_POINT ( 'NONE',  ( 0.4881889763779527769, -0.1305118110236235252, -0.07299999999999999545 ) ) ;
#3072 = DIRECTION ( 'NONE',  ( 0.000000000000000000, -1.000000000000000000, 2.422893929682867656E-16 ) ) ;
#3073 = DIRECTION ( 'NONE',  ( 0.05782871121279575810, -0.9983265198117633465, -3.485638413994981607E-15 ) ) ;
#3074 = CARTESIAN_POINT ( 'NONE',  ( 0.4840000000000000413, 0.1745118110236222875, -0.05314914703891465003 ) ) ;
#3075 = ORIENTED_EDGE ( 'NONE', *, *, #510, .F. ) ;
#3076 = PRESENTATION_STYLE_ASSIGNMENT (( #1127 ) ) ;
#3077 =( NAMED_UNIT ( * ) PLANE_ANGLE_UNIT ( ) SI_UNIT ( $, .RADIAN. ) );
#3078 = AXIS2_PLACEMENT_3D ( 'NONE', #5834, #1678, #638 ) ;
#3079 = UNCERTAINTY_MEASURE_WITH_UNIT (LENGTH_MEASURE( 1.000000000000000082E-05 ), #3781, 'distance_accuracy_value', 'NONE');
#3080 = DIMENSIONAL_EXPONENTS ( 1.000000000000000000, 0.000000000000000000, 0.000000000000000000, 0.000000000000000000, 0.000000000000000000, 0.000000000000000000, 0.000000000000000000 ) ;
#3081 =( LENGTH_UNIT ( ) NAMED_UNIT ( * ) SI_UNIT ( $, .METRE. ) );
#3082 = LINE ( 'NONE', #4930, #5481 ) ;
#3083 = SURFACE_SIDE_STYLE ('',( #1188 ) ) ;
#3084 = VERTEX_POINT ( 'NONE', #894 ) ;
#3085 = ORIENTED_EDGE ( 'NONE', *, *, #3584, .T. ) ;
#3086 = LINE ( 'NONE', #5881, #785 ) ;
#3087 = FACE_OUTER_BOUND ( 'NONE', #5360, .T. ) ;
#3088 = LINE ( 'NONE', #1633, #1181 ) ;
#3089 = CARTESIAN_POINT ( 'NONE',  ( 0.000000000000000000, -0.1305118110236235252, 0.07299999999999999545 ) ) ;
#3090 = ORIENTED_EDGE ( 'NONE', *, *, #5532, .F. ) ;
#3091 = PRESENTATION_STYLE_ASSIGNMENT (( #5963 ) ) ;
#3092 =( GEOMETRIC_REPRESENTATION_CONTEXT ( 3 ) GLOBAL_UNCERTAINTY_ASSIGNED_CONTEXT ( ( #1062 ) ) GLOBAL_UNIT_ASSIGNED_CONTEXT ( ( #2393, #4237, #526 ) ) REPRESENTATION_CONTEXT ( 'NONE', 'WORKASPACE' ) );
#3093 =( NAMED_UNIT ( * ) SI_UNIT ( $, .STERADIAN. ) SOLID_ANGLE_UNIT ( ) );
#3094 = EDGE_CURVE ( 'NONE', #5563, #1532, #5593, .T. ) ;
#3095 = DIRECTION ( 'NONE',  ( -1.000000000000000000, 0.000000000000000000, 0.000000000000000000 ) ) ;
#3096 = SURFACE_SIDE_STYLE ('',( #2850 ) ) ;
#3097 = VECTOR ( 'NONE', #5264, 39.37007874015748143 ) ;
#3098 = FILL_AREA_STYLE_COLOUR ( '', #3313 ) ;
#3099 = CYLINDRICAL_SURFACE ( 'NONE', #3449, 0.009999999999999991535 ) ;
#3100 = STYLED_ITEM ( 'NONE', ( #3407 ), #3240 ) ;
#3101 = DIRECTION ( 'NONE',  ( 0.000000000000000000, 0.8660254037844361541, 0.5000000000000041078 ) ) ;
#3102 = PLANE ( 'NONE',  #4487 ) ;
#3103 = STYLED_ITEM ( 'NONE', ( #1169 ), #3577 ) ;
#3104 = VERTEX_POINT ( 'NONE', #1335 ) ;
#3105 = FACE_OUTER_BOUND ( 'NONE', #27, .T. ) ;
#3106 = CARTESIAN_POINT ( 'NONE',  ( 0.4881889763779527769, -0.07299999999999953748, -0.1305118110236237750 ) ) ;
#3107 = VECTOR ( 'NONE', #3479, 39.37007874015748143 ) ;
#3108 = FILL_AREA_STYLE_COLOUR ( '', #3767 ) ;
#3109 = DIRECTION ( 'NONE',  ( -0.008726535498371386368, 0.000000000000000000, 0.9999619230641713097 ) ) ;
#3110 = VERTEX_POINT ( 'NONE', #3227 ) ;
#3111 = VECTOR ( 'NONE', #3640, 39.37007874015748143 ) ;
#3112 = ORIENTED_EDGE ( 'NONE', *, *, #2319, .T. ) ;
#3113 =( NAMED_UNIT ( * ) SI_UNIT ( $, .STERADIAN. ) SOLID_ANGLE_UNIT ( ) );
#3114 =( LENGTH_UNIT ( ) NAMED_UNIT ( * ) SI_UNIT ( $, .METRE. ) );
#3115 = DIRECTION ( 'NONE',  ( 0.8642810200127761799, -0.007542466195713815220, -0.5029527111462485101 ) ) ;
#3116 = SURFACE_STYLE_FILL_AREA ( #4416 ) ;
#3117 = VERTEX_POINT ( 'NONE', #3195 ) ;
#3118 =( LENGTH_UNIT ( ) NAMED_UNIT ( * ) SI_UNIT ( $, .METRE. ) );
#3119 = CARTESIAN_POINT ( 'NONE',  ( 0.4879999999999999338, 0.08000000000000054290, -0.1555118110236232143 ) ) ;
#3120 =( NAMED_UNIT ( * ) PLANE_ANGLE_UNIT ( ) SI_UNIT ( $, .RADIAN. ) );
#3121 = FACE_OUTER_BOUND ( 'NONE', #2089, .T. ) ;
#3122 = EDGE_CURVE ( 'NONE', #5898, #5502, #5501, .T. ) ;
#3123 = CIRCLE ( 'NONE', #3516, 0.1999999999999998446 ) ;
#3124 =( NAMED_UNIT ( * ) PLANE_ANGLE_UNIT ( ) SI_UNIT ( $, .RADIAN. ) );
#3125 = COLOUR_RGB ( '',0.8588235294117646523, 0.09803921568627450844, 0.09803921568627450844 ) ;
#3126 = LINE ( 'NONE', #5922, #3256 ) ;
#3127 = FILL_AREA_STYLE_COLOUR ( '', #4649 ) ;
#3128 = PLANE ( 'NONE',  #3746 ) ;
#3129 = CARTESIAN_POINT ( 'NONE',  ( 0.4666794919243111850, 0.1745118110236227316, 0.07046965511460223652 ) ) ;
#3130 = STYLED_ITEM ( 'NONE', ( #4467 ), #5240 ) ;
#3131 = EDGE_CURVE ( 'NONE', #1071, #3772, #4153, .T. ) ;
#3132 = VECTOR ( 'NONE', #1876, 39.37007874015748143 ) ;
#3133 = EDGE_CURVE ( 'NONE', #5937, #4488, #1189, .T. ) ;
#3134 = EDGE_LOOP ( 'NONE', ( #735, #2545, #60, #4651 ) ) ;
#3135 =( GEOMETRIC_REPRESENTATION_CONTEXT ( 3 ) GLOBAL_UNCERTAINTY_ASSIGNED_CONTEXT ( ( #4404 ) ) GLOBAL_UNIT_ASSIGNED_CONTEXT ( ( #4729, #4365, #4757 ) ) REPRESENTATION_CONTEXT ( 'NONE', 'WORKASPACE' ) );
#3136 = PRESENTATION_STYLE_ASSIGNMENT (( #4993 ) ) ;
#3137 = FACE_OUTER_BOUND ( 'NONE', #4418, .T. ) ;
#3138 = UNCERTAINTY_MEASURE_WITH_UNIT (LENGTH_MEASURE( 1.000000000000000082E-05 ), #4176, 'distance_accuracy_value', 'NONE');
#3139 = CARTESIAN_POINT ( 'NONE',  ( 0.5282606005958296880, 0.1509017506031535838, -0.1409021313725124236 ) ) ;
#3140 = MECHANICAL_DESIGN_GEOMETRIC_PRESENTATION_REPRESENTATION (  '', ( #2185 ), #611 ) ;
#3141 = CARTESIAN_POINT ( 'NONE',  ( 0.9666192272834519539, 0.1079831716035536682, 0.1109831716035536431 ) ) ;
#3142 = EDGE_LOOP ( 'NONE', ( #1126, #1993, #2965, #5847 ) ) ;
#3143 = VERTEX_POINT ( 'NONE', #31 ) ;
#3144 = CARTESIAN_POINT ( 'NONE',  ( 0.4733497035020817201, -0.09374015748031491735, -0.06877752049651320032 ) ) ;
#3145 =( GEOMETRIC_REPRESENTATION_CONTEXT ( 3 ) GLOBAL_UNCERTAINTY_ASSIGNED_CONTEXT ( ( #268 ) ) GLOBAL_UNIT_ASSIGNED_CONTEXT ( ( #2203, #4580, #328 ) ) REPRESENTATION_CONTEXT ( 'NONE', 'WORKASPACE' ) );
#3146 = DIRECTION ( 'NONE',  ( -0.008726535498371386368, 0.000000000000000000, 0.9999619230641713097 ) ) ;
#3147 = CARTESIAN_POINT ( 'NONE',  ( 0.4666794919243112960, 0.1745118110236222320, -0.07046965511460344389 ) ) ;
#3148 = ORIENTED_EDGE ( 'NONE', *, *, #4244, .T. ) ;
#3149 =( NAMED_UNIT ( * ) SI_UNIT ( $, .STERADIAN. ) SOLID_ANGLE_UNIT ( ) );
#3150 = CARTESIAN_POINT ( 'NONE',  ( 0.9365039370078737102, -0.1555118110236234918, -5.463695987328526437E-16 ) ) ;
#3151 = CARTESIAN_POINT ( 'NONE',  ( 0.6253892509847895909, 0.1400545024818725670, -0.1500541217125148374 ) ) ;
#3152 = VECTOR ( 'NONE', #2493, 39.37007874015748143 ) ;
#3153 = SURFACE_STYLE_USAGE ( .BOTH. , #4601 ) ;
#3154 = PRESENTATION_STYLE_ASSIGNMENT (( #5947 ) ) ;
#3155 = EDGE_CURVE ( 'NONE', #3808, #5235, #5957, .T. ) ;
#3156 = SURFACE_SIDE_STYLE ('',( #805 ) ) ;
#3157 = CARTESIAN_POINT ( 'NONE',  ( 0.000000000000000000, 0.07046965511460284715, 0.1745118110236224540 ) ) ;
#3158 = COLOUR_RGB ( '',0.8588235294117646523, 0.09803921568627450844, 0.09803921568627450844 ) ;
#3159 =( LENGTH_UNIT ( ) NAMED_UNIT ( * ) SI_UNIT ( $, .METRE. ) );
#3160 = CARTESIAN_POINT ( 'NONE',  ( 0.4730303448853973580, 0.1555118110236225482, -0.04217949192431184186 ) ) ;
#3161 = FILL_AREA_STYLE ('',( #1299 ) ) ;
#3162 = VERTEX_POINT ( 'NONE', #6014 ) ;
#3163 = MECHANICAL_DESIGN_GEOMETRIC_PRESENTATION_REPRESENTATION (  '', ( #1901 ), #3070 ) ;
#3164 = DIRECTION ( 'NONE',  ( 0.000000000000000000, 1.000000000000000000, -7.296602547180189936E-17 ) ) ;
#3165 = EDGE_CURVE ( 'NONE', #4433, #4199, #1424, .T. ) ;
#3166 = EDGE_CURVE ( 'NONE', #391, #4740, #5559, .T. ) ;
#3167 = ADVANCED_FACE ( 'NONE', ( #2825 ), #4674, .F. ) ;
#3168 = DIRECTION ( 'NONE',  ( 1.000000000000000000, 0.000000000000000000, 0.000000000000000000 ) ) ;
#3169 = AXIS2_PLACEMENT_3D ( 'NONE', #5174, #946, #525 ) ;
#3170 =( CONVERSION_BASED_UNIT ( 'INCH', #1307 ) LENGTH_UNIT ( ) NAMED_UNIT ( #5332 ) );
#3171 = ORIENTED_EDGE ( 'NONE', *, *, #1828, .F. ) ;
#3172 = ORIENTED_EDGE ( 'NONE', *, *, #5428, .F. ) ;
#3173 = VECTOR ( 'NONE', #1905, 39.37007874015748143 ) ;
#3174 = LINE ( 'NONE', #5992, #5643 ) ;
#3175 = DIRECTION ( 'NONE',  ( 0.000000000000000000, 0.000000000000000000, -1.000000000000000000 ) ) ;
#3176 = SURFACE_STYLE_USAGE ( .BOTH. , #5399 ) ;
#3177 = ORIENTED_EDGE ( 'NONE', *, *, #1894, .F. ) ;
#3178 = ORIENTED_EDGE ( 'NONE', *, *, #1339, .T. ) ;
#3179 = LENGTH_MEASURE_WITH_UNIT ( LENGTH_MEASURE( 0.02539999999999999897 ), #5938 );
#3180 = CARTESIAN_POINT ( 'NONE',  ( 0.5282606005958294659, -0.1509017506031568590, -0.1409021313725124236 ) ) ;
#3181 = COLOUR_RGB ( '',0.8588235294117646523, 0.09803921568627450844, 0.09803921568627450844 ) ;
#3182 = CARTESIAN_POINT ( 'NONE',  ( 0.000000000000000000, -0.1555118110236234918, 0.000000000000000000 ) ) ;
#3183 = FILL_AREA_STYLE_COLOUR ( '', #1534 ) ;
#3184 = SURFACE_STYLE_FILL_AREA ( #1323 ) ;
#3185 = COLOUR_RGB ( '',0.8588235294117646523, 0.09803921568627450844, 0.09803921568627450844 ) ;
#3186 =( LENGTH_UNIT ( ) NAMED_UNIT ( * ) SI_UNIT ( $, .METRE. ) );
#3187 = LENGTH_MEASURE_WITH_UNIT ( LENGTH_MEASURE( 0.02539999999999999897 ), #3666 );
#3188 =( CONVERSION_BASED_UNIT ( 'INCH', #1326 ) LENGTH_UNIT ( ) NAMED_UNIT ( #4146 ) );
#3189 = SURFACE_STYLE_USAGE ( .BOTH. , #5464 ) ;
#3190 = STYLED_ITEM ( 'NONE', ( #3055 ), #2819 ) ;
#3191 =( CONVERSION_BASED_UNIT ( 'INCH', #885 ) LENGTH_UNIT ( ) NAMED_UNIT ( #1602 ) );
#3192 = ORIENTED_EDGE ( 'NONE', *, *, #5497, .F. ) ;
#3193 = LENGTH_MEASURE_WITH_UNIT ( LENGTH_MEASURE( 0.02539999999999999897 ), #474 );
#3194 = UNCERTAINTY_MEASURE_WITH_UNIT (LENGTH_MEASURE( 1.000000000000000082E-05 ), #2128, 'distance_accuracy_value', 'NONE');
#3195 = CARTESIAN_POINT ( 'NONE',  ( 0.000000000000000000, -0.1305118110236235252, 0.07299999999999999545 ) ) ;
#3196 = DIMENSIONAL_EXPONENTS ( 1.000000000000000000, 0.000000000000000000, 0.000000000000000000, 0.000000000000000000, 0.000000000000000000, 0.000000000000000000, 0.000000000000000000 ) ;
#3197 = ORIENTED_EDGE ( 'NONE', *, *, #4421, .F. ) ;
#3198 = EDGE_CURVE ( 'NONE', #454, #237, #2018, .T. ) ;
#3199 = VERTEX_POINT ( 'NONE', #1025 ) ;
#3200 = PRESENTATION_LAYER_ASSIGNMENT (  '', '', ( #2623 ) ) ;
#3201 = CARTESIAN_POINT ( 'NONE',  ( 0.4879999999999999338, -0.1512530995417331880, 0.1555118110236229645 ) ) ;
#3202 = FILL_AREA_STYLE ('',( #5506 ) ) ;
#3203 = CARTESIAN_POINT ( 'NONE',  ( -0.0001745174200432957285, -0.1455129532302180395, -0.1455129532302152917 ) ) ;
#3204 = UNCERTAINTY_MEASURE_WITH_UNIT (LENGTH_MEASURE( 1.000000000000000082E-05 ), #4858, 'distance_accuracy_value', 'NONE');
#3205 = PRESENTATION_STYLE_ASSIGNMENT (( #938 ) ) ;
#3206 = EDGE_CURVE ( 'NONE', #3222, #5407, #3291, .T. ) ;
#3207 = STYLED_ITEM ( 'NONE', ( #4210 ), #4063 ) ;
#3208 = ORIENTED_EDGE ( 'NONE', *, *, #1649, .T. ) ;
#3209 = EDGE_CURVE ( 'NONE', #4616, #1058, #3315, .T. ) ;
#3210 = ORIENTED_EDGE ( 'NONE', *, *, #2795, .T. ) ;
#3211 = SURFACE_STYLE_FILL_AREA ( #2275 ) ;
#3212 = CARTESIAN_POINT ( 'NONE',  ( 0.8735039855285190447, -0.07874015748031494566, 0.02806077584495940760 ) ) ;
#3213 =( NAMED_UNIT ( * ) PLANE_ANGLE_UNIT ( ) SI_UNIT ( $, .RADIAN. ) );
#3214 = DIRECTION ( 'NONE',  ( -1.000000000000000000, -0.000000000000000000, 0.000000000000000000 ) ) ;
#3215 = SURFACE_STYLE_USAGE ( .BOTH. , #2335 ) ;
#3216 = VECTOR ( 'NONE', #3820, 39.37007874015748143 ) ;
#3217 = FILL_AREA_STYLE ('',( #4242 ) ) ;
#3218 =( CONVERSION_BASED_UNIT ( 'INCH', #918 ) LENGTH_UNIT ( ) NAMED_UNIT ( #14 ) );
#3219 = DIRECTION ( 'NONE',  ( -0.9999619230641711987, -0.008726535498373953759, 0.000000000000000000 ) ) ;
#3220 = DIRECTION ( 'NONE',  ( -0.9994440204484172918, -0.01584862593432249250, -0.02933378676368519206 ) ) ;
#3221 = DIRECTION ( 'NONE',  ( 1.000000000000000000, 0.000000000000000000, -0.000000000000000000 ) ) ;
#3222 = VERTEX_POINT ( 'NONE', #5680 ) ;
#3223 = PLANE ( 'NONE',  #2378 ) ;
#3224 =( CONVERSION_BASED_UNIT ( 'INCH', #4127 ) LENGTH_UNIT ( ) NAMED_UNIT ( #5604 ) );
#3225 = PRESENTATION_LAYER_ASSIGNMENT (  '', '', ( #1079 ) ) ;
#3226 = CARTESIAN_POINT ( 'NONE',  ( 0.6565039370078741277, 0.1152772172492833175, -5.463695987328526437E-16 ) ) ;
#3227 = CARTESIAN_POINT ( 'NONE',  ( 0.6161417322834644716, -0.08353543307086615244, -0.004853666185752435538 ) ) ;
#3228 = FILL_AREA_STYLE ('',( #451 ) ) ;
#3229 = STYLED_ITEM ( 'NONE', ( #3272 ), #5468 ) ;
#3230 = VERTEX_POINT ( 'NONE', #2055 ) ;
#3231 = VERTEX_POINT ( 'NONE', #667 ) ;
#3232 = DIRECTION ( 'NONE',  ( 0.000000000000000000, 0.000000000000000000, -1.000000000000000000 ) ) ;
#3233 = CARTESIAN_POINT ( 'NONE',  ( 0.6565039370078741277, -0.1170000000000000484, 1.213184216936841517E-31 ) ) ;
#3234 = PRESENTATION_LAYER_ASSIGNMENT (  '', '', ( #5855 ) ) ;
#3235 = ORIENTED_EDGE ( 'NONE', *, *, #3915, .T. ) ;
#3236 = ORIENTED_EDGE ( 'NONE', *, *, #3791, .T. ) ;
#3237 =( NAMED_UNIT ( * ) PLANE_ANGLE_UNIT ( ) SI_UNIT ( $, .RADIAN. ) );
#3238 = SURFACE_STYLE_USAGE ( .BOTH. , #1439 ) ;
#3239 = EDGE_CURVE ( 'NONE', #5454, #1043, #1489, .T. ) ;
#3240 = ADVANCED_FACE ( 'NONE', ( #58 ), #3831, .F. ) ;
#3241 = DIRECTION ( 'NONE',  ( -0.9987827659587182882, 0.03487826274237470353, 0.03487826274237469659 ) ) ;
#3242 = DIRECTION ( 'NONE',  ( 0.8715503265321603577, 0.007605904472638831855, 0.4902470586743359338 ) ) ;
#3243 = CARTESIAN_POINT ( 'NONE',  ( 0.000000000000000000, -0.1555118110236234918, -0.1555118110236207718 ) ) ;
#3244 = CARTESIAN_POINT ( 'NONE',  ( 0.6565039370078741277, -0.1555118110236234918, -5.463695987328526437E-16 ) ) ;
#3245 = CARTESIAN_POINT ( 'NONE',  ( 0.8780243864950660893, 0.000000000000000000, 0.01297546938129641100 ) ) ;
#3246 = LINE ( 'NONE', #2337, #5125 ) ;
#3247 = VECTOR ( 'NONE', #3434, 39.37007874015748143 ) ;
#3248 = ORIENTED_EDGE ( 'NONE', *, *, #3209, .F. ) ;
#3249 =( CONVERSION_BASED_UNIT ( 'INCH', #3703 ) LENGTH_UNIT ( ) NAMED_UNIT ( #2933 ) );
#3250 = CARTESIAN_POINT ( 'NONE',  ( 0.6565039370078741277, 0.000000000000000000, 0.000000000000000000 ) ) ;
#3251 = STYLED_ITEM ( 'NONE', ( #4585 ), #1111 ) ;
#3252 =( GEOMETRIC_REPRESENTATION_CONTEXT ( 3 ) GLOBAL_UNCERTAINTY_ASSIGNED_CONTEXT ( ( #869 ) ) GLOBAL_UNIT_ASSIGNED_CONTEXT ( ( #663, #2174, #4856 ) ) REPRESENTATION_CONTEXT ( 'NONE', 'WORKASPACE' ) );
#3253 = UNCERTAINTY_MEASURE_WITH_UNIT (LENGTH_MEASURE( 1.000000000000000082E-05 ), #4575, 'distance_accuracy_value', 'NONE');
#3254 = DIRECTION ( 'NONE',  ( -0.000000000000000000, 1.000000000000000000, -8.529140707787145228E-17 ) ) ;
#3255 = AXIS2_PLACEMENT_3D ( 'NONE', #4992, #4491, #2705 ) ;
#3256 = VECTOR ( 'NONE', #4981, 39.37007874015748143 ) ;
#3257 = EDGE_LOOP ( 'NONE', ( #4567, #1644, #3401, #2780 ) ) ;
#3258 = ORIENTED_EDGE ( 'NONE', *, *, #1039, .F. ) ;
#3259 = SURFACE_STYLE_USAGE ( .BOTH. , #1395 ) ;
#3260 =( GEOMETRIC_REPRESENTATION_CONTEXT ( 3 ) GLOBAL_UNCERTAINTY_ASSIGNED_CONTEXT ( ( #1865 ) ) GLOBAL_UNIT_ASSIGNED_CONTEXT ( ( #1972, #1347, #3332 ) ) REPRESENTATION_CONTEXT ( 'NONE', 'WORKASPACE' ) );
#3261 =( NAMED_UNIT ( * ) SI_UNIT ( $, .STERADIAN. ) SOLID_ANGLE_UNIT ( ) );
#3262 = UNCERTAINTY_MEASURE_WITH_UNIT (LENGTH_MEASURE( 1.000000000000000082E-05 ), #3490, 'distance_accuracy_value', 'NONE');
#3263 = FACE_OUTER_BOUND ( 'NONE', #557, .T. ) ;
#3264 = VERTEX_POINT ( 'NONE', #87 ) ;
#3265 =( GEOMETRIC_REPRESENTATION_CONTEXT ( 3 ) GLOBAL_UNCERTAINTY_ASSIGNED_CONTEXT ( ( #1809 ) ) GLOBAL_UNIT_ASSIGNED_CONTEXT ( ( #4597, #4088, #5005 ) ) REPRESENTATION_CONTEXT ( 'NONE', 'WORKASPACE' ) );
#3266 = ORIENTED_EDGE ( 'NONE', *, *, #5574, .F. ) ;
#3267 = FILL_AREA_STYLE_COLOUR ( '', #16 ) ;
#3268 = LINE ( 'NONE', #2723, #2080 ) ;
#3269 = PRESENTATION_STYLE_ASSIGNMENT (( #1844 ) ) ;
#3270 = MECHANICAL_DESIGN_GEOMETRIC_PRESENTATION_REPRESENTATION (  '', ( #5890 ), #1630 ) ;
#3271 = EDGE_CURVE ( 'NONE', #2999, #3681, #3869, .T. ) ;
#3272 = PRESENTATION_STYLE_ASSIGNMENT (( #4510 ) ) ;
#3273 = EDGE_CURVE ( 'NONE', #721, #1028, #5519, .T. ) ;
#3274 = VECTOR ( 'NONE', #5365, 39.37007874015749564 ) ;
#3275 =( CONVERSION_BASED_UNIT ( 'INCH', #1910 ) LENGTH_UNIT ( ) NAMED_UNIT ( #5073 ) );
#3276 = DIRECTION ( 'NONE',  ( 0.000000000000000000, -1.000000000000000000, 0.000000000000000000 ) ) ;
#3277 = LENGTH_MEASURE_WITH_UNIT ( LENGTH_MEASURE( 0.02539999999999999897 ), #4724 );
#3278 = DIMENSIONAL_EXPONENTS ( 1.000000000000000000, 0.000000000000000000, 0.000000000000000000, 0.000000000000000000, 0.000000000000000000, 0.000000000000000000, 0.000000000000000000 ) ;
#3279 = DIRECTION ( 'NONE',  ( 0.9995695637461118332, -2.891205793294677833E-16, 0.02933747147263227745 ) ) ;
#3280 = COLOUR_RGB ( '',0.8588235294117646523, 0.09803921568627450844, 0.09803921568627450844 ) ;
#3281 = ORIENTED_EDGE ( 'NONE', *, *, #1941, .F. ) ;
#3282 = EDGE_CURVE ( 'NONE', #1500, #690, #3439, .T. ) ;
#3283 = SURFACE_STYLE_USAGE ( .BOTH. , #1420 ) ;
#3284 = STYLED_ITEM ( 'NONE', ( #5509 ), #2858 ) ;
#3285 =( LENGTH_UNIT ( ) NAMED_UNIT ( * ) SI_UNIT ( $, .METRE. ) );
#3286 = CARTESIAN_POINT ( 'NONE',  ( 0.6565039370078741277, -0.1555118110236234918, -5.463695987328526437E-16 ) ) ;
#3287 =( LENGTH_UNIT ( ) NAMED_UNIT ( * ) SI_UNIT ( $, .METRE. ) );
#3288 = DIRECTION ( 'NONE',  ( 0.000000000000000000, 1.000000000000000000, 0.000000000000000000 ) ) ;
#3289 = VECTOR ( 'NONE', #5910, 39.37007874015747433 ) ;
#3290 = VERTEX_POINT ( 'NONE', #1552 ) ;
#3291 =( BOUNDED_CURVE ( )  B_SPLINE_CURVE ( 3, ( #1088, #2439, #5627, #1121 ),
 .UNSPECIFIED., .F., .T. ) 
 B_SPLINE_CURVE_WITH_KNOTS ( ( 4, 4 ),
 ( 5.497825219993076828, 7.068545394366095636 ),
 .UNSPECIFIED. ) 
 CURVE ( )  GEOMETRIC_REPRESENTATION_ITEM ( )  RATIONAL_B_SPLINE_CURVE ( ( 1.000000000000000000, 0.8047558030806112317, 0.8047558030806112317, 1.000000000000000000 ) ) 
 REPRESENTATION_ITEM ( '' )  );
#3292 = VERTEX_POINT ( 'NONE', #5256 ) ;
#3293 = FILL_AREA_STYLE_COLOUR ( '', #5115 ) ;
#3294 =( LENGTH_UNIT ( ) NAMED_UNIT ( * ) SI_UNIT ( $, .METRE. ) );
#3295 = ORIENTED_EDGE ( 'NONE', *, *, #1107, .F. ) ;
#3296 = ORIENTED_EDGE ( 'NONE', *, *, #3206, .F. ) ;
#3297 = SURFACE_SIDE_STYLE ('',( #1438 ) ) ;
#3298 = CARTESIAN_POINT ( 'NONE',  ( 0.5303396793241380580, -0.1408839875273266151, -0.1508836067579656104 ) ) ;
#3299 = SURFACE_STYLE_FILL_AREA ( #5270 ) ;
#3300 = FILL_AREA_STYLE ('',( #5606 ) ) ;
#3301 = LENGTH_MEASURE_WITH_UNIT ( LENGTH_MEASURE( 0.02539999999999999897 ), #4235 );
#3302 = CARTESIAN_POINT ( 'NONE',  ( 0.000000000000000000, 0.09842519685039372024, 0.09842519685039372024 ) ) ;
#3303 = FILL_AREA_STYLE_COLOUR ( '', #3960 ) ;
#3304 = DIRECTION ( 'NONE',  ( -0.2870454613757401074, -0.000000000000000000, 0.9579169604425993301 ) ) ;
#3305 = EDGE_CURVE ( 'NONE', #4775, #3117, #5291, .T. ) ;
#3306 = FILL_AREA_STYLE ('',( #52 ) ) ;
#3307 = AXIS2_PLACEMENT_3D ( 'NONE', #2542, #4383, #221 ) ;
#3308 = ORIENTED_EDGE ( 'NONE', *, *, #4081, .T. ) ;
#3309 =( CONVERSION_BASED_UNIT ( 'INCH', #2016 ) LENGTH_UNIT ( ) NAMED_UNIT ( #2494 ) );
#3310 = ADVANCED_FACE ( 'NONE', ( #5802 ), #5410, .T. ) ;
#3311 = SURFACE_STYLE_FILL_AREA ( #5121 ) ;
#3312 = LINE ( 'NONE', #4251, #169 ) ;
#3313 = COLOUR_RGB ( '',1.000000000000000000, 0.9490196078431372140, 0.9098039215686274384 ) ;
#3314 = ADVANCED_FACE ( 'NONE', ( #1240 ), #5895, .T. ) ;
#3315 = LINE ( 'NONE', #1990, #3591 ) ;
#3316 = LINE ( 'NONE', #609, #4194 ) ;
#3317 = DIMENSIONAL_EXPONENTS ( 1.000000000000000000, 0.000000000000000000, 0.000000000000000000, 0.000000000000000000, 0.000000000000000000, 0.000000000000000000, 0.000000000000000000 ) ;
#3318 = VERTEX_POINT ( 'NONE', #4920 ) ;
#3319 = SURFACE_STYLE_FILL_AREA ( #123 ) ;
#3320 = AXIS2_PLACEMENT_3D ( 'NONE', #3182, #4572, #4113 ) ;
#3321 = DIRECTION ( 'NONE',  ( 0.000000000000000000, 1.000000000000000000, 3.491481338843132961E-15 ) ) ;
#3322 = FACE_OUTER_BOUND ( 'NONE', #4239, .T. ) ;
#3323 = CARTESIAN_POINT ( 'NONE',  ( 0.6161417322834645827, -0.08353543307086615244, 0.000000000000000000 ) ) ;
#3324 = UNCERTAINTY_MEASURE_WITH_UNIT (LENGTH_MEASURE( 1.000000000000000082E-05 ), #300, 'distance_accuracy_value', 'NONE');
#3325 = LINE ( 'NONE', #2961, #4829 ) ;
#3326 =( BOUNDED_CURVE ( )  B_SPLINE_CURVE ( 3, ( #3655, #1895, #5536, #1366 ),
 .UNSPECIFIED., .F., .T. ) 
 B_SPLINE_CURVE_WITH_KNOTS ( ( 4, 4 ),
 ( 4.721115626644643015, 6.283185307179586232 ),
 .UNSPECIFIED. ) 
 CURVE ( )  GEOMETRIC_REPRESENTATION_ITEM ( )  RATIONAL_B_SPLINE_CURVE ( ( 1.000000000000000000, 0.8067902504155193277, 0.8067902504155193277, 1.000000000000000000 ) ) 
 REPRESENTATION_ITEM ( '' )  );
#3327 = ORIENTED_EDGE ( 'NONE', *, *, #639, .T. ) ;
#3328 = ORIENTED_EDGE ( 'NONE', *, *, #3380, .F. ) ;
#3329 = PRESENTATION_STYLE_ASSIGNMENT (( #3238 ) ) ;
#3330 =( GEOMETRIC_REPRESENTATION_CONTEXT ( 3 ) GLOBAL_UNCERTAINTY_ASSIGNED_CONTEXT ( ( #3138 ) ) GLOBAL_UNIT_ASSIGNED_CONTEXT ( ( #4176, #20, #2251 ) ) REPRESENTATION_CONTEXT ( 'NONE', 'WORKASPACE' ) );
#3331 = PLANE ( 'NONE',  #3362 ) ;
#3332 =( NAMED_UNIT ( * ) SI_UNIT ( $, .STERADIAN. ) SOLID_ANGLE_UNIT ( ) );
#3333 = LINE ( 'NONE', #5210, #544 ) ;
#3334 = ORIENTED_EDGE ( 'NONE', *, *, #475, .T. ) ;
#3335 = FACE_OUTER_BOUND ( 'NONE', #3356, .T. ) ;
#3336 = LENGTH_MEASURE_WITH_UNIT ( LENGTH_MEASURE( 0.02539999999999999897 ), #4690 );
#3337 = CARTESIAN_POINT ( 'NONE',  ( 0.9685039370078740717, -0.1179999999999999660, 0.1210000000000000103 ) ) ;
#3338 =( GEOMETRIC_REPRESENTATION_CONTEXT ( 3 ) GLOBAL_UNCERTAINTY_ASSIGNED_CONTEXT ( ( #5255 ) ) GLOBAL_UNIT_ASSIGNED_CONTEXT ( ( #921, #1981, #5094 ) ) REPRESENTATION_CONTEXT ( 'NONE', 'WORKASPACE' ) );
#3339 = DIRECTION ( 'NONE',  ( -0.2870454613757401074, 0.000000000000000000, 0.9579169604425993301 ) ) ;
#3340 = CARTESIAN_POINT ( 'NONE',  ( 1.344927510945184696E-19, 0.000000000000000000, 1.707299049163981313E-17 ) ) ;
#3341 = ORIENTED_EDGE ( 'NONE', *, *, #2395, .T. ) ;
#3342 = DIRECTION ( 'NONE',  ( -0.9999238504775705971, -0.008726203243944238158, 0.008726203243944252036 ) ) ;
#3343 = FILL_AREA_STYLE_COLOUR ( '', #810 ) ;
#3344 = DIMENSIONAL_EXPONENTS ( 1.000000000000000000, 0.000000000000000000, 0.000000000000000000, 0.000000000000000000, 0.000000000000000000, 0.000000000000000000, 0.000000000000000000 ) ;
#3345 =( NAMED_UNIT ( * ) SI_UNIT ( $, .STERADIAN. ) SOLID_ANGLE_UNIT ( ) );
#3346 = PRESENTATION_LAYER_ASSIGNMENT (  '', '', ( #4792 ) ) ;
#3347 = PLANE ( 'NONE',  #5469 ) ;
#3348 = EDGE_CURVE ( 'NONE', #5000, #5095, #4460, .T. ) ;
#3349 = ORIENTED_EDGE ( 'NONE', *, *, #3429, .F. ) ;
#3350 =( GEOMETRIC_REPRESENTATION_CONTEXT ( 3 ) GLOBAL_UNCERTAINTY_ASSIGNED_CONTEXT ( ( #3878 ) ) GLOBAL_UNIT_ASSIGNED_CONTEXT ( ( #212, #2062, #3877 ) ) REPRESENTATION_CONTEXT ( 'NONE', 'WORKASPACE' ) );
#3351 = SURFACE_STYLE_USAGE ( .BOTH. , #4254 ) ;
#3352 = ADVANCED_FACE ( 'NONE', ( #3468 ), #5323, .F. ) ;
#3353 =( LENGTH_UNIT ( ) NAMED_UNIT ( * ) SI_UNIT ( $, .METRE. ) );
#3354 = DIRECTION ( 'NONE',  ( 0.02933747147263221153, 0.000000000000000000, -0.9995695637461118332 ) ) ;
#3355 = ORIENTED_EDGE ( 'NONE', *, *, #358, .F. ) ;
#3356 = EDGE_LOOP ( 'NONE', ( #3809, #4278, #2971, #1482 ) ) ;
#3357 = CARTESIAN_POINT ( 'NONE',  ( 0.4879999999999999338, -0.07999999999999946043, -0.1555118110236237694 ) ) ;
#3358 = COLOUR_RGB ( '',0.8588235294117646523, 0.09803921568627450844, 0.09803921568627450844 ) ;
#3359 = DIMENSIONAL_EXPONENTS ( 1.000000000000000000, 0.000000000000000000, 0.000000000000000000, 0.000000000000000000, 0.000000000000000000, 0.000000000000000000, 0.000000000000000000 ) ;
#3360 = CARTESIAN_POINT ( 'NONE',  ( 0.5839210001291271768, -0.07874015748031494566, -0.05871447199293870767 ) ) ;
#3361 = MECHANICAL_DESIGN_GEOMETRIC_PRESENTATION_REPRESENTATION (  '', ( #248 ), #3260 ) ;
#3362 = AXIS2_PLACEMENT_3D ( 'NONE', #1005, #5207, #1040 ) ;
#3363 = ORIENTED_EDGE ( 'NONE', *, *, #1495, .F. ) ;
#3364 = DIRECTION ( 'NONE',  ( -0.9982886337119626363, -0.008711932923421542713, -0.05782651663589042507 ) ) ;
#3365 =( NAMED_UNIT ( * ) SI_UNIT ( $, .STERADIAN. ) SOLID_ANGLE_UNIT ( ) );
#3366 = VECTOR ( 'NONE', #3784, 39.37007874015747433 ) ;
#3367 =( GEOMETRIC_REPRESENTATION_CONTEXT ( 3 ) GLOBAL_UNCERTAINTY_ASSIGNED_CONTEXT ( ( #1927 ) ) GLOBAL_UNIT_ASSIGNED_CONTEXT ( ( #4359, #137, #2004 ) ) REPRESENTATION_CONTEXT ( 'NONE', 'WORKASPACE' ) );
#3368 = CARTESIAN_POINT ( 'NONE',  ( 0.3474196816907006435, 0.09547244094488190058, -0.07247357983688917926 ) ) ;
#3369 = ORIENTED_EDGE ( 'NONE', *, *, #5162, .T. ) ;
#3370 = DIRECTION ( 'NONE',  ( 0.9984709653832553045, 0.000000000000000000, 0.05527866936377882207 ) ) ;
#3371 = LINE ( 'NONE', #4696, #903 ) ;
#3372 = LINE ( 'NONE', #1519, #1847 ) ;
#3373 = DIRECTION ( 'NONE',  ( 0.000000000000000000, -3.491481338843132961E-15, 1.000000000000000000 ) ) ;
#3374 = COLOUR_RGB ( '',0.8588235294117646523, 0.09803921568627450844, 0.09803921568627450844 ) ;
#3375 = FACE_OUTER_BOUND ( 'NONE', #4292, .T. ) ;
#3376 = B_SPLINE_CURVE_WITH_KNOTS ( 'NONE', 3,
 ( #4963, #281, #789, #3967, #5813, #4495 ),
 .UNSPECIFIED., .F., .F.,
 ( 4, 2, 4 ),
 ( 8.673617379884034509E-19, 0.0002013107724422110876, 0.0004026215448844213079 ),
 .UNSPECIFIED. ) ;
#3377 = SURFACE_STYLE_FILL_AREA ( #610 ) ;
#3378 = VERTEX_POINT ( 'NONE', #5467 ) ;
#3379 = DIRECTION ( 'NONE',  ( 0.000000000000000000, -0.000000000000000000, -1.000000000000000000 ) ) ;
#3380 = EDGE_CURVE ( 'NONE', #5100, #1250, #3246, .T. ) ;
#3381 = UNCERTAINTY_MEASURE_WITH_UNIT (LENGTH_MEASURE( 1.000000000000000082E-05 ), #2587, 'distance_accuracy_value', 'NONE');
#3382 = DIMENSIONAL_EXPONENTS ( 1.000000000000000000, 0.000000000000000000, 0.000000000000000000, 0.000000000000000000, 0.000000000000000000, 0.000000000000000000, 0.000000000000000000 ) ;
#3383 = DIRECTION ( 'NONE',  ( -1.000000000000000000, 0.000000000000000000, 0.000000000000000000 ) ) ;
#3384 = DIRECTION ( 'NONE',  ( -1.000000000000000000, 0.000000000000000000, 0.000000000000000000 ) ) ;
#3385 = EDGE_CURVE ( 'NONE', #5930, #3084, #5525, .T. ) ;
#3386 = ORIENTED_EDGE ( 'NONE', *, *, #1225, .T. ) ;
#3387 = VERTEX_POINT ( 'NONE', #5977 ) ;
#3388 = VECTOR ( 'NONE', #5124, 39.37007874015748143 ) ;
#3389 = CARTESIAN_POINT ( 'NONE',  ( 0.5280023833415694590, 0.1555118110236225204, -0.07776803414025965089 ) ) ;
#3390 =( CONVERSION_BASED_UNIT ( 'INCH', #1537 ) LENGTH_UNIT ( ) NAMED_UNIT ( #2730 ) );
#3391 = EDGE_CURVE ( 'NONE', #5691, #2827, #4549, .T. ) ;
#3392 = VECTOR ( 'NONE', #442, 39.37007874015748143 ) ;
#3393 = ORIENTED_EDGE ( 'NONE', *, *, #5128, .T. ) ;
#3394 = PLANE ( 'NONE',  #2554 ) ;
#3395 = CARTESIAN_POINT ( 'NONE',  ( 0.8780243864950660893, -0.07874015748031493178, 0.01297546938129642315 ) ) ;
#3396 =( LENGTH_UNIT ( ) NAMED_UNIT ( * ) SI_UNIT ( $, .METRE. ) );
#3397 = FACE_OUTER_BOUND ( 'NONE', #4196, .T. ) ;
#3398 = DIMENSIONAL_EXPONENTS ( 1.000000000000000000, 0.000000000000000000, 0.000000000000000000, 0.000000000000000000, 0.000000000000000000, 0.000000000000000000, 0.000000000000000000 ) ;
#3399 = CARTESIAN_POINT ( 'NONE',  ( 0.4879999999999999338, -0.1512530995417331880, 0.06102501149072954434 ) ) ;
#3400 = AXIS2_PLACEMENT_3D ( 'NONE', #5923, #324, #751 ) ;
#3401 = ORIENTED_EDGE ( 'NONE', *, *, #4463, .T. ) ;
#3402 =( NAMED_UNIT ( * ) PLANE_ANGLE_UNIT ( ) SI_UNIT ( $, .RADIAN. ) );
#3403 = DIRECTION ( 'NONE',  ( -0.000000000000000000, -1.000000000000000000, -0.000000000000000000 ) ) ;
#3404 = LINE ( 'NONE', #3962, #4746 ) ;
#3405 = CARTESIAN_POINT ( 'NONE',  ( 0.4557098368097083907, -0.05949999999999999734, 0.1555118110236224649 ) ) ;
#3406 = CARTESIAN_POINT ( 'NONE',  ( 0.000000000000000000, 0.1555118110236202167, -0.1070000000000005252 ) ) ;
#3407 = PRESENTATION_STYLE_ASSIGNMENT (( #5657 ) ) ;
#3408 = LENGTH_MEASURE_WITH_UNIT ( LENGTH_MEASURE( 0.02539999999999999897 ), #1178 );
#3409 = EDGE_LOOP ( 'NONE', ( #1831, #5135, #1932, #3004 ) ) ;
#3410 = SURFACE_SIDE_STYLE ('',( #3319 ) ) ;
#3411 = CARTESIAN_POINT ( 'NONE',  ( 0.4557098368097083907, 0.05949999999999999734, 0.1555118110236224649 ) ) ;
#3412 = CARTESIAN_POINT ( 'NONE',  ( 0.5282606005958296880, 0.1509017506031536116, -0.07775373837531790455 ) ) ;
#3413 = CARTESIAN_POINT ( 'NONE',  ( 0.6565911890729335676, -0.1052783594558777402, 0.1182779786865194999 ) ) ;
#3414 = DIRECTION ( 'NONE',  ( -1.000000000000000000, 0.000000000000000000, 0.000000000000000000 ) ) ;
#3415 = CARTESIAN_POINT ( 'NONE',  ( 0.000000000000000000, -0.05856624327025864579, -0.1555118110236237139 ) ) ;
#3416 = COLOUR_RGB ( '',1.000000000000000000, 0.9490196078431372140, 0.9098039215686274384 ) ;
#3417 = ORIENTED_EDGE ( 'NONE', *, *, #3883, .F. ) ;
#3418 = EDGE_LOOP ( 'NONE', ( #4138, #1282, #167, #4360 ) ) ;
#3419 = CARTESIAN_POINT ( 'NONE',  ( 0.000000000000000000, 0.1745118110236227316, 0.07046965511460223652 ) ) ;
#3420 = DIRECTION ( 'NONE',  ( -0.9999619230641711987, 0.008726535498373953759, 0.000000000000000000 ) ) ;
#3421 =( NAMED_UNIT ( * ) SI_UNIT ( $, .STERADIAN. ) SOLID_ANGLE_UNIT ( ) );
#3422 = AXIS2_PLACEMENT_3D ( 'NONE', #156, #1893, #4736 ) ;
#3423 = AXIS2_PLACEMENT_3D ( 'NONE', #1312, #4645, #4193 ) ;
#3424 = LENGTH_MEASURE_WITH_UNIT ( LENGTH_MEASURE( 0.02539999999999999897 ), #3889 );
#3425 = ORIENTED_EDGE ( 'NONE', *, *, #5043, .F. ) ;
#3426 = EDGE_CURVE ( 'NONE', #1071, #5904, #1822, .T. ) ;
#3427 = PLANE ( 'NONE',  #2169 ) ;
#3428 = FACE_OUTER_BOUND ( 'NONE', #3818, .T. ) ;
#3429 = EDGE_CURVE ( 'NONE', #3681, #5660, #1417, .T. ) ;
#3430 = SURFACE_STYLE_FILL_AREA ( #1575 ) ;
#3431 = LENGTH_MEASURE_WITH_UNIT ( LENGTH_MEASURE( 0.02539999999999999897 ), #5764 );
#3432 = ORIENTED_EDGE ( 'NONE', *, *, #443, .F. ) ;
#3433 = LINE ( 'NONE', #5284, #4774 ) ;
#3434 = DIRECTION ( 'NONE',  ( -1.000000000000000000, -0.000000000000000000, 0.000000000000000000 ) ) ;
#3435 = STYLED_ITEM ( 'NONE', ( #5595 ), #5879 ) ;
#3436 = SURFACE_STYLE_FILL_AREA ( #2051 ) ;
#3437 = LENGTH_MEASURE_WITH_UNIT ( LENGTH_MEASURE( 0.02539999999999999897 ), #5738 );
#3438 = FILL_AREA_STYLE_COLOUR ( '', #5493 ) ;
#3439 = LINE ( 'NONE', #2919, #1145 ) ;
#3440 = FILL_AREA_STYLE_COLOUR ( '', #1593 ) ;
#3441 = DIMENSIONAL_EXPONENTS ( 1.000000000000000000, 0.000000000000000000, 0.000000000000000000, 0.000000000000000000, 0.000000000000000000, 0.000000000000000000, 0.000000000000000000 ) ;
#3442 = VERTEX_POINT ( 'NONE', #1386 ) ;
#3443 = DIRECTION ( 'NONE',  ( -1.000000000000000000, 0.000000000000000000, 0.000000000000000000 ) ) ;
#3444 = B_SPLINE_CURVE_WITH_KNOTS ( 'NONE', 3,
 ( #767, #3602, #285, #5424, #1283, #2161 ),
 .UNSPECIFIED., .F., .F.,
 ( 4, 2, 4 ),
 ( 4.336808689942017736E-19, 0.0002011183477002026357, 0.0004022366954004048378 ),
 .UNSPECIFIED. ) ;
#3445 = CIRCLE ( 'NONE', #1794, 0.009999999999999995004 ) ;
#3446 = SURFACE_STYLE_FILL_AREA ( #1592 ) ;
#3447 = UNCERTAINTY_MEASURE_WITH_UNIT (LENGTH_MEASURE( 1.000000000000000082E-05 ), #3585, 'distance_accuracy_value', 'NONE');
#3448 = SURFACE_STYLE_USAGE ( .BOTH. , #97 ) ;
#3449 = AXIS2_PLACEMENT_3D ( 'NONE', #723, #296, #2050 ) ;
#3450 = ORIENTED_EDGE ( 'NONE', *, *, #5752, .F. ) ;
#3451 = ORIENTED_EDGE ( 'NONE', *, *, #4267, .F. ) ;
#3452 = FILL_AREA_STYLE_COLOUR ( '', #3714 ) ;
#3453 = SURFACE_SIDE_STYLE ('',( #1599 ) ) ;
#3454 = FILL_AREA_STYLE ('',( #5758 ) ) ;
#3455 = VERTEX_POINT ( 'NONE', #5554 ) ;
#3456 = LENGTH_MEASURE_WITH_UNIT ( LENGTH_MEASURE( 0.02539999999999999897 ), #2547 );
#3457 = FILL_AREA_STYLE_COLOUR ( '', #1616 ) ;
#3458 = SURFACE_SIDE_STYLE ('',( #3430 ) ) ;
#3459 = VECTOR ( 'NONE', #332, 39.37007874015748143 ) ;
#3460 = EDGE_CURVE ( 'NONE', #2895, #5686, #2757, .T. ) ;
#3461 = EDGE_CURVE ( 'NONE', #3143, #690, #4069, .T. ) ;
#3462 = ORIENTED_EDGE ( 'NONE', *, *, #3282, .T. ) ;
#3463 = FILL_AREA_STYLE_COLOUR ( '', #1105 ) ;
#3464 = DIMENSIONAL_EXPONENTS ( 1.000000000000000000, 0.000000000000000000, 0.000000000000000000, 0.000000000000000000, 0.000000000000000000, 0.000000000000000000, 0.000000000000000000 ) ;
#3465 = CARTESIAN_POINT ( 'NONE',  ( 0.6161417322834645827, -0.08353543307086615244, -0.07086614173228346358 ) ) ;
#3466 = LENGTH_MEASURE_WITH_UNIT ( LENGTH_MEASURE( 0.02539999999999999897 ), #1618 );
#3467 = FACE_OUTER_BOUND ( 'NONE', #116, .T. ) ;
#3468 = FACE_OUTER_BOUND ( 'NONE', #2566, .T. ) ;
#3469 = VECTOR ( 'NONE', #5568, 39.37007874015748143 ) ;
#3470 = CARTESIAN_POINT ( 'NONE',  ( 0.9685039388418237305, 0.1101815157121912581, -0.1085037664086343223 ) ) ;
#3471 = EDGE_CURVE ( 'NONE', #2551, #3930, #6008, .T. ) ;
#3472 = EDGE_LOOP ( 'NONE', ( #5419, #4610, #1837, #807 ) ) ;
#3473 = VECTOR ( 'NONE', #893, 39.37007874015748143 ) ;
#3474 = LINE ( 'NONE', #5807, #438 ) ;
#3475 = SURFACE_STYLE_USAGE ( .BOTH. , #4345 ) ;
#3476 = DIRECTION ( 'NONE',  ( -0.9983265198117633465, 0.05782871121279575810, 0.000000000000000000 ) ) ;
#3477 = CARTESIAN_POINT ( 'NONE',  ( 0.4840000000000000413, -0.06375924191488982484, 0.1745118110236225095 ) ) ;
#3478 = SURFACE_STYLE_FILL_AREA ( #1627 ) ;
#3479 = DIRECTION ( 'NONE',  ( 0.000000000000000000, 1.000000000000000000, 0.000000000000000000 ) ) ;
#3480 = PRESENTATION_LAYER_ASSIGNMENT (  '', '', ( #2035 ) ) ;
#3481 = VERTEX_POINT ( 'NONE', #5093 ) ;
#3482 = ORIENTED_EDGE ( 'NONE', *, *, #2686, .F. ) ;
#3483 = DIRECTION ( 'NONE',  ( 0.000000000000000000, 2.995447361473972672E-16, 1.000000000000000000 ) ) ;
#3484 = VERTEX_POINT ( 'NONE', #1768 ) ;
#3485 = VECTOR ( 'NONE', #3623, 39.37007874015748854 ) ;
#3486 =( NAMED_UNIT ( * ) SI_UNIT ( $, .STERADIAN. ) SOLID_ANGLE_UNIT ( ) );
#3487 =( LENGTH_UNIT ( ) NAMED_UNIT ( * ) SI_UNIT ( $, .METRE. ) );
#3488 =( CONVERSION_BASED_UNIT ( 'INCH', #717 ) LENGTH_UNIT ( ) NAMED_UNIT ( #3080 ) );
#3489 =( GEOMETRIC_REPRESENTATION_CONTEXT ( 3 ) GLOBAL_UNCERTAINTY_ASSIGNED_CONTEXT ( ( #2183 ) ) GLOBAL_UNIT_ASSIGNED_CONTEXT ( ( #4180, #471, #5038 ) ) REPRESENTATION_CONTEXT ( 'NONE', 'WORKASPACE' ) );
#3490 =( CONVERSION_BASED_UNIT ( 'INCH', #228 ) LENGTH_UNIT ( ) NAMED_UNIT ( #278 ) );
#3491 = LINE ( 'NONE', #3038, #2522 ) ;
#3492 = ORIENTED_EDGE ( 'NONE', *, *, #1735, .T. ) ;
#3493 = PRESENTATION_STYLE_ASSIGNMENT (( #1645 ) ) ;
#3494 =( NAMED_UNIT ( * ) SI_UNIT ( $, .STERADIAN. ) SOLID_ANGLE_UNIT ( ) );
#3495 =( NAMED_UNIT ( * ) SI_UNIT ( $, .STERADIAN. ) SOLID_ANGLE_UNIT ( ) );
#3496 = CARTESIAN_POINT ( 'NONE',  ( 0.9685039370078740717, 0.1080003807693582507, 0.1210000000000000103 ) ) ;
#3497 = EDGE_CURVE ( 'NONE', #3066, #4782, #920, .T. ) ;
#3498 = CARTESIAN_POINT ( 'NONE',  ( 0.000000000000000000, 0.09842519685039372024, 0.09842519685039372024 ) ) ;
#3499 =( NAMED_UNIT ( * ) SI_UNIT ( $, .STERADIAN. ) SOLID_ANGLE_UNIT ( ) );
#3500 = VECTOR ( 'NONE', #1146, 39.37007874015748143 ) ;
#3501 = ORIENTED_EDGE ( 'NONE', *, *, #3683, .F. ) ;
#3502 = CARTESIAN_POINT ( 'NONE',  ( 0.6465039370078740077, 0.1398694758552900819, -0.1398694758552906370 ) ) ;
#3503 = EDGE_CURVE ( 'NONE', #1050, #5105, #1298, .T. ) ;
#3504 = SURFACE_STYLE_FILL_AREA ( #3021 ) ;
#3505 = EDGE_CURVE ( 'NONE', #4334, #3199, #354, .T. ) ;
#3506 = CARTESIAN_POINT ( 'NONE',  ( 0.6268513568333803354, 0.1451763878042606482, -0.1490142136675685902 ) ) ;
#3507 = UNCERTAINTY_MEASURE_WITH_UNIT (LENGTH_MEASURE( 1.000000000000000082E-05 ), #5031, 'distance_accuracy_value', 'NONE');
#3508 = DIMENSIONAL_EXPONENTS ( 1.000000000000000000, 0.000000000000000000, 0.000000000000000000, 0.000000000000000000, 0.000000000000000000, 0.000000000000000000, 0.000000000000000000 ) ;
#3509 = CARTESIAN_POINT ( 'NONE',  ( 0.4738117109268476512, 0.07874015748031498729, -0.08451877346889291598 ) ) ;
#3510 = ORIENTED_EDGE ( 'NONE', *, *, #5574, .T. ) ;
#3511 = VERTEX_POINT ( 'NONE', #3160 ) ;
#3512 = COLOUR_RGB ( '',0.8588235294117646523, 0.09803921568627450844, 0.09803921568627450844 ) ;
#3513 = DIRECTION ( 'NONE',  ( -0.9984709653832553045, 0.05527866936377882207, -0.000000000000000000 ) ) ;
#3514 = DIRECTION ( 'NONE',  ( 0.000000000000000000, 0.000000000000000000, 1.000000000000000000 ) ) ;
#3515 = LENGTH_MEASURE_WITH_UNIT ( LENGTH_MEASURE( 0.02539999999999999897 ), #2192 );
#3516 = AXIS2_PLACEMENT_3D ( 'NONE', #1925, #3875, #962 ) ;
#3517 = VERTEX_POINT ( 'NONE', #3399 ) ;
#3518 = CARTESIAN_POINT ( 'NONE',  ( 0.5283520569360843355, 0.1497799025726847810, 0.1461972982320547121 ) ) ;
#3519 = CARTESIAN_POINT ( 'NONE',  ( 0.6066917420637489844, -0.08448640609338112228, 0.1502172924008873811 ) ) ;
#3520 = STYLED_ITEM ( 'NONE', ( #2436 ), #5648 ) ;
#3521 =( BOUNDED_CURVE ( )  B_SPLINE_CURVE ( 3, ( #5711, #3470, #3044, #4370 ),
 .UNSPECIFIED., .F., .T. ) 
 B_SPLINE_CURVE_WITH_KNOTS ( ( 4, 4 ),
 ( 0.008726331008151485061, 1.570796326794897224 ),
 .UNSPECIFIED. ) 
 CURVE ( )  GEOMETRIC_REPRESENTATION_ITEM ( )  RATIONAL_B_SPLINE_CURVE ( ( 1.000000000000000000, 0.8067901764348764937, 0.8067901764348764937, 1.000000000000000000 ) ) 
 REPRESENTATION_ITEM ( '' )  );
#3522 = ORIENTED_EDGE ( 'NONE', *, *, #2502, .F. ) ;
#3523 = CARTESIAN_POINT ( 'NONE',  ( 0.002424296075363379863, 0.000000000000000000, -0.08259923056773769978 ) ) ;
#3524 = DIRECTION ( 'NONE',  ( 0.000000000000000000, -0.5000000000000012212, -0.8660254037844379305 ) ) ;
#3525 = DIRECTION ( 'NONE',  ( 0.9999238504775705971, -0.008726203243944236423, 0.008726203243944238158 ) ) ;
#3526 = VECTOR ( 'NONE', #4025, 39.37007874015748143 ) ;
#3527 = CARTESIAN_POINT ( 'NONE',  ( 0.9685039370078740717, 0.1180000000000000632, 0.1168581144771440733 ) ) ;
#3528 = FILL_AREA_STYLE_COLOUR ( '', #4886 ) ;
#3529 = PRESENTATION_LAYER_ASSIGNMENT (  '', '', ( #410 ) ) ;
#3530 = ORIENTED_EDGE ( 'NONE', *, *, #3348, .T. ) ;
#3531 = ADVANCED_FACE ( 'NONE', ( #3859 ), #5701, .T. ) ;
#3532 = CARTESIAN_POINT ( 'NONE',  ( 0.4730303448853973580, 0.1555118110236228257, 0.04217949192431075245 ) ) ;
#3533 = SURFACE_STYLE_USAGE ( .BOTH. , #758 ) ;
#3534 = LENGTH_MEASURE_WITH_UNIT ( LENGTH_MEASURE( 0.02539999999999999897 ), #701 );
#3535 = COLOUR_RGB ( '',0.8588235294117646523, 0.09803921568627450844, 0.09803921568627450844 ) ;
#3536 = SURFACE_STYLE_FILL_AREA ( #5812 ) ;
#3537 = ADVANCED_FACE ( 'NONE', ( #1947 ), #1049, .F. ) ;
#3538 = EDGE_LOOP ( 'NONE', ( #3197, #3236, #2267, #5962 ) ) ;
#3539 = EDGE_CURVE ( 'NONE', #3930, #5502, #2913, .T. ) ;
#3540 = VERTEX_POINT ( 'NONE', #2369 ) ;
#3541 = CARTESIAN_POINT ( 'NONE',  ( 0.5303396793241380580, -0.1408839875273266151, 0.1508836067579678031 ) ) ;
#3542 = CARTESIAN_POINT ( 'NONE',  ( 0.000000000000000000, 0.09842519685039369248, 1.707404996040164512E-17 ) ) ;
#3543 = DIRECTION ( 'NONE',  ( 0.000000000000000000, 0.000000000000000000, -1.000000000000000000 ) ) ;
#3544 = SURFACE_STYLE_USAGE ( .BOTH. , #1698 ) ;
#3545 = ORIENTED_EDGE ( 'NONE', *, *, #3761, .T. ) ;
#3546 = ADVANCED_FACE ( 'NONE', ( #4303 ), #4212, .F. ) ;
#3547 = CARTESIAN_POINT ( 'NONE',  ( 0.9585912023628577749, 0.1143637243739752257, -0.01240147085095840741 ) ) ;
#3548 = CARTESIAN_POINT ( 'NONE',  ( 0.6565039370078741277, -0.1555118110236234918, -5.463695987328526437E-16 ) ) ;
#3549 = SURFACE_STYLE_USAGE ( .BOTH. , #2166 ) ;
#3550 =( GEOMETRIC_REPRESENTATION_CONTEXT ( 3 ) GLOBAL_UNCERTAINTY_ASSIGNED_CONTEXT ( ( #1130 ) ) GLOBAL_UNIT_ASSIGNED_CONTEXT ( ( #3170, #4047, #2265 ) ) REPRESENTATION_CONTEXT ( 'NONE', 'WORKASPACE' ) );
#3551 =( NAMED_UNIT ( * ) SI_UNIT ( $, .STERADIAN. ) SOLID_ANGLE_UNIT ( ) );
#3552 = PLANE ( 'NONE',  #50 ) ;
#3553 =( NAMED_UNIT ( * ) PLANE_ANGLE_UNIT ( ) SI_UNIT ( $, .RADIAN. ) );
#3554 =( NAMED_UNIT ( * ) SI_UNIT ( $, .STERADIAN. ) SOLID_ANGLE_UNIT ( ) );
#3555 = SURFACE_STYLE_USAGE ( .BOTH. , #3096 ) ;
#3556 =( GEOMETRIC_REPRESENTATION_CONTEXT ( 3 ) GLOBAL_UNCERTAINTY_ASSIGNED_CONTEXT ( ( #395 ) ) GLOBAL_UNIT_ASSIGNED_CONTEXT ( ( #4824, #299, #5974 ) ) REPRESENTATION_CONTEXT ( 'NONE', 'WORKASPACE' ) );
#3557 = VECTOR ( 'NONE', #436, 39.37007874015748143 ) ;
#3558 =( LENGTH_UNIT ( ) NAMED_UNIT ( * ) SI_UNIT ( $, .METRE. ) );
#3559 = EDGE_LOOP ( 'NONE', ( #528, #337, #2630, #3910, #5228 ) ) ;
#3560 = CARTESIAN_POINT ( 'NONE',  ( 0.4733497035020817201, -0.07874015748031493178, -0.06877752049651320032 ) ) ;
#3561 = CARTESIAN_POINT ( 'NONE',  ( 0.5265119078539792774, 0.07874015748031498729, 0.1328689200955810445 ) ) ;
#3562 = MECHANICAL_DESIGN_GEOMETRIC_PRESENTATION_REPRESENTATION (  '', ( #152 ), #5979 ) ;
#3563 = COLOUR_RGB ( '',0.8588235294117646523, 0.09803921568627450844, 0.09803921568627450844 ) ;
#3564 =( NAMED_UNIT ( * ) PLANE_ANGLE_UNIT ( ) SI_UNIT ( $, .RADIAN. ) );
#3565 =( NAMED_UNIT ( * ) PLANE_ANGLE_UNIT ( ) SI_UNIT ( $, .RADIAN. ) );
#3566 = ORIENTED_EDGE ( 'NONE', *, *, #485, .F. ) ;
#3567 = SURFACE_STYLE_FILL_AREA ( #3990 ) ;
#3568 = CARTESIAN_POINT ( 'NONE',  ( 0.4879999999999999338, 0.08000000000000054290, -0.1555118110236232143 ) ) ;
#3569 = UNCERTAINTY_MEASURE_WITH_UNIT (LENGTH_MEASURE( 1.000000000000000082E-05 ), #5620, 'distance_accuracy_value', 'NONE');
#3570 = LENGTH_MEASURE_WITH_UNIT ( LENGTH_MEASURE( 0.02539999999999999897 ), #1596 );
#3571 = EDGE_LOOP ( 'NONE', ( #1160, #1782, #5766, #5447 ) ) ;
#3572 = STYLED_ITEM ( 'NONE', ( #4928 ), #2271 ) ;
#3573 = ORIENTED_EDGE ( 'NONE', *, *, #5613, .F. ) ;
#3574 = LINE ( 'NONE', #2771, #2453 ) ;
#3575 = FACE_OUTER_BOUND ( 'NONE', #4593, .T. ) ;
#3576 = LINE ( 'NONE', #2633, #538 ) ;
#3577 = ADVANCED_FACE ( 'NONE', ( #2519 ), #774, .T. ) ;
#3578 = CARTESIAN_POINT ( 'NONE',  ( 0.000000000000000000, -0.07299999999999953748, -0.1305118110236237750 ) ) ;
#3579 = STYLED_ITEM ( 'NONE', ( #3136 ), #2346 ) ;
#3580 = ORIENTED_EDGE ( 'NONE', *, *, #4307, .F. ) ;
#3581 = CYLINDRICAL_SURFACE ( 'NONE', #5379, 0.01000000000000000194 ) ;
#3582 = PRESENTATION_LAYER_ASSIGNMENT (  '', '', ( #3663 ) ) ;
#3583 = CARTESIAN_POINT ( 'NONE',  ( 0.9685039370078740717, 0.1042783595138619818, -0.1085540197423983111 ) ) ;
#3584 = EDGE_CURVE ( 'NONE', #1796, #283, #3491, .T. ) ;
#3585 =( CONVERSION_BASED_UNIT ( 'INCH', #4770 ) LENGTH_UNIT ( ) NAMED_UNIT ( #5988 ) );
#3586 = CARTESIAN_POINT ( 'NONE',  ( 0.000000000000000000, 0.07046965511460284715, 0.1745118110236224540 ) ) ;
#3587 = EDGE_CURVE ( 'NONE', #4765, #3290, #718, .T. ) ;
#3588 = FILL_AREA_STYLE_COLOUR ( '', #1940 ) ;
#3589 = AXIS2_PLACEMENT_3D ( 'NONE', #2928, #3383, #2535 ) ;
#3590 = LINE ( 'NONE', #1265, #3737 ) ;
#3591 = VECTOR ( 'NONE', #4827, 39.37007874015748143 ) ;
#3592 = DIRECTION ( 'NONE',  ( 0.9999238504775705971, 0.008726203243944238158, -0.008726203243944253771 ) ) ;
#3593 = LENGTH_MEASURE_WITH_UNIT ( LENGTH_MEASURE( 0.02539999999999999897 ), #1270 );
#3594 = ORIENTED_EDGE ( 'NONE', *, *, #476, .F. ) ;
#3595 = CARTESIAN_POINT ( 'NONE',  ( 0.4557098368097083907, 0.1555118110236226869, 0.05949999999999944916 ) ) ;
#3596 = STYLED_ITEM ( 'NONE', ( #187 ), #3826 ) ;
#3597 = CARTESIAN_POINT ( 'NONE',  ( 0.5282606005958297990, 0.1509017506031535838, -0.1435799315245150087 ) ) ;
#3598 = VERTEX_POINT ( 'NONE', #747 ) ;
#3599 = EDGE_LOOP ( 'NONE', ( #3363, #82, #5480 ) ) ;
#3600 = LINE ( 'NONE', #420, #4476 ) ;
#3601 = CYLINDRICAL_SURFACE ( 'NONE', #4125, 0.01999999999999999695 ) ;
#3602 = CARTESIAN_POINT ( 'NONE',  ( 0.5295307727794102970, -0.1434344448908815572, 0.1508906659784386706 ) ) ;
#3603 = EDGE_CURVE ( 'NONE', #3995, #230, #3980, .T. ) ;
#3604 = MECHANICAL_DESIGN_GEOMETRIC_PRESENTATION_REPRESENTATION (  '', ( #2178 ), #4371 ) ;
#3605 = ORIENTED_EDGE ( 'NONE', *, *, #2429, .F. ) ;
#3606 =( NAMED_UNIT ( * ) PLANE_ANGLE_UNIT ( ) SI_UNIT ( $, .RADIAN. ) );
#3607 =( LENGTH_UNIT ( ) NAMED_UNIT ( * ) SI_UNIT ( $, .METRE. ) );
#3608 = DIRECTION ( 'NONE',  ( -0.000000000000000000, 1.000000000000000000, -2.422893929682867656E-16 ) ) ;
#3609 = CYLINDRICAL_SURFACE ( 'NONE', #2687, 0.01000000000000002970 ) ;
#3610 = CARTESIAN_POINT ( 'NONE',  ( 0.000000000000000000, -0.1555118110236234918, 0.05856624327025920090 ) ) ;
#3611 = STYLED_ITEM ( 'NONE', ( #5785 ), #5050 ) ;
#3612 = DIRECTION ( 'NONE',  ( 0.000000000000000000, 0.000000000000000000, 1.000000000000000000 ) ) ;
#3613 = EDGE_CURVE ( 'NONE', #1436, #1341, #5824, .T. ) ;
#3614 = LENGTH_MEASURE_WITH_UNIT ( LENGTH_MEASURE( 0.02539999999999999897 ), #3041 );
#3615 = LENGTH_MEASURE_WITH_UNIT ( LENGTH_MEASURE( 0.02539999999999999897 ), #381 );
#3616 = CARTESIAN_POINT ( 'NONE',  ( 0.3474196816907006435, 0.09547244094488190058, -0.07247357983688917926 ) ) ;
#3617 = VECTOR ( 'NONE', #2662, 39.37007874015748143 ) ;
#3618 = DIRECTION ( 'NONE',  ( -0.000000000000000000, 1.000000000000000000, -0.000000000000000000 ) ) ;
#3619 = DIRECTION ( 'NONE',  ( -0.000000000000000000, -1.000000000000000000, -0.000000000000000000 ) ) ;
#3620 = ORIENTED_EDGE ( 'NONE', *, *, #594, .F. ) ;
#3621 = LINE ( 'NONE', #1302, #5576 ) ;
#3622 = UNCERTAINTY_MEASURE_WITH_UNIT (LENGTH_MEASURE( 1.000000000000000082E-05 ), #2917, 'distance_accuracy_value', 'NONE');
#3623 = DIRECTION ( 'NONE',  ( -0.9998096356151561226, 0.008725206505940202167, -0.01745174210551314262 ) ) ;
#3624 = PRESENTATION_LAYER_ASSIGNMENT (  '', '', ( #2273 ) ) ;
#3625 = ORIENTED_EDGE ( 'NONE', *, *, #3680, .F. ) ;
#3626 = EDGE_LOOP ( 'NONE', ( #2223, #2098, #1241, #490, #3024, #4776, #4719, #312, #1150, #1138 ) ) ;
#3627 =( GEOMETRIC_REPRESENTATION_CONTEXT ( 3 ) GLOBAL_UNCERTAINTY_ASSIGNED_CONTEXT ( ( #1988 ) ) GLOBAL_UNIT_ASSIGNED_CONTEXT ( ( #5257, #236, #2057 ) ) REPRESENTATION_CONTEXT ( 'NONE', 'WORKASPACE' ) );
#3628 = LINE ( 'NONE', #7, #791 ) ;
#3629 = FILL_AREA_STYLE ('',( #5908 ) ) ;
#3630 = DIRECTION ( 'NONE',  ( 0.9995695637461118332, 0.000000000000000000, 0.02933747147263220459 ) ) ;
#3631 = ORIENTED_EDGE ( 'NONE', *, *, #2718, .T. ) ;
#3632 = CARTESIAN_POINT ( 'NONE',  ( 0.4879999999999999338, -0.1555118110236234918, -0.08000000000000000167 ) ) ;
#3633 = LINE ( 'NONE', #5543, #5841 ) ;
#3634 = CARTESIAN_POINT ( 'NONE',  ( 0.5289670551957840194, -0.1460311391668947245, -0.1498684907012163559 ) ) ;
#3635 = DIRECTION ( 'NONE',  ( -0.000000000000000000, 1.000000000000000000, -0.000000000000000000 ) ) ;
#3636 = FILL_AREA_STYLE_COLOUR ( '', #5594 ) ;
#3637 = PRESENTATION_STYLE_ASSIGNMENT (( #1350 ) ) ;
#3638 = CARTESIAN_POINT ( 'NONE',  ( 0.6560807519799062293, -0.1070048353443688594, -0.1140073867221398501 ) ) ;
#3639 = SURFACE_STYLE_FILL_AREA ( #1789 ) ;
#3640 = DIRECTION ( 'NONE',  ( -0.9982886337119626363, 0.05782651663589045976, -0.008711932923421542713 ) ) ;
#3641 = FACE_OUTER_BOUND ( 'NONE', #819, .T. ) ;
#3642 = AXIS2_PLACEMENT_3D ( 'NONE', #5392, #4555, #1658 ) ;
#3643 = ADVANCED_FACE ( 'NONE', ( #5860 ), #1704, .F. ) ;
#3644 = SURFACE_SIDE_STYLE ('',( #835 ) ) ;
#3645 = EDGE_LOOP ( 'NONE', ( #5600, #4556, #2591, #4409 ) ) ;
#3646 = CIRCLE ( 'NONE', #147, 0.01000000000000002970 ) ;
#3647 = CARTESIAN_POINT ( 'NONE',  ( 0.9585912023628577749, -0.1471463123352183267, 0.1371466931045760285 ) ) ;
#3648 = EDGE_CURVE ( 'NONE', #940, #4071, #880, .T. ) ;
#3649 = EDGE_CURVE ( 'NONE', #904, #940, #1291, .T. ) ;
#3650 = DIRECTION ( 'NONE',  ( 0.000000000000000000, 1.000000000000000000, -3.491481338843132961E-15 ) ) ;
#3651 = PRESENTATION_LAYER_ASSIGNMENT (  '', '', ( #4513 ) ) ;
#3652 = STYLED_ITEM ( 'NONE', ( #5636 ), #1031 ) ;
#3653 = ORIENTED_EDGE ( 'NONE', *, *, #680, .F. ) ;
#3654 = ORIENTED_EDGE ( 'NONE', *, *, #2713, .F. ) ;
#3655 = CARTESIAN_POINT ( 'NONE',  ( 0.9585912023628575529, 0.1471463123352150237, 0.01242408676217775232 ) ) ;
#3656 = LENGTH_MEASURE_WITH_UNIT ( LENGTH_MEASURE( 0.02539999999999999897 ), #5224 );
#3657 = VERTEX_POINT ( 'NONE', #3151 ) ;
#3658 = ORIENTED_EDGE ( 'NONE', *, *, #1943, .T. ) ;
#3659 = CARTESIAN_POINT ( 'NONE',  ( 0.5280023833415694590, 0.1555118110236227702, 0.07776803414025856842 ) ) ;
#3660 = CARTESIAN_POINT ( 'NONE',  ( 0.4733497035020817201, 0.09547244094488190058, -0.06877752049651320032 ) ) ;
#3661 = SURFACE_STYLE_USAGE ( .BOTH. , #1760 ) ;
#3662 = DIMENSIONAL_EXPONENTS ( 1.000000000000000000, 0.000000000000000000, 0.000000000000000000, 0.000000000000000000, 0.000000000000000000, 0.000000000000000000, 0.000000000000000000 ) ;
#3663 = STYLED_ITEM ( 'NONE', ( #1174 ), #2530 ) ;
#3664 = CARTESIAN_POINT ( 'NONE',  ( 0.000000000000000000, 0.07300000000000045342, -0.1305118110236232476 ) ) ;
#3665 = FACE_OUTER_BOUND ( 'NONE', #4565, .T. ) ;
#3666 =( LENGTH_UNIT ( ) NAMED_UNIT ( * ) SI_UNIT ( $, .METRE. ) );
#3667 = DIRECTION ( 'NONE',  ( 0.000000000000000000, -1.000000000000000000, 0.000000000000000000 ) ) ;
#3668 = DIRECTION ( 'NONE',  ( 0.9984709653832553045, -1.930044425197133819E-16, -0.05527866936377882207 ) ) ;
#3669 = AXIS2_PLACEMENT_3D ( 'NONE', #5960, #966, #3778 ) ;
#3670 = LINE ( 'NONE', #3616, #3856 ) ;
#3671 = DIRECTION ( 'NONE',  ( 0.9579169604425993301, -0.000000000000000000, 0.2870454613757401074 ) ) ;
#3672 = ORIENTED_EDGE ( 'NONE', *, *, #2312, .F. ) ;
#3673 =( CONVERSION_BASED_UNIT ( 'INCH', #5556 ) LENGTH_UNIT ( ) NAMED_UNIT ( #3382 ) );
#3674 = EDGE_CURVE ( 'NONE', #4775, #1144, #2787, .T. ) ;
#3675 = SURFACE_STYLE_FILL_AREA ( #5983 ) ;
#3676 =( NAMED_UNIT ( * ) SI_UNIT ( $, .STERADIAN. ) SOLID_ANGLE_UNIT ( ) );
#3677 = UNCERTAINTY_MEASURE_WITH_UNIT (LENGTH_MEASURE( 1.000000000000000082E-05 ), #5444, 'distance_accuracy_value', 'NONE');
#3678 = SURFACE_STYLE_FILL_AREA ( #2737 ) ;
#3679 = PRESENTATION_LAYER_ASSIGNMENT (  '', '', ( #3008 ) ) ;
#3680 = EDGE_CURVE ( 'NONE', #2521, #2068, #5084, .T. ) ;
#3681 = VERTEX_POINT ( 'NONE', #4064 ) ;
#3682 = ORIENTED_EDGE ( 'NONE', *, *, #4532, .T. ) ;
#3683 = EDGE_CURVE ( 'NONE', #2466, #5119, #5056, .T. ) ;
#3684 =( GEOMETRIC_REPRESENTATION_CONTEXT ( 3 ) GLOBAL_UNCERTAINTY_ASSIGNED_CONTEXT ( ( #3622 ) ) GLOBAL_UNIT_ASSIGNED_CONTEXT ( ( #2917, #2983, #3495 ) ) REPRESENTATION_CONTEXT ( 'NONE', 'WORKASPACE' ) );
#3685 = DIRECTION ( 'NONE',  ( -0.000000000000000000, -0.000000000000000000, 1.000000000000000000 ) ) ;
#3686 = DIRECTION ( 'NONE',  ( -0.9998432799835252904, 0.01585495716938234087, 0.007876281162002545660 ) ) ;
#3687 = LENGTH_MEASURE_WITH_UNIT ( LENGTH_MEASURE( 0.02539999999999999897 ), #871 );
#3688 = SURFACE_SIDE_STYLE ('',( #2865 ) ) ;
#3689 = COLOUR_RGB ( '',0.8588235294117646523, 0.09803921568627450844, 0.09803921568627450844 ) ;
#3690 = VERTEX_POINT ( 'NONE', #2250 ) ;
#3691 = EDGE_LOOP ( 'NONE', ( #1757, #2377, #4939, #2077, #3090, #3969 ) ) ;
#3692 = SURFACE_STYLE_FILL_AREA ( #1037 ) ;
#3693 = DIRECTION ( 'NONE',  ( 0.9999238504775707082, -0.008726203243941670767, 0.008726203243941670767 ) ) ;
#3694 = PRESENTATION_LAYER_ASSIGNMENT (  '', '', ( #5550 ) ) ;
#3695 =( NAMED_UNIT ( * ) PLANE_ANGLE_UNIT ( ) SI_UNIT ( $, .RADIAN. ) );
#3696 = AXIS2_PLACEMENT_3D ( 'NONE', #3560, #776, #231 ) ;
#3697 =( NAMED_UNIT ( * ) SI_UNIT ( $, .STERADIAN. ) SOLID_ANGLE_UNIT ( ) );
#3698 = DIRECTION ( 'NONE',  ( -0.9999619230641711987, 0.008726535498373953759, 0.000000000000000000 ) ) ;
#3699 = DIMENSIONAL_EXPONENTS ( 1.000000000000000000, 0.000000000000000000, 0.000000000000000000, 0.000000000000000000, 0.000000000000000000, 0.000000000000000000, 0.000000000000000000 ) ;
#3700 = STYLED_ITEM ( 'NONE', ( #5458 ), #4269 ) ;
#3701 =( CONVERSION_BASED_UNIT ( 'INCH', #1852 ) LENGTH_UNIT ( ) NAMED_UNIT ( #3871 ) );
#3702 = ORIENTED_EDGE ( 'NONE', *, *, #5728, .F. ) ;
#3703 = LENGTH_MEASURE_WITH_UNIT ( LENGTH_MEASURE( 0.02539999999999999897 ), #2235 );
#3704 = CARTESIAN_POINT ( 'NONE',  ( 0.9685911890729336227, 0.1080011422065945553, 0.1210007614372362456 ) ) ;
#3705 = CARTESIAN_POINT ( 'NONE',  ( 0.6565039370078741277, 0.08353543307086618019, 1.213184216936841517E-31 ) ) ;
#3706 = LENGTH_MEASURE_WITH_UNIT ( LENGTH_MEASURE( 0.02539999999999999897 ), #1829 );
#3707 = CARTESIAN_POINT ( 'NONE',  ( 0.5265119078539792774, 0.07874015748031498729, 0.1328689200955810445 ) ) ;
#3708 = LENGTH_MEASURE_WITH_UNIT ( LENGTH_MEASURE( 0.02539999999999999897 ), #5681 );
#3709 = STYLED_ITEM ( 'NONE', ( #4465 ), #5610 ) ;
#3710 = ORIENTED_EDGE ( 'NONE', *, *, #4524, .F. ) ;
#3711 =( BOUNDED_CURVE ( )  B_SPLINE_CURVE ( 3, ( #4200, #1967, #5108, #2806 ),
 .UNSPECIFIED., .F., .T. ) 
 B_SPLINE_CURVE_WITH_KNOTS ( ( 4, 4 ),
 ( 3.448718523286892434, 5.958606144962543816 ),
 .UNSPECIFIED. ) 
 CURVE ( )  GEOMETRIC_REPRESENTATION_ITEM ( )  RATIONAL_B_SPLINE_CURVE ( ( 1.000000000000000000, 0.5404179517530875998, 0.5404179517530875998, 1.000000000000000000 ) ) 
 REPRESENTATION_ITEM ( '' )  );
#3712 = ORIENTED_EDGE ( 'NONE', *, *, #5246, .T. ) ;
#3713 = FILL_AREA_STYLE ('',( #6 ) ) ;
#3714 = COLOUR_RGB ( '',0.8588235294117646523, 0.09803921568627450844, 0.09803921568627450844 ) ;
#3715 = ADVANCED_FACE ( 'NONE', ( #4175 ), #1786, .T. ) ;
#3716 = ORIENTED_EDGE ( 'NONE', *, *, #3753, .T. ) ;
#3718 = COLOUR_RGB ( '',0.8588235294117646523, 0.09803921568627450844, 0.09803921568627450844 ) ;
#3717 = PRODUCT_DEFINITION_SHAPE ( 'NONE', 'NONE',  #4783 ) ;
#3719 = VERTEX_POINT ( 'NONE', #4807 ) ;
#3720 = FILL_AREA_STYLE ('',( #1373 ) ) ;
#3721 = LINE ( 'NONE', #373, #1275 ) ;
#3722 = CARTESIAN_POINT ( 'NONE',  ( 0.6161417322834645827, -0.07690905344307663594, 1.334159405228599333E-17 ) ) ;
#3723 = CARTESIAN_POINT ( 'NONE',  ( 0.5265119078539792774, 0.07874015748031498729, 0.1328689200955810445 ) ) ;
#3724 = PRESENTATION_STYLE_ASSIGNMENT (( #1442 ) ) ;
#3725 = SURFACE_STYLE_FILL_AREA ( #5082 ) ;
#3726 = DIRECTION ( 'NONE',  ( -0.9983265198117633465, 0.000000000000000000, -0.05782871121279575810 ) ) ;
#3727 = DIMENSIONAL_EXPONENTS ( 1.000000000000000000, 0.000000000000000000, 0.000000000000000000, 0.000000000000000000, 0.000000000000000000, 0.000000000000000000, 0.000000000000000000 ) ;
#3728 = SURFACE_SIDE_STYLE ('',( #1846 ) ) ;
#3729 = DIRECTION ( 'NONE',  ( -0.000000000000000000, -0.000000000000000000, 1.000000000000000000 ) ) ;
#3730 = DIRECTION ( 'NONE',  ( -0.000000000000000000, 1.000000000000000000, -8.529140707787145228E-17 ) ) ;
#3731 = CARTESIAN_POINT ( 'NONE',  ( 0.5282606005958294659, -0.1509017506031568590, -0.1409021313725124236 ) ) ;
#3732 = CARTESIAN_POINT ( 'NONE',  ( 0.8735039855285190447, 0.07874015748031498729, 0.02806077584495939720 ) ) ;
#3733 =( GEOMETRIC_REPRESENTATION_CONTEXT ( 3 ) GLOBAL_UNCERTAINTY_ASSIGNED_CONTEXT ( ( #4164 ) ) GLOBAL_UNIT_ASSIGNED_CONTEXT ( ( #3309, #3766, #1548 ) ) REPRESENTATION_CONTEXT ( 'NONE', 'WORKASPACE' ) );
#3734 = ORIENTED_EDGE ( 'NONE', *, *, #3505, .T. ) ;
#3735 = FILL_AREA_STYLE_COLOUR ( '', #4899 ) ;
#3736 = VECTOR ( 'NONE', #5845, 39.37007874015748854 ) ;
#3737 = VECTOR ( 'NONE', #4090, 39.37007874015748143 ) ;
#3738 = UNCERTAINTY_MEASURE_WITH_UNIT (LENGTH_MEASURE( 1.000000000000000082E-05 ), #2451, 'distance_accuracy_value', 'NONE');
#3739 = LENGTH_MEASURE_WITH_UNIT ( LENGTH_MEASURE( 0.02539999999999999897 ), #3287 );
#3740 = AXIS2_PLACEMENT_3D ( 'NONE', #1074, #2167, #4881 ) ;
#3741 = DIMENSIONAL_EXPONENTS ( 1.000000000000000000, 0.000000000000000000, 0.000000000000000000, 0.000000000000000000, 0.000000000000000000, 0.000000000000000000, 0.000000000000000000 ) ;
#3742 = ORIENTED_EDGE ( 'NONE', *, *, #3683, .T. ) ;
#3743 = ORIENTED_EDGE ( 'NONE', *, *, #298, .F. ) ;
#3744 = CARTESIAN_POINT ( 'NONE',  ( 0.9585039370078740628, 0.1371466931045733362, 0.1371466931045755289 ) ) ;
#3745 = CARTESIAN_POINT ( 'NONE',  ( 0.5280023833415694590, 0.1555118110236225204, -0.07776803414025965089 ) ) ;
#3746 = AXIS2_PLACEMENT_3D ( 'NONE', #2368, #440, #3698 ) ;
#3747 = SURFACE_STYLE_FILL_AREA ( #3202 ) ;
#3748 = AXIS2_PLACEMENT_3D ( 'NONE', #3106, #1274, #5869 ) ;
#3749 =( CONVERSION_BASED_UNIT ( 'INCH', #487 ) LENGTH_UNIT ( ) NAMED_UNIT ( #3974 ) );
#3750 = VERTEX_POINT ( 'NONE', #1878 ) ;
#3751 = ORIENTED_EDGE ( 'NONE', *, *, #3155, .F. ) ;
#3752 = SURFACE_STYLE_USAGE ( .BOTH. , #1403 ) ;
#3753 = EDGE_CURVE ( 'NONE', #3290, #4334, #4238, .T. ) ;
#3754 = FACE_OUTER_BOUND ( 'NONE', #1461, .T. ) ;
#3755 =( GEOMETRIC_REPRESENTATION_CONTEXT ( 3 ) GLOBAL_UNCERTAINTY_ASSIGNED_CONTEXT ( ( #4590 ) ) GLOBAL_UNIT_ASSIGNED_CONTEXT ( ( #1699, #5400, #2634 ) ) REPRESENTATION_CONTEXT ( 'NONE', 'WORKASPACE' ) );
#3756 = FACE_OUTER_BOUND ( 'NONE', #670, .T. ) ;
#3757 = FILL_AREA_STYLE_COLOUR ( '', #4161 ) ;
#3758 = CARTESIAN_POINT ( 'NONE',  ( 0.9692488885175383206, -0.1142707161559479295, -0.01860351858997180002 ) ) ;
#3759 = CARTESIAN_POINT ( 'NONE',  ( 0.000000000000000000, -0.1555118110236234918, 0.05856624327025919396 ) ) ;
#3760 = DIRECTION ( 'NONE',  ( 0.000000000000000000, -1.000000000000000000, 8.529140707787145228E-17 ) ) ;
#3761 = EDGE_CURVE ( 'NONE', #721, #2558, #2564, .T. ) ;
#3762 = EDGE_CURVE ( 'NONE', #163, #3162, #1454, .T. ) ;
#3763 = DIRECTION ( 'NONE',  ( 0.000000000000000000, -0.8660254037844377084, 0.5000000000000015543 ) ) ;
#3764 = FACE_OUTER_BOUND ( 'NONE', #1556, .T. ) ;
#3765 = ORIENTED_EDGE ( 'NONE', *, *, #1072, .T. ) ;
#3766 =( NAMED_UNIT ( * ) PLANE_ANGLE_UNIT ( ) SI_UNIT ( $, .RADIAN. ) );
#3767 = COLOUR_RGB ( '',0.8588235294117646523, 0.09803921568627450844, 0.09803921568627450844 ) ;
#3768 = FACE_OUTER_BOUND ( 'NONE', #413, .T. ) ;
#3769 = FILL_AREA_STYLE ('',( #1920 ) ) ;
#3770 =( NAMED_UNIT ( * ) PLANE_ANGLE_UNIT ( ) SI_UNIT ( $, .RADIAN. ) );
#3771 = AXIS2_PLACEMENT_3D ( 'NONE', #1585, #5225, #1054 ) ;
#3772 = VERTEX_POINT ( 'NONE', #2064 ) ;
#3773 = DIRECTION ( 'NONE',  ( -1.000000000000000000, 0.000000000000000000, 0.000000000000000000 ) ) ;
#3774 = CARTESIAN_POINT ( 'NONE',  ( 0.6465912023628577199, 0.1498690950859317972, -0.1497825879612403877 ) ) ;
#3775 = DIRECTION ( 'NONE',  ( 0.9982886337119626363, 0.008711932923421542713, -0.05782651663589042507 ) ) ;
#3776 = COLOUR_RGB ( '',1.000000000000000000, 0.9490196078431372140, 0.9098039215686274384 ) ;
#3777 = SURFACE_STYLE_USAGE ( .BOTH. , #995 ) ;
#3778 = DIRECTION ( 'NONE',  ( 0.000000000000000000, 0.000000000000000000, -1.000000000000000000 ) ) ;
#3779 = ORIENTED_EDGE ( 'NONE', *, *, #2906, .T. ) ;
#3780 = ORIENTED_EDGE ( 'NONE', *, *, #2248, .F. ) ;
#3781 =( CONVERSION_BASED_UNIT ( 'INCH', #1933 ) LENGTH_UNIT ( ) NAMED_UNIT ( #3741 ) );
#3782 = DIMENSIONAL_EXPONENTS ( 1.000000000000000000, 0.000000000000000000, 0.000000000000000000, 0.000000000000000000, 0.000000000000000000, 0.000000000000000000, 0.000000000000000000 ) ;
#3783 = CARTESIAN_POINT ( 'NONE',  ( 0.4879999999999999338, -0.1512530995417331880, -0.06102501149072952352 ) ) ;
#3784 = DIRECTION ( 'NONE',  ( 0.9999238504775705971, -0.008726203243944238158, 0.008726203243944238158 ) ) ;
#3785 = EDGE_CURVE ( 'NONE', #1796, #3540, #5780, .T. ) ;
#3786 = SURFACE_STYLE_USAGE ( .BOTH. , #4688 ) ;
#3787 = EDGE_LOOP ( 'NONE', ( #2572, #343, #1897, #1466 ) ) ;
#3788 = SURFACE_STYLE_FILL_AREA ( #4300 ) ;
#3789 = DIRECTION ( 'NONE',  ( 0.2870454613757401074, -7.913884470697117129E-17, -0.9579169604425993301 ) ) ;
#3790 = PRESENTATION_STYLE_ASSIGNMENT (( #4243 ) ) ;
#3791 = EDGE_CURVE ( 'NONE', #65, #1683, #2840, .T. ) ;
#3792 = SURFACE_STYLE_USAGE ( .BOTH. , #4275 ) ;
#3793 = ADVANCED_FACE ( 'NONE', ( #18 ), #4841, .F. ) ;
#3794 = FILL_AREA_STYLE_COLOUR ( '', #2266 ) ;
#3795 = EDGE_LOOP ( 'NONE', ( #1570, #2826, #858, #1435 ) ) ;
#3796 = DIRECTION ( 'NONE',  ( -0.05527866936377882900, 3.486142743012324712E-15, 0.9984709653832554155 ) ) ;
#3797 = CARTESIAN_POINT ( 'NONE',  ( 0.4840000000000000413, -0.07046965511460284715, 0.1745118110236225095 ) ) ;
#3798 = AXIS2_PLACEMENT_3D ( 'NONE', #3033, #742, #2609 ) ;
#3799 = SURFACE_STYLE_FILL_AREA ( #3769 ) ;
#3800 = SURFACE_STYLE_USAGE ( .BOTH. , #119 ) ;
#3801 = LENGTH_MEASURE_WITH_UNIT ( LENGTH_MEASURE( 0.02539999999999999897 ), #1522 );
#3802 = ORIENTED_EDGE ( 'NONE', *, *, #4115, .T. ) ;
#3803 =( NAMED_UNIT ( * ) PLANE_ANGLE_UNIT ( ) SI_UNIT ( $, .RADIAN. ) );
#3804 = LINE ( 'NONE', #1558, #2988 ) ;
#3805 = UNCERTAINTY_MEASURE_WITH_UNIT (LENGTH_MEASURE( 1.000000000000000082E-05 ), #2952, 'distance_accuracy_value', 'NONE');
#3806 = DIRECTION ( 'NONE',  ( -0.4472135954999553187, -0.7745966692414871790, -0.4472135954999541529 ) ) ;
#3807 = DIRECTION ( 'NONE',  ( 0.000000000000000000, 1.000000000000000000, -0.000000000000000000 ) ) ;
#3808 = VERTEX_POINT ( 'NONE', #216 ) ;
#3809 = ORIENTED_EDGE ( 'NONE', *, *, #186, .T. ) ;
#3810 = CARTESIAN_POINT ( 'NONE',  ( 0.000000000000000000, -0.05949999999999999734, 0.1555118110236224649 ) ) ;
#3811 = LINE ( 'NONE', #3722, #1513 ) ;
#3812 = VECTOR ( 'NONE', #2105, 39.37007874015748143 ) ;
#3813 = CARTESIAN_POINT ( 'NONE',  ( 0.002626596600574420629, 0.1454892698317056532, 0.1554888890623495334 ) ) ;
#3814 = LENGTH_MEASURE_WITH_UNIT ( LENGTH_MEASURE( 0.02539999999999999897 ), #1535 );
#3815 = CARTESIAN_POINT ( 'NONE',  ( 0.000000000000000000, 0.1555118110236202167, 0.1455121917929807218 ) ) ;
#3816 =( NAMED_UNIT ( * ) SI_UNIT ( $, .STERADIAN. ) SOLID_ANGLE_UNIT ( ) );
#3817 =( GEOMETRIC_REPRESENTATION_CONTEXT ( 3 ) GLOBAL_UNCERTAINTY_ASSIGNED_CONTEXT ( ( #761 ) ) GLOBAL_UNIT_ASSIGNED_CONTEXT ( ( #132, #1632, #1135 ) ) REPRESENTATION_CONTEXT ( 'NONE', 'WORKASPACE' ) );
#3818 = EDGE_LOOP ( 'NONE', ( #4002, #175, #4327, #53 ) ) ;
#3819 = PRESENTATION_STYLE_ASSIGNMENT (( #5178 ) ) ;
#3820 = DIRECTION ( 'NONE',  ( 0.000000000000000000, 1.000000000000000000, 0.000000000000000000 ) ) ;
#3821 =( NAMED_UNIT ( * ) SI_UNIT ( $, .STERADIAN. ) SOLID_ANGLE_UNIT ( ) );
#3822 = AXIS2_PLACEMENT_3D ( 'NONE', #5438, #2701, #2731 ) ;
#3823 = DIMENSIONAL_EXPONENTS ( 1.000000000000000000, 0.000000000000000000, 0.000000000000000000, 0.000000000000000000, 0.000000000000000000, 0.000000000000000000, 0.000000000000000000 ) ;
#3824 = EDGE_LOOP ( 'NONE', ( #1429, #3742, #2097, #1081 ) ) ;
#3825 = FILL_AREA_STYLE_COLOUR ( '', #4583 ) ;
#3826 = ADVANCED_FACE ( 'NONE', ( #45 ), #1906, .T. ) ;
#3827 = CARTESIAN_POINT ( 'NONE',  ( 0.6161417322834645827, 0.07690905344307666369, 0.07690905344307666369 ) ) ;
#3828 = CARTESIAN_POINT ( 'NONE',  ( 0.000000000000000000, 5.429665861586813125E-16, -0.1555118110236234918 ) ) ;
#3829 = EDGE_CURVE ( 'NONE', #2165, #2827, #4048, .T. ) ;
#3830 =( CONVERSION_BASED_UNIT ( 'INCH', #1987 ) LENGTH_UNIT ( ) NAMED_UNIT ( #2164 ) );
#3831 = CYLINDRICAL_SURFACE ( 'NONE', #4940, 0.01499999999999997863 ) ;
#3832 = ORIENTED_EDGE ( 'NONE', *, *, #5842, .T. ) ;
#3833 = AXIS2_PLACEMENT_3D ( 'NONE', #5698, #766, #1253 ) ;
#3834 = ORIENTED_EDGE ( 'NONE', *, *, #5230, .F. ) ;
#3835 = ADVANCED_FACE ( 'NONE', ( #4407 ), #5445, .F. ) ;
#3836 = DIRECTION ( 'NONE',  ( -0.4472135954999552077, -0.7745966692414837373, 0.4472135954999601481 ) ) ;
#3837 = EDGE_CURVE ( 'NONE', #783, #4139, #5901, .T. ) ;
#3838 =( NAMED_UNIT ( * ) SI_UNIT ( $, .STERADIAN. ) SOLID_ANGLE_UNIT ( ) );
#3839 = PRESENTATION_LAYER_ASSIGNMENT (  '', '', ( #3944 ) ) ;
#3840 = ORIENTED_EDGE ( 'NONE', *, *, #3912, .F. ) ;
#3841 = ORIENTED_EDGE ( 'NONE', *, *, #5793, .T. ) ;
#3842 = SURFACE_STYLE_FILL_AREA ( #5238 ) ;
#3843 = AXIS2_PLACEMENT_3D ( 'NONE', #5831, #1086, #3072 ) ;
#3844 = CARTESIAN_POINT ( 'NONE',  ( 0.6565039370078741277, -0.1170000000000000207, -0.1039999999419981558 ) ) ;
#3845 = MECHANICAL_DESIGN_GEOMETRIC_PRESENTATION_REPRESENTATION (  '', ( #1217 ), #5406 ) ;
#3846 = LINE ( 'NONE', #5695, #2083 ) ;
#3847 = LINE ( 'NONE', #2425, #1869 ) ;
#3848 = CARTESIAN_POINT ( 'NONE',  ( 0.4879999999999999338, -0.2155127544131333062, -0.02392468245269381913 ) ) ;
#3849 = PRESENTATION_STYLE_ASSIGNMENT (( #136 ) ) ;
#3850 =( NAMED_UNIT ( * ) PLANE_ANGLE_UNIT ( ) SI_UNIT ( $, .RADIAN. ) );
#3851 = VECTOR ( 'NONE', #3175, 39.37007874015748143 ) ;
#3852 = AXIS2_PLACEMENT_3D ( 'NONE', #4867, #3414, #1594 ) ;
#3853 = ORIENTED_EDGE ( 'NONE', *, *, #1230, .T. ) ;
#3854 =( NAMED_UNIT ( * ) SI_UNIT ( $, .STERADIAN. ) SOLID_ANGLE_UNIT ( ) );
#3855 = PRESENTATION_STYLE_ASSIGNMENT (( #1880 ) ) ;
#3856 = VECTOR ( 'NONE', #1268, 39.37007874015748143 ) ;
#3857 =( CONVERSION_BASED_UNIT ( 'INCH', #3007 ) LENGTH_UNIT ( ) NAMED_UNIT ( #971 ) );
#3858 = CARTESIAN_POINT ( 'NONE',  ( 0.6583185726780598213, -0.1169841639144179324, -0.1039683253585540479 ) ) ;
#3859 = FACE_OUTER_BOUND ( 'NONE', #1019, .T. ) ;
#3860 = COLOUR_RGB ( '',0.8588235294117646523, 0.09803921568627450844, 0.09803921568627450844 ) ;
#3861 = DIRECTION ( 'NONE',  ( 0.9993908270190957621, 0.03489949670250104552, 0.000000000000000000 ) ) ;
#3862 = ORIENTED_EDGE ( 'NONE', *, *, #1792, .T. ) ;
#3863 = CARTESIAN_POINT ( 'NONE',  ( 0.4871520247212529076, -0.07362167983585581055, 0.2199712779875459268 ) ) ;
#3864 = LINE ( 'NONE', #3797, #5877 ) ;
#3865 = LINE ( 'NONE', #1648, #4954 ) ;
#3866 = FILL_AREA_STYLE ('',( #2052 ) ) ;
#3867 = PRESENTATION_LAYER_ASSIGNMENT (  '', '', ( #5212 ) ) ;
#3868 = UNCERTAINTY_MEASURE_WITH_UNIT (LENGTH_MEASURE( 1.000000000000000082E-05 ), #1521, 'distance_accuracy_value', 'NONE');
#3869 = LINE ( 'NONE', #5741, #948 ) ;
#3870 = PRESENTATION_STYLE_ASSIGNMENT (( #2020 ) ) ;
#3871 = DIMENSIONAL_EXPONENTS ( 1.000000000000000000, 0.000000000000000000, 0.000000000000000000, 0.000000000000000000, 0.000000000000000000, 0.000000000000000000, 0.000000000000000000 ) ;
#3872 = ORIENTED_EDGE ( 'NONE', *, *, #4236, .F. ) ;
#3873 = AXIS2_PLACEMENT_3D ( 'NONE', #2426, #2515, #655 ) ;
#3874 = DIRECTION ( 'NONE',  ( 0.000000000000000000, 0.000000000000000000, 1.000000000000000000 ) ) ;
#3875 = DIRECTION ( 'NONE',  ( 0.000000000000000000, -1.000000000000000000, 8.529140707787145228E-17 ) ) ;
#3876 = CARTESIAN_POINT ( 'NONE',  ( 0.5303396793241380580, -0.1408839875273266151, -0.1508836067579656104 ) ) ;
#3877 =( NAMED_UNIT ( * ) SI_UNIT ( $, .STERADIAN. ) SOLID_ANGLE_UNIT ( ) );
#3878 = UNCERTAINTY_MEASURE_WITH_UNIT (LENGTH_MEASURE( 1.000000000000000082E-05 ), #212, 'distance_accuracy_value', 'NONE');
#3879 = DIRECTION ( 'NONE',  ( -0.000000000000000000, 0.5000000000000072164, -0.8660254037844344888 ) ) ;
#3880 = LINE ( 'NONE', #4840, #2025 ) ;
#3881 = EDGE_CURVE ( 'NONE', #2516, #5370, #3376, .T. ) ;
#3882 = VERTEX_POINT ( 'NONE', #5797 ) ;
#3883 = EDGE_CURVE ( 'NONE', #1000, #3162, #2495, .T. ) ;
#3884 = VERTEX_POINT ( 'NONE', #4857 ) ;
#3885 = CARTESIAN_POINT ( 'NONE',  ( 0.9585039370078740628, 0.1043641051433335104, 3.785015790826550037E-18 ) ) ;
#3886 = AXIS2_PLACEMENT_3D ( 'NONE', #3707, #3254, #1888 ) ;
#3887 = FILL_AREA_STYLE_COLOUR ( '', #2937 ) ;
#3888 = LINE ( 'NONE', #223, #2317 ) ;
#3889 =( LENGTH_UNIT ( ) NAMED_UNIT ( * ) SI_UNIT ( $, .METRE. ) );
#3890 = MECHANICAL_DESIGN_GEOMETRIC_PRESENTATION_REPRESENTATION (  '', ( #3103 ), #5433 ) ;
#3891 = EDGE_LOOP ( 'NONE', ( #390, #1891, #3841, #3712 ) ) ;
#3892 = FILL_AREA_STYLE_COLOUR ( '', #5659 ) ;
#3893 = CARTESIAN_POINT ( 'NONE',  ( 0.001560379513989084560, -0.09840045322220963842, 0.000000000000000000 ) ) ;
#3894 =( LENGTH_UNIT ( ) NAMED_UNIT ( * ) SI_UNIT ( $, .METRE. ) );
#3895 = MECHANICAL_DESIGN_GEOMETRIC_PRESENTATION_REPRESENTATION (  '', ( #88 ), #3684 ) ;
#3896 = PRESENTATION_LAYER_ASSIGNMENT (  '', '', ( #3207 ) ) ;
#3897 = FILL_AREA_STYLE ('',( #174 ) ) ;
#3898 = ORIENTED_EDGE ( 'NONE', *, *, #4423, .T. ) ;
#3899 = CARTESIAN_POINT ( 'NONE',  ( 6.636203011952983232E-18, 0.1555118110236225482, -0.1070000000000005252 ) ) ;
#3900 = LINE ( 'NONE', #4950, #1608 ) ;
#3901 = DIMENSIONAL_EXPONENTS ( 1.000000000000000000, 0.000000000000000000, 0.000000000000000000, 0.000000000000000000, 0.000000000000000000, 0.000000000000000000, 0.000000000000000000 ) ;
#3902 =( NAMED_UNIT ( * ) PLANE_ANGLE_UNIT ( ) SI_UNIT ( $, .RADIAN. ) );
#3903 = FACE_OUTER_BOUND ( 'NONE', #4917, .T. ) ;
#3904 = ORIENTED_EDGE ( 'NONE', *, *, #5021, .F. ) ;
#3905 =( GEOMETRIC_REPRESENTATION_CONTEXT ( 3 ) GLOBAL_UNCERTAINTY_ASSIGNED_CONTEXT ( ( #4637 ) ) GLOBAL_UNIT_ASSIGNED_CONTEXT ( ( #435, #5037, #949 ) ) REPRESENTATION_CONTEXT ( 'NONE', 'WORKASPACE' ) );
#3906 = DIRECTION ( 'NONE',  ( 0.000000000000000000, 1.000000000000000000, 0.000000000000000000 ) ) ;
#3907 = DIRECTION ( 'NONE',  ( -0.000000000000000000, 1.000000000000000000, -0.000000000000000000 ) ) ;
#3908 = STYLED_ITEM ( 'NONE', ( #681 ), #5118 ) ;
#3909 = MECHANICAL_DESIGN_GEOMETRIC_PRESENTATION_REPRESENTATION (  '', ( #3700 ), #4004 ) ;
#3910 = ORIENTED_EDGE ( 'NONE', *, *, #2578, .T. ) ;
#3911 = ORIENTED_EDGE ( 'NONE', *, *, #2281, .F. ) ;
#3912 = EDGE_CURVE ( 'NONE', #3657, #2135, #1549, .T. ) ;
#3913 = CARTESIAN_POINT ( 'NONE',  ( 0.4733497035020817201, -0.09547244094488185895, -0.06877752049651320032 ) ) ;
#3914 = SURFACE_SIDE_STYLE ('',( #5722 ) ) ;
#3915 = EDGE_CURVE ( 'NONE', #4071, #163, #4430, .T. ) ;
#3916 =( LENGTH_UNIT ( ) NAMED_UNIT ( * ) SI_UNIT ( $, .METRE. ) );
#3917 = ORIENTED_EDGE ( 'NONE', *, *, #4421, .T. ) ;
#3918 = VECTOR ( 'NONE', #1114, 39.37007874015748143 ) ;
#3919 = LINE ( 'NONE', #4942, #4097 ) ;
#3920 =( BOUNDED_CURVE ( )  B_SPLINE_CURVE ( 3, ( #3745, #5634, #4769, #3412 ),
 .UNSPECIFIED., .F., .T. ) 
 B_SPLINE_CURVE_WITH_KNOTS ( ( 4, 4 ),
 ( 3.151356588256509106, 3.243735159249168110 ),
 .UNSPECIFIED. ) 
 CURVE ( )  GEOMETRIC_REPRESENTATION_ITEM ( )  RATIONAL_B_SPLINE_CURVE ( ( 1.000000000000000000, 0.9992889763930469238, 0.9992889763930469238, 1.000000000000000000 ) ) 
 REPRESENTATION_ITEM ( '' )  );
#3921 = CARTESIAN_POINT ( 'NONE',  ( 0.5323794021485056538, -0.07874015748031494566, -0.06704499265364122218 ) ) ;
#3922 = DIRECTION ( 'NONE',  ( 0.9998096356151561226, 0.008725206505940202167, 0.01745174210551314262 ) ) ;
#3923 = EDGE_CURVE ( 'NONE', #5136, #2777, #2553, .T. ) ;
#3924 = EDGE_LOOP ( 'NONE', ( #5293, #4352, #2796, #5958 ) ) ;
#3925 = SURFACE_SIDE_STYLE ('',( #202 ) ) ;
#3926 = LINE ( 'NONE', #3983, #2670 ) ;
#3927 = STYLED_ITEM ( 'NONE', ( #5324 ), #5953 ) ;
#3928 = FILL_AREA_STYLE_COLOUR ( '', #260 ) ;
#3929 = SURFACE_STYLE_USAGE ( .BOTH. , #1089 ) ;
#3930 = VERTEX_POINT ( 'NONE', #2116 ) ;
#3931 = CARTESIAN_POINT ( 'NONE',  ( 0.9389763779527560139, 0.08353543307086615244, -0.07086614173228346358 ) ) ;
#3932 = LINE ( 'NONE', #4991, #4131 ) ;
#3933 = PRESENTATION_LAYER_ASSIGNMENT (  '', '', ( #2667 ) ) ;
#3934 = CARTESIAN_POINT ( 'NONE',  ( 0.4738117109268476512, 0.09547244094488190058, -0.08451877346889291598 ) ) ;
#3935 = DIMENSIONAL_EXPONENTS ( 1.000000000000000000, 0.000000000000000000, 0.000000000000000000, 0.000000000000000000, 0.000000000000000000, 0.000000000000000000, 0.000000000000000000 ) ;
#3936 = CARTESIAN_POINT ( 'NONE',  ( 0.000000000000000000, -0.1555118110236234918, 0.1082677165354330728 ) ) ;
#3937 = DIRECTION ( 'NONE',  ( 1.000000000000000000, 0.000000000000000000, -1.707404996040159433E-15 ) ) ;
#3938 = VECTOR ( 'NONE', #1675, 39.37007874015749564 ) ;
#3939 = VERTEX_POINT ( 'NONE', #5353 ) ;
#3940 = FILL_AREA_STYLE_COLOUR ( '', #2876 ) ;
#3941 = ORIENTED_EDGE ( 'NONE', *, *, #1860, .F. ) ;
#3942 = DIRECTION ( 'NONE',  ( -0.02933747147263221153, 0.000000000000000000, 0.9995695637461119443 ) ) ;
#3943 = CARTESIAN_POINT ( 'NONE',  ( 0.5323794021485056538, -0.07874015748031494566, -0.06704499265364122218 ) ) ;
#3944 = STYLED_ITEM ( 'NONE', ( #5214 ), #1153 ) ;
#3945 = DIRECTION ( 'NONE',  ( -0.2870454613757401074, 0.000000000000000000, 0.9579169604425993301 ) ) ;
#3946 = COLOUR_RGB ( '',0.8588235294117646523, 0.09803921568627450844, 0.09803921568627450844 ) ;
#3947 = LINE ( 'NONE', #5341, #5972 ) ;
#3948 = FACE_OUTER_BOUND ( 'NONE', #4677, .T. ) ;
#3949 = SURFACE_STYLE_FILL_AREA ( #5787 ) ;
#3950 = ORIENTED_EDGE ( 'NONE', *, *, #3429, .T. ) ;
#3951 = ADVANCED_FACE ( 'NONE', ( #1084 ), #1582, .T. ) ;
#3952 = LENGTH_MEASURE_WITH_UNIT ( LENGTH_MEASURE( 0.02539999999999999897 ), #5376 );
#3953 =( NAMED_UNIT ( * ) PLANE_ANGLE_UNIT ( ) SI_UNIT ( $, .RADIAN. ) );
#3954 = LINE ( 'NONE', #3921, #4287 ) ;
#3955 = VECTOR ( 'NONE', #3115, 39.37007874015748143 ) ;
#3956 = DIRECTION ( 'NONE',  ( -0.008726535498373946820, -0.9999619230641713097, 0.000000000000000000 ) ) ;
#3957 = EDGE_CURVE ( 'NONE', #1546, #5454, #3865, .T. ) ;
#3958 = ORIENTED_EDGE ( 'NONE', *, *, #3122, .T. ) ;
#3959 = EDGE_CURVE ( 'NONE', #3681, #999, #4823, .T. ) ;
#3960 = COLOUR_RGB ( '',0.8588235294117646523, 0.09803921568627450844, 0.09803921568627450844 ) ;
#3961 = SURFACE_SIDE_STYLE ('',( #4980 ) ) ;
#3962 = CARTESIAN_POINT ( 'NONE',  ( 0.6161417322834645827, -0.08353543307086615244, 0.000000000000000000 ) ) ;
#3963 = CARTESIAN_POINT ( 'NONE',  ( 0.6253892509847895909, 0.1400545024818725670, 0.1500541217125165305 ) ) ;
#3964 = EDGE_LOOP ( 'NONE', ( #2084, #2442, #616, #1693 ) ) ;
#3965 =( GEOMETRIC_REPRESENTATION_CONTEXT ( 3 ) GLOBAL_UNCERTAINTY_ASSIGNED_CONTEXT ( ( #2899 ) ) GLOBAL_UNIT_ASSIGNED_CONTEXT ( ( #4612, #1389, #3676 ) ) REPRESENTATION_CONTEXT ( 'NONE', 'WORKASPACE' ) );
#3966 = CARTESIAN_POINT ( 'NONE',  ( 0.9365039370078737102, -0.1177207402306956752, -5.463695987328526437E-16 ) ) ;
#3967 = CARTESIAN_POINT ( 'NONE',  ( 0.6275315705903775632, 0.1489113975518366884, 0.1453384610806890964 ) ) ;
#3968 = VECTOR ( 'NONE', #621, 39.37007874015748143 ) ;
#3969 = ORIENTED_EDGE ( 'NONE', *, *, #4913, .T. ) ;
#3970 = ORIENTED_EDGE ( 'NONE', *, *, #4907, .T. ) ;
#3971 = VECTOR ( 'NONE', #2863, 39.37007874015748143 ) ;
#3972 = CARTESIAN_POINT ( 'NONE',  ( 0.4881889763779527769, -0.1305118110236235252, 0.07299999999999999545 ) ) ;
#3973 = DIRECTION ( 'NONE',  ( 0.000000000000000000, -1.000000000000000000, 0.000000000000000000 ) ) ;
#3974 = DIMENSIONAL_EXPONENTS ( 1.000000000000000000, 0.000000000000000000, 0.000000000000000000, 0.000000000000000000, 0.000000000000000000, 0.000000000000000000, 0.000000000000000000 ) ;
#3975 = ORIENTED_EDGE ( 'NONE', *, *, #2021, .F. ) ;
#3976 = MECHANICAL_DESIGN_GEOMETRIC_PRESENTATION_REPRESENTATION (  '', ( #845 ), #5335 ) ;
#3977 =( CONVERSION_BASED_UNIT ( 'INCH', #3456 ) LENGTH_UNIT ( ) NAMED_UNIT ( #4284 ) );
#3978 = CARTESIAN_POINT ( 'NONE',  ( 0.5282606005958296880, 0.1509017506031535838, 0.1409021313725140612 ) ) ;
#3979 = VECTOR ( 'NONE', #4151, 39.37007874015748854 ) ;
#3980 = LINE ( 'NONE', #4006, #572 ) ;
#3981 = ORIENTED_EDGE ( 'NONE', *, *, #4344, .F. ) ;
#3982 = AXIS2_PLACEMENT_3D ( 'NONE', #1939, #4376, #3726 ) ;
#3983 = CARTESIAN_POINT ( 'NONE',  ( 0.000000000000000000, 0.07300000000000045342, -0.1305118110236232476 ) ) ;
#3984 = EDGE_CURVE ( 'NONE', #3110, #3882, #4336, .T. ) ;
#3985 = EDGE_CURVE ( 'NONE', #316, #3882, #3404, .T. ) ;
#3986 = FILL_AREA_STYLE ('',( #780 ) ) ;
#3987 = STYLED_ITEM ( 'NONE', ( #2200 ), #4057 ) ;
#3988 = DIMENSIONAL_EXPONENTS ( 1.000000000000000000, 0.000000000000000000, 0.000000000000000000, 0.000000000000000000, 0.000000000000000000, 0.000000000000000000, 0.000000000000000000 ) ;
#3989 = VERTEX_POINT ( 'NONE', #4887 ) ;
#3990 = FILL_AREA_STYLE ('',( #4435 ) ) ;
#3991 = CARTESIAN_POINT ( 'NONE',  ( 0.000000000000000000, -0.1555118110236234918, -0.1555118110236207718 ) ) ;
#3992 = UNCERTAINTY_MEASURE_WITH_UNIT (LENGTH_MEASURE( 1.000000000000000082E-05 ), #1697, 'distance_accuracy_value', 'NONE');
#3993 = DIRECTION ( 'NONE',  ( 0.000000000000000000, -3.733770731811420860E-15, -1.000000000000000000 ) ) ;
#3994 = ORIENTED_EDGE ( 'NONE', *, *, #3985, .T. ) ;
#3995 = VERTEX_POINT ( 'NONE', #3827 ) ;
#3996 = STYLED_ITEM ( 'NONE', ( #3067 ), #4708 ) ;
#3997 =( NAMED_UNIT ( * ) SI_UNIT ( $, .STERADIAN. ) SOLID_ANGLE_UNIT ( ) );
#3998 = FILL_AREA_STYLE_COLOUR ( '', #529 ) ;
#3999 = CARTESIAN_POINT ( 'NONE',  ( 0.5839210001291271768, 0.07874015748031498729, -0.05871447199293865910 ) ) ;
#4000 = DIRECTION ( 'NONE',  ( 0.000000000000000000, 0.8660254037844377084, -0.5000000000000016653 ) ) ;
#4001 = MECHANICAL_DESIGN_GEOMETRIC_PRESENTATION_REPRESENTATION (  '', ( #2171 ), #494 ) ;
#4002 = ORIENTED_EDGE ( 'NONE', *, *, #1943, .F. ) ;
#4003 = CARTESIAN_POINT ( 'NONE',  ( 0.6565039370078741277, -0.1555118110236234918, -0.1140000000000000180 ) ) ;
#4004 =( GEOMETRIC_REPRESENTATION_CONTEXT ( 3 ) GLOBAL_UNCERTAINTY_ASSIGNED_CONTEXT ( ( #449 ) ) GLOBAL_UNIT_ASSIGNED_CONTEXT ( ( #3062, #5915, #5003 ) ) REPRESENTATION_CONTEXT ( 'NONE', 'WORKASPACE' ) );
#4005 = FILL_AREA_STYLE ('',( #2170 ) ) ;
#4006 = CARTESIAN_POINT ( 'NONE',  ( 0.6161417322834645827, 0.07690905344307663594, -1.334159405228599333E-17 ) ) ;
#4007 = AXIS2_PLACEMENT_3D ( 'NONE', #3899, #3796, #3370 ) ;
#4008 = EDGE_LOOP ( 'NONE', ( #2720, #2347, #4711, #1179 ) ) ;
#4009 = DIMENSIONAL_EXPONENTS ( 1.000000000000000000, 0.000000000000000000, 0.000000000000000000, 0.000000000000000000, 0.000000000000000000, 0.000000000000000000, 0.000000000000000000 ) ;
#4010 = CARTESIAN_POINT ( 'NONE',  ( 0.5281733485307701370, 0.1409028928097481037, -0.1509025120403903741 ) ) ;
#4011 = EDGE_CURVE ( 'NONE', #5504, #5375, #3372, .T. ) ;
#4012 = ORIENTED_EDGE ( 'NONE', *, *, #3020, .T. ) ;
#4013 = FILL_AREA_STYLE_COLOUR ( '', #1300 ) ;
#4014 = ADVANCED_FACE ( 'NONE', ( #4759 ), #605, .F. ) ;
#4015 = DIRECTION ( 'NONE',  ( 0.000000000000000000, 0.000000000000000000, 1.000000000000000000 ) ) ;
#4016 = PRESENTATION_STYLE_ASSIGNMENT (( #2184 ) ) ;
#4017 = ORIENTED_EDGE ( 'NONE', *, *, #2949, .F. ) ;
#4018 = ORIENTED_EDGE ( 'NONE', *, *, #1230, .F. ) ;
#4019 = EDGE_CURVE ( 'NONE', #3199, #5563, #4515, .T. ) ;
#4020 = DIRECTION ( 'NONE',  ( -0.2870454613757401074, 0.000000000000000000, 0.9579169604425993301 ) ) ;
#4021 = DIMENSIONAL_EXPONENTS ( 1.000000000000000000, 0.000000000000000000, 0.000000000000000000, 0.000000000000000000, 0.000000000000000000, 0.000000000000000000, 0.000000000000000000 ) ;
#4022 = DIRECTION ( 'NONE',  ( 0.000000000000000000, 0.8660254037844362651, -0.5000000000000042188 ) ) ;
#4023 = LINE ( 'NONE', #5883, #4443 ) ;
#4024 = ORIENTED_EDGE ( 'NONE', *, *, #2108, .T. ) ;
#4025 = DIRECTION ( 'NONE',  ( 4.674918761062074908E-19, -1.000000000000000000, -0.000000000000000000 ) ) ;
#4026 = LINE ( 'NONE', #4449, #3035 ) ;
#4027 = PLANE ( 'NONE',  #2212 ) ;
#4028 = CYLINDRICAL_SURFACE ( 'NONE', #1364, 0.009999999999999995004 ) ;
#4029 = CARTESIAN_POINT ( 'NONE',  ( 0.6161417322834645827, -0.07690905344307663594, 0.07690905344307666369 ) ) ;
#4030 = COLOUR_RGB ( '',0.8588235294117646523, 0.09803921568627450844, 0.09803921568627450844 ) ;
#4031 = MECHANICAL_DESIGN_GEOMETRIC_PRESENTATION_REPRESENTATION (  '', ( #1508 ), #4504 ) ;
#4032 =( CONVERSION_BASED_UNIT ( 'INCH', #5825 ) LENGTH_UNIT ( ) NAMED_UNIT ( #4664 ) );
#4033 = FILL_AREA_STYLE ('',( #3098 ) ) ;
#4034 = DIRECTION ( 'NONE',  ( 0.2870454613757398854, 0.000000000000000000, -0.9579169604425993301 ) ) ;
#4035 = COLOUR_RGB ( '',0.8588235294117646523, 0.09803921568627450844, 0.09803921568627450844 ) ;
#4036 = VECTOR ( 'NONE', #2304, 39.37007874015748854 ) ;
#4037 =( NAMED_UNIT ( * ) PLANE_ANGLE_UNIT ( ) SI_UNIT ( $, .RADIAN. ) );
#4038 = FACE_OUTER_BOUND ( 'NONE', #4260, .T. ) ;
#4039 = FACE_OUTER_BOUND ( 'NONE', #3964, .T. ) ;
#4040 = MECHANICAL_DESIGN_GEOMETRIC_PRESENTATION_REPRESENTATION (  '', ( #2595 ), #4710 ) ;
#4041 = ORIENTED_EDGE ( 'NONE', *, *, #1359, .T. ) ;
#4042 = LINE ( 'NONE', #2122, #5866 ) ;
#4043 = DIRECTION ( 'NONE',  ( -0.9983265198117633465, 0.05782871121279575810, 2.019078660488250872E-16 ) ) ;
#4044 = STYLED_ITEM ( 'NONE', ( #1601 ), #2099 ) ;
#4045 =( CONVERSION_BASED_UNIT ( 'INCH', #5417 ) LENGTH_UNIT ( ) NAMED_UNIT ( #2767 ) );
#4046 = UNCERTAINTY_MEASURE_WITH_UNIT (LENGTH_MEASURE( 1.000000000000000082E-05 ), #2697, 'distance_accuracy_value', 'NONE');
#4047 =( NAMED_UNIT ( * ) PLANE_ANGLE_UNIT ( ) SI_UNIT ( $, .RADIAN. ) );
#4048 = LINE ( 'NONE', #1659, #2153 ) ;
#4049 = VERTEX_POINT ( 'NONE', #4067 ) ;
#4050 = PRESENTATION_LAYER_ASSIGNMENT (  '', '', ( #555 ) ) ;
#4051 = ORIENTED_EDGE ( 'NONE', *, *, #952, .T. ) ;
#4052 =( NAMED_UNIT ( * ) SI_UNIT ( $, .STERADIAN. ) SOLID_ANGLE_UNIT ( ) );
#4053 = EDGE_CURVE ( 'NONE', #5407, #3884, #5011, .T. ) ;
#4054 = SURFACE_STYLE_FILL_AREA ( #3054 ) ;
#4055 = MECHANICAL_DESIGN_GEOMETRIC_PRESENTATION_REPRESENTATION (  '', ( #1238 ), #5510 ) ;
#4056 = PRESENTATION_STYLE_ASSIGNMENT (( #1811 ) ) ;
#4057 = ADVANCED_FACE ( 'NONE', ( #779 ), #5830, .F. ) ;
#4058 = EDGE_LOOP ( 'NONE', ( #3112, #3327, #4531, #3872, #1752, #2956 ) ) ;
#4059 = CARTESIAN_POINT ( 'NONE',  ( 0.9365039370078737102, 0.1177207402306957584, -5.463695987328526437E-16 ) ) ;
#4060 = FILL_AREA_STYLE ('',( #1732 ) ) ;
#4061 = FILL_AREA_STYLE_COLOUR ( '', #3125 ) ;
#4062 = DIRECTION ( 'NONE',  ( 0.000000000000000000, -1.000000000000000000, -3.491481338843132961E-15 ) ) ;
#4063 = ADVANCED_FACE ( 'NONE', ( #1766 ), #1267, .T. ) ;
#4064 = CARTESIAN_POINT ( 'NONE',  ( -1.099883953723549173E-13, -0.09842519685039650967, 8.797856232864052238E-16 ) ) ;
#4065 =( GEOMETRIC_REPRESENTATION_CONTEXT ( 3 ) GLOBAL_UNCERTAINTY_ASSIGNED_CONTEXT ( ( #1687 ) ) GLOBAL_UNIT_ASSIGNED_CONTEXT ( ( #269, #1209, #3499 ) ) REPRESENTATION_CONTEXT ( 'NONE', 'WORKASPACE' ) );
#4066 = SURFACE_STYLE_FILL_AREA ( #1737 ) ;
#4067 = CARTESIAN_POINT ( 'NONE',  ( 0.5282606005958294659, -0.1509017506031568590, 0.1409021313725145608 ) ) ;
#4068 = FILL_AREA_STYLE ('',( #353 ) ) ;
#4069 = LINE ( 'NONE', #2314, #3979 ) ;
#4070 = VECTOR ( 'NONE', #3279, 39.37007874015748143 ) ;
#4071 = VERTEX_POINT ( 'NONE', #4662 ) ;
#4072 = LINE ( 'NONE', #838, #3069 ) ;
#4073 = ORIENTED_EDGE ( 'NONE', *, *, #1685, .T. ) ;
#4074 = ORIENTED_EDGE ( 'NONE', *, *, #5497, .T. ) ;
#4075 = DIRECTION ( 'NONE',  ( -0.9999619230641711987, -0.008726535498373953759, -0.000000000000000000 ) ) ;
#4076 = DIRECTION ( 'NONE',  ( -0.000000000000000000, -1.000000000000000000, -0.000000000000000000 ) ) ;
#4077 = DIRECTION ( 'NONE',  ( 0.9999619230641711987, -0.008726535498373953759, 0.000000000000000000 ) ) ;
#4078 = PLANE ( 'NONE',  #549 ) ;
#4079 = MECHANICAL_DESIGN_GEOMETRIC_PRESENTATION_REPRESENTATION (  '', ( #5550 ), #2354 ) ;
#4080 = ORIENTED_EDGE ( 'NONE', *, *, #1727, .T. ) ;
#4081 = EDGE_CURVE ( 'NONE', #1362, #5704, #532, .T. ) ;
#4082 =( NAMED_UNIT ( * ) SI_UNIT ( $, .STERADIAN. ) SOLID_ANGLE_UNIT ( ) );
#4083 = EDGE_CURVE ( 'NONE', #4782, #4901, #48, .T. ) ;
#4084 = CARTESIAN_POINT ( 'NONE',  ( 0.5303396793241380580, -0.1408839875273266151, 0.1508836067579678031 ) ) ;
#4085 =( GEOMETRIC_REPRESENTATION_CONTEXT ( 3 ) GLOBAL_UNCERTAINTY_ASSIGNED_CONTEXT ( ( #4099 ) ) GLOBAL_UNIT_ASSIGNED_CONTEXT ( ( #1352, #3695, #2842 ) ) REPRESENTATION_CONTEXT ( 'NONE', 'WORKASPACE' ) );
#4086 =( CONVERSION_BASED_UNIT ( 'INCH', #2724 ) LENGTH_UNIT ( ) NAMED_UNIT ( #5286 ) );
#4087 = CARTESIAN_POINT ( 'NONE',  ( 0.4881889763779527769, -0.1305118110236235252, -0.07299999999999999545 ) ) ;
#4088 =( NAMED_UNIT ( * ) PLANE_ANGLE_UNIT ( ) SI_UNIT ( $, .RADIAN. ) );
#4089 = PRESENTATION_LAYER_ASSIGNMENT (  '', '', ( #1673 ) ) ;
#4090 = DIRECTION ( 'NONE',  ( 0.000000000000000000, -1.734723475976807094E-16, -1.000000000000000000 ) ) ;
#4091 = EDGE_CURVE ( 'NONE', #3378, #4558, #1946, .T. ) ;
#4092 = DIRECTION ( 'NONE',  ( 0.000000000000000000, 0.000000000000000000, -1.000000000000000000 ) ) ;
#4093 = COLOUR_RGB ( '',1.000000000000000000, 0.9490196078431372140, 0.9098039215686274384 ) ;
#4094 = DIRECTION ( 'NONE',  ( -0.000000000000000000, 1.734723475976807094E-16, 1.000000000000000000 ) ) ;
#4095 = SURFACE_STYLE_USAGE ( .BOTH. , #552 ) ;
#4096 = ORIENTED_EDGE ( 'NONE', *, *, #1076, .F. ) ;
#4097 = VECTOR ( 'NONE', #2638, 39.37007874015748143 ) ;
#4098 = PRESENTATION_STYLE_ASSIGNMENT (( #1800 ) ) ;
#4099 = UNCERTAINTY_MEASURE_WITH_UNIT (LENGTH_MEASURE( 1.000000000000000082E-05 ), #1352, 'distance_accuracy_value', 'NONE');
#4100 =( NAMED_UNIT ( * ) SI_UNIT ( $, .STERADIAN. ) SOLID_ANGLE_UNIT ( ) );
#4101 = VECTOR ( 'NONE', #2781, 39.37007874015748143 ) ;
#4102 = ORIENTED_EDGE ( 'NONE', *, *, #5020, .T. ) ;
#4103 = ORIENTED_EDGE ( 'NONE', *, *, #5909, .T. ) ;
#4104 = PRESENTATION_LAYER_ASSIGNMENT (  '', '', ( #3927 ) ) ;
#4105 = LINE ( 'NONE', #3201, #2648 ) ;
#4106 = SPHERICAL_SURFACE ( 'NONE', #3669, 0.01000000000000000021 ) ;
#4107 = SURFACE_SIDE_STYLE ('',( #5478 ) ) ;
#4108 = ORIENTED_EDGE ( 'NONE', *, *, #952, .F. ) ;
#4109 = ORIENTED_EDGE ( 'NONE', *, *, #5461, .F. ) ;
#4110 = LINE ( 'NONE', #5514, #5465 ) ;
#4111 = FACE_OUTER_BOUND ( 'NONE', #3599, .T. ) ;
#4112 = DIRECTION ( 'NONE',  ( 0.000000000000000000, 0.8660254037844361541, 0.5000000000000041078 ) ) ;
#4113 = DIRECTION ( 'NONE',  ( 0.000000000000000000, -0.000000000000000000, 1.000000000000000000 ) ) ;
#4114 = CARTESIAN_POINT ( 'NONE',  ( 0.6275315705903784513, -0.1489113975518399635, -0.1453384610806874311 ) ) ;
#4115 = EDGE_CURVE ( 'NONE', #4901, #4996, #5522, .T. ) ;
#4116 =( NAMED_UNIT ( * ) SI_UNIT ( $, .STERADIAN. ) SOLID_ANGLE_UNIT ( ) );
#4117 = SURFACE_SIDE_STYLE ('',( #1354 ) ) ;
#4118 = VECTOR ( 'NONE', #1977, 39.37007874015748143 ) ;
#4119 = DIMENSIONAL_EXPONENTS ( 1.000000000000000000, 0.000000000000000000, 0.000000000000000000, 0.000000000000000000, 0.000000000000000000, 0.000000000000000000, 0.000000000000000000 ) ;
#4120 = DIRECTION ( 'NONE',  ( -0.9999238504775705971, 0.008726203243944238158, -0.008726203243944236423 ) ) ;
#4121 = LENGTH_MEASURE_WITH_UNIT ( LENGTH_MEASURE( 0.02539999999999999897 ), #5951 );
#4122 = EDGE_CURVE ( 'NONE', #2328, #2521, #5148, .T. ) ;
#4123 = EDGE_CURVE ( 'NONE', #2939, #1007, #2367, .T. ) ;
#4124 = ORIENTED_EDGE ( 'NONE', *, *, #2608, .F. ) ;
#4125 = AXIS2_PLACEMENT_3D ( 'NONE', #1926, #3836, #5714 ) ;
#4126 = PRESENTATION_LAYER_ASSIGNMENT (  '', '', ( #5587 ) ) ;
#4127 = LENGTH_MEASURE_WITH_UNIT ( LENGTH_MEASURE( 0.02539999999999999897 ), #5262 );
#4128 = FILL_AREA_STYLE_COLOUR ( '', #1212 ) ;
#4129 = LINE ( 'NONE', #1855, #3473 ) ;
#4130 = VECTOR ( 'NONE', #2228, 39.37007874015748143 ) ;
#4131 = VECTOR ( 'NONE', #4958, 39.37007874015748143 ) ;
#4132 = ORIENTED_EDGE ( 'NONE', *, *, #2246, .T. ) ;
#4133 =( BOUNDED_CURVE ( )  B_SPLINE_CURVE ( 3, ( #2095, #5233, #1595, #997 ),
 .UNSPECIFIED., .F., .T. ) 
 B_SPLINE_CURVE_WITH_KNOTS ( ( 4, 4 ),
 ( 2.356232566403284157, 3.926952740776302520 ),
 .UNSPECIFIED. ) 
 CURVE ( )  GEOMETRIC_REPRESENTATION_ITEM ( )  RATIONAL_B_SPLINE_CURVE ( ( 1.000000000000000000, 0.8047558030806112317, 0.8047558030806112317, 1.000000000000000000 ) ) 
 REPRESENTATION_ITEM ( '' )  );
#4134 = ORIENTED_EDGE ( 'NONE', *, *, #1761, .T. ) ;
#4135 = MECHANICAL_DESIGN_GEOMETRIC_PRESENTATION_REPRESENTATION (  '', ( #159 ), #5408 ) ;
#4136 = SURFACE_STYLE_USAGE ( .BOTH. , #1398 ) ;
#4137 = PRESENTATION_LAYER_ASSIGNMENT (  '', '', ( #1324 ) ) ;
#4138 = ORIENTED_EDGE ( 'NONE', *, *, #4574, .F. ) ;
#4139 = VERTEX_POINT ( 'NONE', #3731 ) ;
#4140 = PRESENTATION_STYLE_ASSIGNMENT (( #1873 ) ) ;
#4141 = LENGTH_MEASURE_WITH_UNIT ( LENGTH_MEASURE( 0.02539999999999999897 ), #428 );
#4142 = MECHANICAL_DESIGN_GEOMETRIC_PRESENTATION_REPRESENTATION (  '', ( #4337 ), #3965 ) ;
#4143 = FILL_AREA_STYLE_COLOUR ( '', #1717 ) ;
#4144 = FACE_OUTER_BOUND ( 'NONE', #905, .T. ) ;
#4145 =( NAMED_UNIT ( * ) SI_UNIT ( $, .STERADIAN. ) SOLID_ANGLE_UNIT ( ) );
#4146 = DIMENSIONAL_EXPONENTS ( 1.000000000000000000, 0.000000000000000000, 0.000000000000000000, 0.000000000000000000, 0.000000000000000000, 0.000000000000000000, 0.000000000000000000 ) ;
#4147 =( GEOMETRIC_REPRESENTATION_CONTEXT ( 3 ) GLOBAL_UNCERTAINTY_ASSIGNED_CONTEXT ( ( #4772 ) ) GLOBAL_UNIT_ASSIGNED_CONTEXT ( ( #2811, #2363, #2101 ) ) REPRESENTATION_CONTEXT ( 'NONE', 'WORKASPACE' ) );
#4148 = FILL_AREA_STYLE ('',( #2311 ) ) ;
#4149 = CARTESIAN_POINT ( 'NONE',  ( 0.4881889763779527769, 0.07300000000000045342, -0.1305118110236232476 ) ) ;
#4150 = ADVANCED_FACE ( 'NONE', ( #1012 ), #980, .T. ) ;
#4151 = DIRECTION ( 'NONE',  ( 0.9998096356151561226, -0.008725206505940202167, 0.01745174210551313915 ) ) ;
#4152 = ORIENTED_EDGE ( 'NONE', *, *, #2312, .T. ) ;
#4153 = CIRCLE ( 'NONE', #3886, 0.1999999999999998446 ) ;
#4154 = PLANE ( 'NONE',  #234 ) ;
#4155 = EDGE_CURVE ( 'NONE', #5105, #1427, #3954, .T. ) ;
#4156 = FACE_OUTER_BOUND ( 'NONE', #502, .T. ) ;
#4157 = UNCERTAINTY_MEASURE_WITH_UNIT (LENGTH_MEASURE( 1.000000000000000082E-05 ), #4699, 'distance_accuracy_value', 'NONE');
#4158 = LENGTH_MEASURE_WITH_UNIT ( LENGTH_MEASURE( 0.02539999999999999897 ), #2764 );
#4159 = EDGE_LOOP ( 'NONE', ( #1065, #577, #1301, #3862 ) ) ;
#4160 = ORIENTED_EDGE ( 'NONE', *, *, #1297, .T. ) ;
#4161 = COLOUR_RGB ( '',0.8588235294117646523, 0.09803921568627450844, 0.09803921568627450844 ) ;
#4162 = CARTESIAN_POINT ( 'NONE',  ( 0.4663199316856844190, 0.05950000000000019856, 0.1555118110236227147 ) ) ;
#4163 = ADVANCED_FACE ( 'NONE', ( #3397 ), #5731, .T. ) ;
#4164 = UNCERTAINTY_MEASURE_WITH_UNIT (LENGTH_MEASURE( 1.000000000000000082E-05 ), #3309, 'distance_accuracy_value', 'NONE');
#4165 =( NAMED_UNIT ( * ) PLANE_ANGLE_UNIT ( ) SI_UNIT ( $, .RADIAN. ) );
#4166 = COLOUR_RGB ( '',0.8588235294117646523, 0.09803921568627450844, 0.09803921568627450844 ) ;
#4167 = EDGE_LOOP ( 'NONE', ( #3355, #4228, #4152, #4189, #2240, #2805 ) ) ;
#4168 = ORIENTED_EDGE ( 'NONE', *, *, #2539, .F. ) ;
#4169 = CYLINDRICAL_SURFACE ( 'NONE', #4486, 0.01499999999999997863 ) ;
#4170 = CARTESIAN_POINT ( 'NONE',  ( 0.000000000000000000, -0.07046965511460284715, 0.1745118110236225095 ) ) ;
#4171 =( NAMED_UNIT ( * ) PLANE_ANGLE_UNIT ( ) SI_UNIT ( $, .RADIAN. ) );
#4172 = PLANE ( 'NONE',  #3320 ) ;
#4173 = CARTESIAN_POINT ( 'NONE',  ( 0.6276428471321305880, -0.1500344548768859643, -0.1427153620770862663 ) ) ;
#4174 = STYLED_ITEM ( 'NONE', ( #455 ), #4679 ) ;
#4175 = FACE_OUTER_BOUND ( 'NONE', #5151, .T. ) ;
#4176 =( CONVERSION_BASED_UNIT ( 'INCH', #5969 ) LENGTH_UNIT ( ) NAMED_UNIT ( #1099 ) );
#4177 = FACE_OUTER_BOUND ( 'NONE', #424, .T. ) ;
#4178 = STYLED_ITEM ( 'NONE', ( #5345 ), #4914 ) ;
#4179 = CARTESIAN_POINT ( 'NONE',  ( -0.0001745174200432960266, -0.1455129532302180395, 0.1455129532302174566 ) ) ;
#4180 =( CONVERSION_BASED_UNIT ( 'INCH', #4632 ) LENGTH_UNIT ( ) NAMED_UNIT ( #598 ) );
#4181 = PRESENTATION_LAYER_ASSIGNMENT (  '', '', ( #2454 ) ) ;
#4182 = ORIENTED_EDGE ( 'NONE', *, *, #5359, .T. ) ;
#4183 = CARTESIAN_POINT ( 'NONE',  ( 0.6565039370078741277, -0.1170000000000000484, 1.213184216936841517E-31 ) ) ;
#4184 = DIMENSIONAL_EXPONENTS ( 1.000000000000000000, 0.000000000000000000, 0.000000000000000000, 0.000000000000000000, 0.000000000000000000, 0.000000000000000000, 0.000000000000000000 ) ;
#4185 = MECHANICAL_DESIGN_GEOMETRIC_PRESENTATION_REPRESENTATION (  '', ( #2734 ), #1971 ) ;
#4186 = VECTOR ( 'NONE', #3686, 39.37007874015748143 ) ;
#4187 = CARTESIAN_POINT ( 'NONE',  ( 0.4666794919243112960, 0.1745118110236222320, -0.07046965511460344389 ) ) ;
#4188 = AXIS2_PLACEMENT_3D ( 'NONE', #4784, #2841, #107 ) ;
#4189 = ORIENTED_EDGE ( 'NONE', *, *, #4340, .F. ) ;
#4190 = EDGE_CURVE ( 'NONE', #1806, #3222, #5312, .T. ) ;
#4191 = ORIENTED_EDGE ( 'NONE', *, *, #441, .T. ) ;
#4192 = PLANE ( 'NONE',  #3422 ) ;
#4193 = DIRECTION ( 'NONE',  ( -0.02933747147263221153, 0.000000000000000000, 0.9995695637461118332 ) ) ;
#4194 = VECTOR ( 'NONE', #2470, 39.37007874015748143 ) ;
#4195 = LINE ( 'NONE', #5567, #2900 ) ;
#4196 = EDGE_LOOP ( 'NONE', ( #1824, #2356, #4634 ) ) ;
#4197 = ADVANCED_FACE ( 'NONE', ( #1167 ), #1140, .T. ) ;
#4198 = PRESENTATION_LAYER_ASSIGNMENT (  '', '', ( #4297 ) ) ;
#4199 = VERTEX_POINT ( 'NONE', #829 ) ;
#4200 = CARTESIAN_POINT ( 'NONE',  ( 0.5303396793241390572, 0.1408839875273233400, -0.1508836067579656104 ) ) ;
#4201 = DIMENSIONAL_EXPONENTS ( 1.000000000000000000, 0.000000000000000000, 0.000000000000000000, 0.000000000000000000, 0.000000000000000000, 0.000000000000000000, 0.000000000000000000 ) ;
#4202 = LINE ( 'NONE', #1841, #697 ) ;
#4203 = LINE ( 'NONE', #4745, #2120 ) ;
#4204 = SURFACE_SIDE_STYLE ('',( #4264 ) ) ;
#4205 = DIRECTION ( 'NONE',  ( 0.9998742944678843392, -0.01585544897978001869, 0.000000000000000000 ) ) ;
#4206 = LINE ( 'NONE', #3360, #3173 ) ;
#4207 = DIRECTION ( 'NONE',  ( 0.000000000000000000, 0.5000000000000012212, 0.8660254037844379305 ) ) ;
#4208 = CARTESIAN_POINT ( 'NONE',  ( 6.658408876068028345E-18, 0.05950000000000010836, 0.1555118110236226869 ) ) ;
#4209 = FACE_OUTER_BOUND ( 'NONE', #5380, .T. ) ;
#4210 = PRESENTATION_STYLE_ASSIGNMENT (( #2673 ) ) ;
#4211 = SURFACE_SIDE_STYLE ('',( #4663 ) ) ;
#4212 = PLANE ( 'NONE',  #5715 ) ;
#4213 = ORIENTED_EDGE ( 'NONE', *, *, #186, .F. ) ;
#4214 = PRESENTATION_LAYER_ASSIGNMENT (  '', '', ( #816 ) ) ;
#4215 = CARTESIAN_POINT ( 'NONE',  ( 0.9685039370078740717, -0.1043641051433334965, -0.1085540197423983111 ) ) ;
#4216 = UNCERTAINTY_MEASURE_WITH_UNIT (LENGTH_MEASURE( 1.000000000000000082E-05 ), #4941, 'distance_accuracy_value', 'NONE');
#4217 = DIRECTION ( 'NONE',  ( -0.8715503265321603577, 0.007605904472638831855, -0.4902470586743359338 ) ) ;
#4218 = FILL_AREA_STYLE_COLOUR ( '', #3718 ) ;
#4219 = VECTOR ( 'NONE', #1624, 39.37007874015748143 ) ;
#4220 = VECTOR ( 'NONE', #2722, 39.37007874015748143 ) ;
#4221 = ORIENTED_EDGE ( 'NONE', *, *, #1486, .T. ) ;
#4222 = EDGE_CURVE ( 'NONE', #1814, #5095, #4557, .T. ) ;
#4223 = LINE ( 'NONE', #2897, #790 ) ;
#4224 = AXIS2_PLACEMENT_3D ( 'NONE', #1937, #464, #5641 ) ;
#4225 = UNCERTAINTY_MEASURE_WITH_UNIT (LENGTH_MEASURE( 1.000000000000000082E-05 ), #1635, 'distance_accuracy_value', 'NONE');
#4226 = FILL_AREA_STYLE ('',( #3293 ) ) ;
#4227 = CARTESIAN_POINT ( 'NONE',  ( 0.6465912023628577199, 0.1398694758552900819, -0.1498690950859323523 ) ) ;
#4228 = ORIENTED_EDGE ( 'NONE', *, *, #3680, .T. ) ;
#4229 = MECHANICAL_DESIGN_GEOMETRIC_PRESENTATION_REPRESENTATION (  '', ( #2981 ), #3265 ) ;
#4230 = ORIENTED_EDGE ( 'NONE', *, *, #4492, .T. ) ;
#4231 = SURFACE_STYLE_FILL_AREA ( #2385 ) ;
#4232 = ADVANCED_FACE ( 'NONE', ( #5403 ), #2577, .F. ) ;
#4233 = SURFACE_SIDE_STYLE ('',( #3299 ) ) ;
#4234 = FILL_AREA_STYLE_COLOUR ( '', #5547 ) ;
#4235 =( LENGTH_UNIT ( ) NAMED_UNIT ( * ) SI_UNIT ( $, .METRE. ) );
#4236 = EDGE_CURVE ( 'NONE', #4965, #1501, #1734, .T. ) ;
#4237 =( NAMED_UNIT ( * ) PLANE_ANGLE_UNIT ( ) SI_UNIT ( $, .RADIAN. ) );
#4238 = LINE ( 'NONE', #5143, #5921 ) ;
#4239 = EDGE_LOOP ( 'NONE', ( #2102, #2660, #4931, #1315 ) ) ;
#4240 = FACE_OUTER_BOUND ( 'NONE', #5996, .T. ) ;
#4241 = DIRECTION ( 'NONE',  ( 0.000000000000000000, -0.000000000000000000, 1.000000000000000000 ) ) ;
#4242 = FILL_AREA_STYLE_COLOUR ( '', #3158 ) ;
#4243 = SURFACE_STYLE_USAGE ( .BOTH. , #4117 ) ;
#4244 = EDGE_CURVE ( 'NONE', #1501, #5527, #4944, .T. ) ;
#4245 = DIMENSIONAL_EXPONENTS ( 1.000000000000000000, 0.000000000000000000, 0.000000000000000000, 0.000000000000000000, 0.000000000000000000, 0.000000000000000000, 0.000000000000000000 ) ;
#4246 = PRODUCT_CONTEXT ( 'NONE', #5771, 'mechanical' ) ;
#4247 = FACE_OUTER_BOUND ( 'NONE', #850, .T. ) ;
#4248 = EDGE_LOOP ( 'NONE', ( #4124, #2990, #5237, #4017 ) ) ;
#4249 = SURFACE_SIDE_STYLE ('',( #2406 ) ) ;
#4250 =( GEOMETRIC_REPRESENTATION_CONTEXT ( 3 ) GLOBAL_UNCERTAINTY_ASSIGNED_CONTEXT ( ( #3677 ) ) GLOBAL_UNIT_ASSIGNED_CONTEXT ( ( #5444, #2155, #5844 ) ) REPRESENTATION_CONTEXT ( 'NONE', 'WORKASPACE' ) );
#4251 = CARTESIAN_POINT ( 'NONE',  ( 0.4874641016151377571, 0.1805118110236223206, -0.05661324865405241435 ) ) ;
#4252 = COLOUR_RGB ( '',1.000000000000000000, 0.9490196078431372140, 0.9098039215686274384 ) ;
#4253 = ORIENTED_EDGE ( 'NONE', *, *, #1039, .T. ) ;
#4254 = SURFACE_SIDE_STYLE ('',( #2060 ) ) ;
#4255 = MECHANICAL_DESIGN_GEOMETRIC_PRESENTATION_REPRESENTATION (  '', ( #5339 ), #2427 ) ;
#4256 = CARTESIAN_POINT ( 'NONE',  ( 0.4764944465005350738, 0.1615118110236228588, 0.04564359353944847514 ) ) ;
#4257 = FACE_OUTER_BOUND ( 'NONE', #39, .T. ) ;
#4258 = ORIENTED_EDGE ( 'NONE', *, *, #669, .F. ) ;
#4259 = VECTOR ( 'NONE', #4542, 39.37007874015748143 ) ;
#4260 = EDGE_LOOP ( 'NONE', ( #2435, #740, #4843, #4041 ) ) ;
#4261 = DIRECTION ( 'NONE',  ( 0.000000000000000000, -0.5000000000000072164, 0.8660254037844344888 ) ) ;
#4262 = CARTESIAN_POINT ( 'NONE',  ( 0.9685039370078740717, 0.1043641051433335104, -3.126171833841906451E-17 ) ) ;
#4263 = DIRECTION ( 'NONE',  ( 0.000000000000000000, 3.733770731811420860E-15, 1.000000000000000000 ) ) ;
#4264 = SURFACE_STYLE_FILL_AREA ( #4005 ) ;
#4265 =( GEOMETRIC_REPRESENTATION_CONTEXT ( 3 ) GLOBAL_UNCERTAINTY_ASSIGNED_CONTEXT ( ( #4046 ) ) GLOBAL_UNIT_ASSIGNED_CONTEXT ( ( #2697, #3564, #2254 ) ) REPRESENTATION_CONTEXT ( 'NONE', 'WORKASPACE' ) );
#4266 = FILL_AREA_STYLE_COLOUR ( '', #4725 ) ;
#4267 = EDGE_CURVE ( 'NONE', #4683, #3511, #4882, .T. ) ;
#4268 = VERTEX_POINT ( 'NONE', #2641 ) ;
#4269 = ADVANCED_FACE ( 'NONE', ( #4424 ), #4028, .T. ) ;
#4270 = CARTESIAN_POINT ( 'NONE',  ( 0.9585912023628577749, -0.1143637243739752257, -0.01240147085095840221 ) ) ;
#4271 = DIRECTION ( 'NONE',  ( -0.9984709653832553045, -0.05527866936377882207, 0.000000000000000000 ) ) ;
#4272 = CARTESIAN_POINT ( 'NONE',  ( 0.5265119078539792774, 0.07874015748031500117, 0.1328689200955810445 ) ) ;
#4273 = SURFACE_SIDE_STYLE ('',( #4787 ) ) ;
#4274 = FILL_AREA_STYLE_COLOUR ( '', #1911 ) ;
#4275 = SURFACE_SIDE_STYLE ('',( #5247 ) ) ;
#4276 = EDGE_CURVE ( 'NONE', #1706, #1362, #3268, .T. ) ;
#4277 = DIRECTION ( 'NONE',  ( 0.03489949670250104552, -0.9993908270190957621, 1.733666729305901626E-16 ) ) ;
#4278 = ORIENTED_EDGE ( 'NONE', *, *, #3461, .T. ) ;
#4279 = EDGE_CURVE ( 'NONE', #836, #2803, #2808, .T. ) ;
#4280 = DIRECTION ( 'NONE',  ( 0.000000000000000000, 1.000000000000000000, -0.000000000000000000 ) ) ;
#4281 = SURFACE_STYLE_USAGE ( .BOTH. , #573 ) ;
#4282 = PRESENTATION_STYLE_ASSIGNMENT (( #2053 ) ) ;
#4283 = CARTESIAN_POINT ( 'NONE',  ( 0.002886303500129241625, 0.000000000000000000, -0.09834048354011742932 ) ) ;
#4284 = DIMENSIONAL_EXPONENTS ( 1.000000000000000000, 0.000000000000000000, 0.000000000000000000, 0.000000000000000000, 0.000000000000000000, 0.000000000000000000, 0.000000000000000000 ) ;
#4285 = VERTEX_POINT ( 'NONE', #42 ) ;
#4286 = AXIS2_PLACEMENT_3D ( 'NONE', #1201, #5795, #5765 ) ;
#4287 = VECTOR ( 'NONE', #2943, 39.37007874015748143 ) ;
#4288 = DIRECTION ( 'NONE',  ( 0.000000000000000000, 1.000000000000000000, 0.000000000000000000 ) ) ;
#4289 = UNCERTAINTY_MEASURE_WITH_UNIT (LENGTH_MEASURE( 1.000000000000000082E-05 ), #2536, 'distance_accuracy_value', 'NONE');
#4290 =( LENGTH_UNIT ( ) NAMED_UNIT ( * ) SI_UNIT ( $, .METRE. ) );
#4291 = ORIENTED_EDGE ( 'NONE', *, *, #485, .T. ) ;
#4292 = EDGE_LOOP ( 'NONE', ( #4734, #5394, #4102, #1387, #5644, #931 ) ) ;
#4293 = DIRECTION ( 'NONE',  ( 0.9995695637461119443, 0.000000000000000000, 0.02933747147263198601 ) ) ;
#4294 = PRESENTATION_LAYER_ASSIGNMENT (  '', '', ( #121 ) ) ;
#4295 = CARTESIAN_POINT ( 'NONE',  ( 0.4879999999999999338, -0.07999999999999946043, -0.1555118110236237694 ) ) ;
#4296 = FILL_AREA_STYLE ('',( #4266 ) ) ;
#4297 = STYLED_ITEM ( 'NONE', ( #5385 ), #5917 ) ;
#4298 = ORIENTED_EDGE ( 'NONE', *, *, #2539, .T. ) ;
#4299 =( NAMED_UNIT ( * ) PLANE_ANGLE_UNIT ( ) SI_UNIT ( $, .RADIAN. ) );
#4300 = FILL_AREA_STYLE ('',( #2461 ) ) ;
#4301 =( NAMED_UNIT ( * ) SI_UNIT ( $, .STERADIAN. ) SOLID_ANGLE_UNIT ( ) );
#4302 = AXIS2_PLACEMENT_3D ( 'NONE', #5897, #3221, #2652 ) ;
#4303 = FACE_OUTER_BOUND ( 'NONE', #898, .T. ) ;
#4304 = ORIENTED_EDGE ( 'NONE', *, *, #3273, .T. ) ;
#4305 = CARTESIAN_POINT ( 'NONE',  ( 0.4879999999999999338, -0.07999999999999946043, -0.1555118110236237694 ) ) ;
#4306 = FILL_AREA_STYLE_COLOUR ( '', #6012 ) ;
#4307 = EDGE_CURVE ( 'NONE', #2135, #5100, #2173, .T. ) ;
#4308 = LENGTH_MEASURE_WITH_UNIT ( LENGTH_MEASURE( 0.02539999999999999897 ), #2890 );
#4309 = ADVANCED_FACE ( 'NONE', ( #5545 ), #4172, .F. ) ;
#4310 = ORIENTED_EDGE ( 'NONE', *, *, #4410, .T. ) ;
#4311 = MECHANICAL_DESIGN_GEOMETRIC_PRESENTATION_REPRESENTATION (  '', ( #143 ), #3733 ) ;
#4312 =( NAMED_UNIT ( * ) SI_UNIT ( $, .STERADIAN. ) SOLID_ANGLE_UNIT ( ) );
#4313 =( CONVERSION_BASED_UNIT ( 'INCH', #1961 ) LENGTH_UNIT ( ) NAMED_UNIT ( #4742 ) );
#4314 = FILL_AREA_STYLE_COLOUR ( '', #4384 ) ;
#4315 = FILL_AREA_STYLE_COLOUR ( '', #350 ) ;
#4316 = VECTOR ( 'NONE', #157, 39.37007874015748143 ) ;
#4317 =( GEOMETRIC_REPRESENTATION_CONTEXT ( 3 ) GLOBAL_UNCERTAINTY_ASSIGNED_CONTEXT ( ( #935 ) ) GLOBAL_UNIT_ASSIGNED_CONTEXT ( ( #3188, #4750, #2791 ) ) REPRESENTATION_CONTEXT ( 'NONE', 'WORKASPACE' ) );
#4318 = VERTEX_POINT ( 'NONE', #3783 ) ;
#4319 = ORIENTED_EDGE ( 'NONE', *, *, #4267, .T. ) ;
#4320 = CYLINDRICAL_SURFACE ( 'NONE', #28, 0.009999999999999995004 ) ;
#4321 = MECHANICAL_DESIGN_GEOMETRIC_PRESENTATION_REPRESENTATION (  '', ( #1516 ), #5885 ) ;
#4322 = COLOUR_RGB ( '',0.8588235294117646523, 0.09803921568627450844, 0.09803921568627450844 ) ;
#4323 = DIMENSIONAL_EXPONENTS ( 1.000000000000000000, 0.000000000000000000, 0.000000000000000000, 0.000000000000000000, 0.000000000000000000, 0.000000000000000000, 0.000000000000000000 ) ;
#4324 =( LENGTH_UNIT ( ) NAMED_UNIT ( * ) SI_UNIT ( $, .METRE. ) );
#4325 = CARTESIAN_POINT ( 'NONE',  ( -8.725206505955581684E-05, 0.1555125724608564797, 0.1455129532302169570 ) ) ;
#4326 = STYLED_ITEM ( 'NONE', ( #5949 ), #1903 ) ;
#4327 = ORIENTED_EDGE ( 'NONE', *, *, #4190, .F. ) ;
#4328 = LINE ( 'NONE', #2042, #5553 ) ;
#4329 =( BOUNDED_CURVE ( )  B_SPLINE_CURVE ( 3, ( #5110, #2751, #5578, #2839 ),
 .UNSPECIFIED., .F., .T. ) 
 B_SPLINE_CURVE_WITH_KNOTS ( ( 4, 4 ),
 ( 0.3071258696968985902, 2.817013491372548195 ),
 .UNSPECIFIED. ) 
 CURVE ( )  GEOMETRIC_REPRESENTATION_ITEM ( )  RATIONAL_B_SPLINE_CURVE ( ( 1.000000000000000000, 0.5404179517530881549, 0.5404179517530881549, 1.000000000000000000 ) ) 
 REPRESENTATION_ITEM ( '' )  );
#4330 = SURFACE_SIDE_STYLE ('',( #5377 ) ) ;
#4331 = VECTOR ( 'NONE', #3906, 39.37007874015748143 ) ;
#4332 = DIRECTION ( 'NONE',  ( 0.000000000000000000, 0.000000000000000000, -1.000000000000000000 ) ) ;
#4333 = PRESENTATION_LAYER_ASSIGNMENT (  '', '', ( #4337 ) ) ;
#4334 = VERTEX_POINT ( 'NONE', #5575 ) ;
#4335 = LINE ( 'NONE', #4822, #2581 ) ;
#4336 = LINE ( 'NONE', #3465, #3500 ) ;
#4337 = STYLED_ITEM ( 'NONE', ( #4098 ), #2382 ) ;
#4338 = LINE ( 'NONE', #181, #444 ) ;
#4339 = DIRECTION ( 'NONE',  ( 0.9995695637461119443, 0.000000000000000000, 0.02933747147263198601 ) ) ;
#4340 = EDGE_CURVE ( 'NONE', #1700, #5070, #5033, .T. ) ;
#4341 = VERTEX_POINT ( 'NONE', #4626 ) ;
#4342 = VECTOR ( 'NONE', #2307, 39.37007874015748143 ) ;
#4343 = ORIENTED_EDGE ( 'NONE', *, *, #5203, .T. ) ;
#4344 = EDGE_CURVE ( 'NONE', #1050, #3264, #4202, .T. ) ;
#4345 = SURFACE_SIDE_STYLE ('',( #4891 ) ) ;
#4346 = SURFACE_SIDE_STYLE ('',( #2061 ) ) ;
#4347 = LENGTH_MEASURE_WITH_UNIT ( LENGTH_MEASURE( 0.02539999999999999897 ), #2154 );
#4348 = UNCERTAINTY_MEASURE_WITH_UNIT (LENGTH_MEASURE( 1.000000000000000082E-05 ), #274, 'distance_accuracy_value', 'NONE');
#4349 = DIMENSIONAL_EXPONENTS ( 1.000000000000000000, 0.000000000000000000, 0.000000000000000000, 0.000000000000000000, 0.000000000000000000, 0.000000000000000000, 0.000000000000000000 ) ;
#4350 = CARTESIAN_POINT ( 'NONE',  ( 0.9389763779527562360, 0.08353543307086612468, 0.000000000000000000 ) ) ;
#4351 = EDGE_LOOP ( 'NONE', ( #2711, #4872, #3032, #1965 ) ) ;
#4352 = ORIENTED_EDGE ( 'NONE', *, *, #339, .F. ) ;
#4353 = SURFACE_SIDE_STYLE ('',( #5692 ) ) ;
#4354 = EDGE_CURVE ( 'NONE', #2383, #3719, #2331, .T. ) ;
#4355 = CARTESIAN_POINT ( 'NONE',  ( 0.000000000000000000, -0.1555118110236234918, -0.1455121917929790565 ) ) ;
#4356 = FILL_AREA_STYLE ('',( #3887 ) ) ;
#4357 = SURFACE_STYLE_USAGE ( .BOTH. , #5306 ) ;
#4358 = CARTESIAN_POINT ( 'NONE',  ( 0.6465039370078740077, 0.1398694758552900819, -0.1398694758552906370 ) ) ;
#4359 =( CONVERSION_BASED_UNIT ( 'INCH', #3424 ) LENGTH_UNIT ( ) NAMED_UNIT ( #886 ) );
#4360 = ORIENTED_EDGE ( 'NONE', *, *, #2181, .F. ) ;
#4361 = SURFACE_STYLE_USAGE ( .BOTH. , #4330 ) ;
#4362 = STYLED_ITEM ( 'NONE', ( #2812 ), #3793 ) ;
#4363 =( NAMED_UNIT ( * ) PLANE_ANGLE_UNIT ( ) SI_UNIT ( $, .RADIAN. ) );
#4364 = ORIENTED_EDGE ( 'NONE', *, *, #5153, .T. ) ;
#4365 =( NAMED_UNIT ( * ) PLANE_ANGLE_UNIT ( ) SI_UNIT ( $, .RADIAN. ) );
#4366 = FACE_OUTER_BOUND ( 'NONE', #623, .T. ) ;
#4367 = DIRECTION ( 'NONE',  ( 0.000000000000000000, -0.4999999999999950040, 0.8660254037844415942 ) ) ;
#4368 = PRESENTATION_STYLE_ASSIGNMENT (( #852 ) ) ;
#4369 = CARTESIAN_POINT ( 'NONE',  ( 0.000000000000000000, -0.1555118110236234918, 0.05856624327025919396 ) ) ;
#4370 = CARTESIAN_POINT ( 'NONE',  ( 0.9585912023628577749, 0.1143637243739751980, -0.09872704711124133392 ) ) ;
#4371 =( GEOMETRIC_REPRESENTATION_CONTEXT ( 3 ) GLOBAL_UNCERTAINTY_ASSIGNED_CONTEXT ( ( #5390 ) ) GLOBAL_UNIT_ASSIGNED_CONTEXT ( ( #2326, #2802, #3261 ) ) REPRESENTATION_CONTEXT ( 'NONE', 'WORKASPACE' ) );
#4372 = ORIENTED_EDGE ( 'NONE', *, *, #5016, .T. ) ;
#4373 = PRESENTATION_LAYER_ASSIGNMENT (  '', '', ( #5448 ) ) ;
#4374 = CARTESIAN_POINT ( 'NONE',  ( 0.6568550322495685378, -0.1152802812110394481, -5.463695987328526437E-16 ) ) ;
#4375 = FILL_AREA_STYLE_COLOUR ( '', #1744 ) ;
#4376 = DIRECTION ( 'NONE',  ( 0.05782871121279575810, 0.000000000000000000, -0.9983265198117633465 ) ) ;
#4377 = EDGE_CURVE ( 'NONE', #3066, #5631, #1080, .T. ) ;
#4378 = VECTOR ( 'NONE', #1394, 39.37007874015748143 ) ;
#4379 = MECHANICAL_DESIGN_GEOMETRIC_PRESENTATION_REPRESENTATION (  '', ( #2350 ), #787 ) ;
#4380 = ORIENTED_EDGE ( 'NONE', *, *, #1032, .T. ) ;
#4381 = ORIENTED_EDGE ( 'NONE', *, *, #1406, .F. ) ;
#4382 = LENGTH_MEASURE_WITH_UNIT ( LENGTH_MEASURE( 0.02539999999999999897 ), #3027 );
#4383 = DIRECTION ( 'NONE',  ( 0.4472135954999553187, 0.7745966692414870680, 0.4472135954999540419 ) ) ;
#4384 = COLOUR_RGB ( '',0.8588235294117646523, 0.09803921568627450844, 0.09803921568627450844 ) ;
#4385 = LINE ( 'NONE', #4878, #5702 ) ;
#4386 = ADVANCED_FACE ( 'NONE', ( #3754 ), #1407, .T. ) ;
#4387 = DIMENSIONAL_EXPONENTS ( 1.000000000000000000, 0.000000000000000000, 0.000000000000000000, 0.000000000000000000, 0.000000000000000000, 0.000000000000000000, 0.000000000000000000 ) ;
#4388 = ORIENTED_EDGE ( 'NONE', *, *, #1727, .F. ) ;
#4389 = COLOUR_RGB ( '',0.8588235294117646523, 0.09803921568627450844, 0.09803921568627450844 ) ;
#4390 = FILL_AREA_STYLE_COLOUR ( '', #5058 ) ;
#4391 =( NAMED_UNIT ( * ) SI_UNIT ( $, .STERADIAN. ) SOLID_ANGLE_UNIT ( ) );
#4392 = AXIS2_PLACEMENT_3D ( 'NONE', #1502, #906, #5107 ) ;
#4393 = ORIENTED_EDGE ( 'NONE', *, *, #4489, .T. ) ;
#4394 = DIRECTION ( 'NONE',  ( 0.02933747147263230520, 0.000000000000000000, -0.9995695637461119443 ) ) ;
#4395 = MECHANICAL_DESIGN_GEOMETRIC_PRESENTATION_REPRESENTATION (  '', ( #3435 ), #5859 ) ;
#4396 =( LENGTH_UNIT ( ) NAMED_UNIT ( * ) SI_UNIT ( $, .METRE. ) );
#4397 =( NAMED_UNIT ( * ) PLANE_ANGLE_UNIT ( ) SI_UNIT ( $, .RADIAN. ) );
#4398 = PRESENTATION_STYLE_ASSIGNMENT (( #2651 ) ) ;
#4399 =( LENGTH_UNIT ( ) NAMED_UNIT ( * ) SI_UNIT ( $, .METRE. ) );
#4400 = VERTEX_POINT ( 'NONE', #3389 ) ;
#4401 = CARTESIAN_POINT ( 'NONE',  ( 0.6268513568333813346, -0.1451763878042639511, 0.1490142136675707274 ) ) ;
#4402 = SURFACE_SIDE_STYLE ('',( #1152 ) ) ;
#4403 = AXIS2_PLACEMENT_3D ( 'NONE', #4830, #330, #5296 ) ;
#4404 = UNCERTAINTY_MEASURE_WITH_UNIT (LENGTH_MEASURE( 1.000000000000000082E-05 ), #4729, 'distance_accuracy_value', 'NONE');
#4405 = CARTESIAN_POINT ( 'NONE',  ( 0.9389763779528843557, -0.08353543307086615244, -0.007396801184040261920 ) ) ;
#4406 = FILL_AREA_STYLE_COLOUR ( '', #922 ) ;
#4407 = FACE_OUTER_BOUND ( 'NONE', #1922, .T. ) ;
#4408 = ORIENTED_EDGE ( 'NONE', *, *, #2471, .T. ) ;
#4409 = ORIENTED_EDGE ( 'NONE', *, *, #4091, .F. ) ;
#4410 = EDGE_CURVE ( 'NONE', #3598, #3484, #2483, .T. ) ;
#4411 = SURFACE_SIDE_STYLE ('',( #5245 ) ) ;
#4412 = CARTESIAN_POINT ( 'NONE',  ( -0.001078514082633466944, -0.1555212230734331347, -0.05856080922076800643 ) ) ;
#4413 = AXIS2_PLACEMENT_3D ( 'NONE', #480, #1890, #3288 ) ;
#4414 = FACE_OUTER_BOUND ( 'NONE', #3134, .T. ) ;
#4415 =( NAMED_UNIT ( * ) PLANE_ANGLE_UNIT ( ) SI_UNIT ( $, .RADIAN. ) );
#4416 = FILL_AREA_STYLE ('',( #4530 ) ) ;
#4417 = SURFACE_SIDE_STYLE ('',( #3949 ) ) ;
#4418 = EDGE_LOOP ( 'NONE', ( #3085, #5303, #1883, #4024, #4051, #2412, #1286, #5211, #4221, #5325 ) ) ;
#4419 = STYLED_ITEM ( 'NONE', ( #2761 ), #1415 ) ;
#4420 =( GEOMETRIC_REPRESENTATION_CONTEXT ( 3 ) GLOBAL_UNCERTAINTY_ASSIGNED_CONTEXT ( ( #582 ) ) GLOBAL_UNIT_ASSIGNED_CONTEXT ( ( #290, #3953, #3060 ) ) REPRESENTATION_CONTEXT ( 'NONE', 'WORKASPACE' ) );
#4421 = EDGE_CURVE ( 'NONE', #65, #2165, #3847, .T. ) ;
#4422 =( NAMED_UNIT ( * ) SI_UNIT ( $, .STERADIAN. ) SOLID_ANGLE_UNIT ( ) );
#4423 = EDGE_CURVE ( 'NONE', #2289, #271, #2873, .T. ) ;
#4424 = FACE_OUTER_BOUND ( 'NONE', #3257, .T. ) ;
#4425 = PRESENTATION_LAYER_ASSIGNMENT (  '', '', ( #1907 ) ) ;
#4426 = PRESENTATION_LAYER_ASSIGNMENT (  '', '', ( #5305 ) ) ;
#4427 = PRESENTATION_STYLE_ASSIGNMENT (( #632 ) ) ;
#4428 = ORIENTED_EDGE ( 'NONE', *, *, #1494, .T. ) ;
#4429 = DIMENSIONAL_EXPONENTS ( 1.000000000000000000, 0.000000000000000000, 0.000000000000000000, 0.000000000000000000, 0.000000000000000000, 0.000000000000000000, 0.000000000000000000 ) ;
#4430 = LINE ( 'NONE', #664, #5343 ) ;
#4431 =( LENGTH_UNIT ( ) NAMED_UNIT ( * ) SI_UNIT ( $, .METRE. ) );
#4432 = AXIS2_PLACEMENT_3D ( 'NONE', #4563, #4908, #3630 ) ;
#4433 = VERTEX_POINT ( 'NONE', #5173 ) ;
#4434 = DIRECTION ( 'NONE',  ( -0.4472135954999554297, 0.4472135954999567065, -0.7745966692414855137 ) ) ;
#4435 = FILL_AREA_STYLE_COLOUR ( '', #3358 ) ;
#4436 =( LENGTH_UNIT ( ) NAMED_UNIT ( * ) SI_UNIT ( $, .METRE. ) );
#4437 = LINE ( 'NONE', #2657, #361 ) ;
#4438 = LINE ( 'NONE', #2156, #3736 ) ;
#4439 =( NAMED_UNIT ( * ) PLANE_ANGLE_UNIT ( ) SI_UNIT ( $, .RADIAN. ) );
#4440 = AXIS2_PLACEMENT_3D ( 'NONE', #5818, #1666, #4077 ) ;
#4441 = ORIENTED_EDGE ( 'NONE', *, *, #5116, .F. ) ;
#4442 = ORIENTED_EDGE ( 'NONE', *, *, #3837, .T. ) ;
#4443 = VECTOR ( 'NONE', #1726, 39.37007874015748143 ) ;
#4444 = PLANE ( 'NONE',  #4961 ) ;
#4445 =( CONVERSION_BASED_UNIT ( 'INCH', #822 ) LENGTH_UNIT ( ) NAMED_UNIT ( #3508 ) );
#4446 = ORIENTED_EDGE ( 'NONE', *, *, #5195, .T. ) ;
#4447 = AXIS2_PLACEMENT_3D ( 'NONE', #2528, #3073, #1620 ) ;
#4448 = LINE ( 'NONE', #3548, #4979 ) ;
#4449 = CARTESIAN_POINT ( 'NONE',  ( -8.725206505955591170E-05, 0.1555125724608564797, 0.1455129532302169570 ) ) ;
#4450 = LENGTH_MEASURE_WITH_UNIT ( LENGTH_MEASURE( 0.02539999999999999897 ), #3894 );
#4451 = LENGTH_MEASURE_WITH_UNIT ( LENGTH_MEASURE( 0.02539999999999999897 ), #1784 );
#4452 = AXIS2_PLACEMENT_3D ( 'NONE', #24, #4608, #856 ) ;
#4453 = ADVANCED_FACE ( 'NONE', ( #1068 ), #682, .T. ) ;
#4454 = DIRECTION ( 'NONE',  ( 0.000000000000000000, 1.000000000000000000, 0.000000000000000000 ) ) ;
#4455 = EDGE_CURVE ( 'NONE', #1427, #1719, #2163, .T. ) ;
#4456 = EDGE_LOOP ( 'NONE', ( #3594, #362, #4828, #5266 ) ) ;
#4457 = MECHANICAL_DESIGN_GEOMETRIC_PRESENTATION_REPRESENTATION (  '', ( #4362 ), #2244 ) ;
#4458 = SURFACE_SIDE_STYLE ('',( #1115 ) ) ;
#4459 = DIRECTION ( 'NONE',  ( 0.000000000000000000, 0.8660254037844362651, -0.5000000000000041078 ) ) ;
#4460 = LINE ( 'NONE', #1740, #4543 ) ;
#4461 = PRESENTATION_LAYER_ASSIGNMENT (  '', '', ( #1351 ) ) ;
#4462 = DIRECTION ( 'NONE',  ( 0.000000000000000000, 0.000000000000000000, -1.000000000000000000 ) ) ;
#4463 = EDGE_CURVE ( 'NONE', #721, #5136, #1266, .T. ) ;
#4464 = ORIENTED_EDGE ( 'NONE', *, *, #5362, .F. ) ;
#4465 = PRESENTATION_STYLE_ASSIGNMENT (( #101 ) ) ;
#4466 = CARTESIAN_POINT ( 'NONE',  ( 0.9585039370078740628, -0.1371466931045766113, 0.1371466931045760285 ) ) ;
#4467 = PRESENTATION_STYLE_ASSIGNMENT (( #241 ) ) ;
#4468 = CARTESIAN_POINT ( 'NONE',  ( 0.6275315615141008330, 0.1489126832015988111, -0.1453340064392718567 ) ) ;
#4469 = UNCERTAINTY_MEASURE_WITH_UNIT (LENGTH_MEASURE( 1.000000000000000082E-05 ), #5099, 'distance_accuracy_value', 'NONE');
#4470 = DIMENSIONAL_EXPONENTS ( 1.000000000000000000, 0.000000000000000000, 0.000000000000000000, 0.000000000000000000, 0.000000000000000000, 0.000000000000000000, 0.000000000000000000 ) ;
#4471 = CARTESIAN_POINT ( 'NONE',  ( 0.4772895868002869912, -0.07046965511460287490, 0.1745118110236225095 ) ) ;
#4472 = ORIENTED_EDGE ( 'NONE', *, *, #2024, .F. ) ;
#4473 = VERTEX_POINT ( 'NONE', #5907 ) ;
#4474 =( GEOMETRIC_REPRESENTATION_CONTEXT ( 3 ) GLOBAL_UNCERTAINTY_ASSIGNED_CONTEXT ( ( #4584 ) ) GLOBAL_UNIT_ASSIGNED_CONTEXT ( ( #5462, #2645, #2552 ) ) REPRESENTATION_CONTEXT ( 'NONE', 'WORKASPACE' ) );
#4475 = CARTESIAN_POINT ( 'NONE',  ( 6.658408876068028345E-18, 0.1555118110236227147, -0.05950000000000079531 ) ) ;
#4476 = VECTOR ( 'NONE', #3321, 39.37007874015748143 ) ;
#4477 = SURFACE_SIDE_STYLE ('',( #823 ) ) ;
#4478 = ORIENTED_EDGE ( 'NONE', *, *, #4377, .F. ) ;
#4479 = DIRECTION ( 'NONE',  ( -0.9983265198117633465, 0.000000000000000000, -0.05782871121279575810 ) ) ;
#4480 = CARTESIAN_POINT ( 'NONE',  ( 0.9389763779527559029, -0.1555118110236234918, -0.007396801184038076168 ) ) ;
#4481 = STYLED_ITEM ( 'NONE', ( #1112 ), #5401 ) ;
#4482 = PRESENTATION_LAYER_ASSIGNMENT (  '', '', ( #2541 ) ) ;
#4483 = FILL_AREA_STYLE ('',( #2643 ) ) ;
#4484 = MECHANICAL_DESIGN_GEOMETRIC_PRESENTATION_REPRESENTATION (  '', ( #1085 ), #5460 ) ;
#4485 = CARTESIAN_POINT ( 'NONE',  ( 0.000000000000000000, 0.1555118110236202167, 0.1513699255007664723 ) ) ;
#4486 = AXIS2_PLACEMENT_3D ( 'NONE', #1097, #3942, #4293 ) ;
#4487 = AXIS2_PLACEMENT_3D ( 'NONE', #1769, #4988, #4462 ) ;
#4488 = VERTEX_POINT ( 'NONE', #3147 ) ;
#4489 = EDGE_CURVE ( 'NONE', #2328, #3117, #4966, .T. ) ;
#4490 = CARTESIAN_POINT ( 'NONE',  ( 0.9685039370078740717, 0.1371466931045733084, 0.1470598052105253073 ) ) ;
#4491 = DIRECTION ( 'NONE',  ( -0.02933747147263230173, -0.000000000000000000, 0.9995695637461118332 ) ) ;
#4492 = EDGE_CURVE ( 'NONE', #1546, #1000, #2920, .T. ) ;
#4493 =( CONVERSION_BASED_UNIT ( 'INCH', #3534 ) LENGTH_UNIT ( ) NAMED_UNIT ( #1688 ) );
#4494 = LINE ( 'NONE', #3509, #942 ) ;
#4495 = CARTESIAN_POINT ( 'NONE',  ( 0.6276428471321302549, 0.1500344548768826891, 0.1400348356462431942 ) ) ;
#4496 = ORIENTED_EDGE ( 'NONE', *, *, #1787, .T. ) ;
#4497 =( GEOMETRIC_REPRESENTATION_CONTEXT ( 3 ) GLOBAL_UNCERTAINTY_ASSIGNED_CONTEXT ( ( #5072 ) ) GLOBAL_UNIT_ASSIGNED_CONTEXT ( ( #4924, #305, #2532 ) ) REPRESENTATION_CONTEXT ( 'NONE', 'WORKASPACE' ) );
#4498 = ORIENTED_EDGE ( 'NONE', *, *, #4377, .T. ) ;
#4499 =( GEOMETRIC_REPRESENTATION_CONTEXT ( 3 ) GLOBAL_UNCERTAINTY_ASSIGNED_CONTEXT ( ( #1367 ) ) GLOBAL_UNIT_ASSIGNED_CONTEXT ( ( #2114, #5828, #3494 ) ) REPRESENTATION_CONTEXT ( 'NONE', 'WORKASPACE' ) );
#4500 = ORIENTED_EDGE ( 'NONE', *, *, #74, .T. ) ;
#4501 = CARTESIAN_POINT ( 'NONE',  ( 0.4840000000000000413, 0.05314914703891407410, 0.1745118110236224540 ) ) ;
#4502 = PLANE ( 'NONE',  #4007 ) ;
#4503 = DIRECTION ( 'NONE',  ( -1.000000000000000000, 0.000000000000000000, 0.000000000000000000 ) ) ;
#4504 =( GEOMETRIC_REPRESENTATION_CONTEXT ( 3 ) GLOBAL_UNCERTAINTY_ASSIGNED_CONTEXT ( ( #5993 ) ) GLOBAL_UNIT_ASSIGNED_CONTEXT ( ( #2843, #46, #1510 ) ) REPRESENTATION_CONTEXT ( 'NONE', 'WORKASPACE' ) );
#4505 = DIRECTION ( 'NONE',  ( -0.000000000000000000, -3.491481338843132961E-15, -1.000000000000000000 ) ) ;
#4506 = CARTESIAN_POINT ( 'NONE',  ( 0.5280023833415694590, 0.1555118110236227702, 0.07776803414025856842 ) ) ;
#4507 =( LENGTH_UNIT ( ) NAMED_UNIT ( * ) SI_UNIT ( $, .METRE. ) );
#4508 = MECHANICAL_DESIGN_GEOMETRIC_PRESENTATION_REPRESENTATION (  '', ( #49 ), #2765 ) ;
#4509 = PRESENTATION_LAYER_ASSIGNMENT (  '', '', ( #1901 ) ) ;
#4510 = SURFACE_STYLE_USAGE ( .BOTH. , #3728 ) ;
#4511 =( NAMED_UNIT ( * ) PLANE_ANGLE_UNIT ( ) SI_UNIT ( $, .RADIAN. ) );
#4512 = CARTESIAN_POINT ( 'NONE',  ( 0.5884414010956743324, -0.07874015748031494566, -0.07379977845660166957 ) ) ;
#4513 = STYLED_ITEM ( 'NONE', ( #2642 ), #1609 ) ;
#4514 = STYLED_ITEM ( 'NONE', ( #2123 ), #953 ) ;
#4515 = LINE ( 'NONE', #4951, #3111 ) ;
#4516 = CARTESIAN_POINT ( 'NONE',  ( 0.09314009370863018944, 0.07874015748031498729, -0.2222197335988833067 ) ) ;
#4517 = FILL_AREA_STYLE_COLOUR ( '', #3535 ) ;
#4518 = ORIENTED_EDGE ( 'NONE', *, *, #1359, .F. ) ;
#4519 = CARTESIAN_POINT ( 'NONE',  ( 0.6565039370078531444, -0.08353543307086615244, 0.000000000000000000 ) ) ;
#4520 = APPLICATION_CONTEXT ( 'automotive_design' ) ;
#4521 = AXIS2_PLACEMENT_3D ( 'NONE', #2898, #125, #553 ) ;
#4522 = FILL_AREA_STYLE_COLOUR ( '', #5990 ) ;
#4523 = UNCERTAINTY_MEASURE_WITH_UNIT (LENGTH_MEASURE( 1.000000000000000082E-05 ), #2013, 'distance_accuracy_value', 'NONE');
#4524 = EDGE_CURVE ( 'NONE', #5095, #4049, #3444, .T. ) ;
#4525 = FILL_AREA_STYLE ('',( #1690 ) ) ;
#4526 = ORIENTED_EDGE ( 'NONE', *, *, #804, .T. ) ;
#4527 = EDGE_CURVE ( 'NONE', #1043, #5712, #794, .T. ) ;
#4528 = ORIENTED_EDGE ( 'NONE', *, *, #4527, .T. ) ;
#4529 = SURFACE_STYLE_FILL_AREA ( #5398 ) ;
#4530 = FILL_AREA_STYLE_COLOUR ( '', #4826 ) ;
#4531 = ORIENTED_EDGE ( 'NONE', *, *, #77, .T. ) ;
#4532 = EDGE_CURVE ( 'NONE', #1806, #4558, #1224, .T. ) ;
#4533 = CARTESIAN_POINT ( 'NONE',  ( 0.4879999999999998783, -0.07999999999999946043, -0.1512530995417304680 ) ) ;
#4534 = PRESENTATION_STYLE_ASSIGNMENT (( #3549 ) ) ;
#4535 = VECTOR ( 'NONE', #3907, 39.37007874015748143 ) ;
#4536 =( LENGTH_UNIT ( ) NAMED_UNIT ( * ) SI_UNIT ( $, .METRE. ) );
#4537 = SURFACE_STYLE_FILL_AREA ( #2692 ) ;
#4538 = CARTESIAN_POINT ( 'NONE',  ( 0.6253892509847909231, -0.1400545024818758144, 0.1500541217125169746 ) ) ;
#4539 = CARTESIAN_POINT ( 'NONE',  ( 0.5280174214226431850, 0.1539716938780351652, 0.07776720158213681899 ) ) ;
#4540 = FACE_OUTER_BOUND ( 'NONE', #3538, .T. ) ;
#4541 = SURFACE_STYLE_USAGE ( .BOTH. , #2752 ) ;
#4542 = DIRECTION ( 'NONE',  ( -0.02933747147263221153, 3.081487911019577365E-33, 0.9995695637461118332 ) ) ;
#4543 = VECTOR ( 'NONE', #3592, 39.37007874015748143 ) ;
#4544 = LINE ( 'NONE', #1819, #315 ) ;
#4545 = PRESENTATION_STYLE_ASSIGNMENT (( #3215 ) ) ;
#4546 =( LENGTH_UNIT ( ) NAMED_UNIT ( * ) SI_UNIT ( $, .METRE. ) );
#4547 = VECTOR ( 'NONE', #293, 39.37007874015748143 ) ;
#4548 = CARTESIAN_POINT ( 'NONE',  ( 0.000000000000000000, 0.05856624327025974214, -0.1555118110236232976 ) ) ;
#4549 = LINE ( 'NONE', #411, #674 ) ;
#4550 = SURFACE_SIDE_STYLE ('',( #888 ) ) ;
#4551 = PRESENTATION_LAYER_ASSIGNMENT (  '', '', ( #4362 ) ) ;
#4552 = ORIENTED_EDGE ( 'NONE', *, *, #5080, .F. ) ;
#4553 = DIRECTION ( 'NONE',  ( 0.000000000000000000, -1.000000000000000000, 1.756682000989173806E-15 ) ) ;
#4554 = PLANE ( 'NONE',  #748 ) ;
#4555 = DIRECTION ( 'NONE',  ( -1.000000000000000000, 0.000000000000000000, 0.000000000000000000 ) ) ;
#4556 = ORIENTED_EDGE ( 'NONE', *, *, #646, .T. ) ;
#4557 =( BOUNDED_CURVE ( )  B_SPLINE_CURVE ( 3, ( #4538, #3519, #716, #4084 ),
 .UNSPECIFIED., .F., .T. ) 
 B_SPLINE_CURVE_WITH_KNOTS ( ( 4, 4 ),
 ( 3.466171815806562861, 5.976059437482357239 ),
 .UNSPECIFIED. ) 
 CURVE ( )  GEOMETRIC_REPRESENTATION_ITEM ( )  RATIONAL_B_SPLINE_CURVE ( ( 1.000000000000000000, 0.5404179517530423027, 0.5404179517530423027, 1.000000000000000000 ) ) 
 REPRESENTATION_ITEM ( '' )  );
#4558 = VERTEX_POINT ( 'NONE', #4475 ) ;
#4559 = LINE ( 'NONE', #2770, #2001 ) ;
#4560 = DIRECTION ( 'NONE',  ( 0.000000000000000000, -0.000000000000000000, 1.000000000000000000 ) ) ;
#4561 = EDGE_CURVE ( 'NONE', #1071, #3066, #1755, .T. ) ;
#4562 = CARTESIAN_POINT ( 'NONE',  ( 1.025776907777255090E-16, -0.09842519685039370636, -0.09842519685039370636 ) ) ;
#4563 = CARTESIAN_POINT ( 'NONE',  ( 0.002886303500129229916, 0.000000000000000000, -0.09834048354011735993 ) ) ;
#4564 = VECTOR ( 'NONE', #2728, 39.37007874015748143 ) ;
#4565 = EDGE_LOOP ( 'NONE', ( #4230, #5713, #1597, #1345 ) ) ;
#4566 =( LENGTH_UNIT ( ) NAMED_UNIT ( * ) SI_UNIT ( $, .METRE. ) );
#4567 = ORIENTED_EDGE ( 'NONE', *, *, #68, .T. ) ;
#4568 = CARTESIAN_POINT ( 'NONE',  ( 0.000000000000000000, -0.1555118110236234918, 0.1455121917929812214 ) ) ;
#4569 = LINE ( 'NONE', #13, #4573 ) ;
#4570 = LINE ( 'NONE', #5482, #4220 ) ;
#4571 = ADVANCED_FACE ( 'NONE', ( #4414 ), #4444, .F. ) ;
#4572 = DIRECTION ( 'NONE',  ( -0.000000000000000000, 1.000000000000000000, 0.000000000000000000 ) ) ;
#4573 = VECTOR ( 'NONE', #427, 39.37007874015748143 ) ;
#4574 = EDGE_CURVE ( 'NONE', #3455, #4285, #2635, .T. ) ;
#4575 =( CONVERSION_BASED_UNIT ( 'INCH', #2726 ) LENGTH_UNIT ( ) NAMED_UNIT ( #1017 ) );
#4576 = VECTOR ( 'NONE', #5651, 39.37007874015748143 ) ;
#4577 = CARTESIAN_POINT ( 'NONE',  ( 0.9585039370078740628, 0.1371466931045733084, 0.1555118110236224094 ) ) ;
#4578 = CARTESIAN_POINT ( 'NONE',  ( 0.000000000000000000, 0.1069999999999999840, 0.1555118110236224649 ) ) ;
#4579 =( LENGTH_UNIT ( ) NAMED_UNIT ( * ) SI_UNIT ( $, .METRE. ) );
#4580 =( NAMED_UNIT ( * ) PLANE_ANGLE_UNIT ( ) SI_UNIT ( $, .RADIAN. ) );
#4581 = ORIENTED_EDGE ( 'NONE', *, *, #5973, .F. ) ;
#4582 = DIRECTION ( 'NONE',  ( -1.000000000000000000, 0.000000000000000000, 0.000000000000000000 ) ) ;
#4583 = COLOUR_RGB ( '',0.8588235294117646523, 0.09803921568627450844, 0.09803921568627450844 ) ;
#4584 = UNCERTAINTY_MEASURE_WITH_UNIT (LENGTH_MEASURE( 1.000000000000000082E-05 ), #5462, 'distance_accuracy_value', 'NONE');
#4585 = PRESENTATION_STYLE_ASSIGNMENT (( #546 ) ) ;
#4586 = DIMENSIONAL_EXPONENTS ( 1.000000000000000000, 0.000000000000000000, 0.000000000000000000, 0.000000000000000000, 0.000000000000000000, 0.000000000000000000, 0.000000000000000000 ) ;
#4587 = VERTEX_POINT ( 'NONE', #3542 ) ;
#4588 = ORIENTED_EDGE ( 'NONE', *, *, #5489, .T. ) ;
#4589 = LINE ( 'NONE', #421, #976 ) ;
#4590 = UNCERTAINTY_MEASURE_WITH_UNIT (LENGTH_MEASURE( 1.000000000000000082E-05 ), #1699, 'distance_accuracy_value', 'NONE');
#4591 = DIRECTION ( 'NONE',  ( -0.9995695637461118332, -0.000000000000000000, -0.02933747147263230173 ) ) ;
#4592 = ADVANCED_FACE ( 'NONE', ( #3575 ), #4935, .F. ) ;
#4593 = EDGE_LOOP ( 'NONE', ( #4642, #1588, #2478, #131 ) ) ;
#4594 = EDGE_LOOP ( 'NONE', ( #3958, #4747, #2909, #4364 ) ) ;
#4595 = FACE_OUTER_BOUND ( 'NONE', #2272, .T. ) ;
#4596 = LINE ( 'NONE', #3302, #1428 ) ;
#4597 =( CONVERSION_BASED_UNIT ( 'INCH', #404 ) LENGTH_UNIT ( ) NAMED_UNIT ( #4938 ) );
#4598 = FILL_AREA_STYLE_COLOUR ( '', #1154 ) ;
#4599 = DIRECTION ( 'NONE',  ( 1.000000000000000000, 0.000000000000000000, 0.000000000000000000 ) ) ;
#4600 = EDGE_CURVE ( 'NONE', #940, #1530, #3628, .T. ) ;
#4601 = SURFACE_SIDE_STYLE ('',( #5583 ) ) ;
#4602 = DIRECTION ( 'NONE',  ( -1.000000000000000000, 0.000000000000000000, -0.000000000000000000 ) ) ;
#4603 = CARTESIAN_POINT ( 'NONE',  ( 0.9685039370078740717, 0.1043641051433334827, -0.1085540197423983111 ) ) ;
#4604 =( LENGTH_UNIT ( ) NAMED_UNIT ( * ) SI_UNIT ( $, .METRE. ) );
#4605 = PRESENTATION_LAYER_ASSIGNMENT (  '', '', ( #1216 ) ) ;
#4606 =( NAMED_UNIT ( * ) SI_UNIT ( $, .STERADIAN. ) SOLID_ANGLE_UNIT ( ) );
#4607 = COLOUR_RGB ( '',0.8588235294117646523, 0.09803921568627450844, 0.09803921568627450844 ) ;
#4608 = DIRECTION ( 'NONE',  ( -0.05527866936377882900, -3.486142743012324712E-15, -0.9984709653832554155 ) ) ;
#4609 = PRESENTATION_STYLE_ASSIGNMENT (( #4095 ) ) ;
#4610 = ORIENTED_EDGE ( 'NONE', *, *, #1952, .F. ) ;
#4611 =( GEOMETRIC_REPRESENTATION_CONTEXT ( 3 ) GLOBAL_UNCERTAINTY_ASSIGNED_CONTEXT ( ( #4646 ) ) GLOBAL_UNIT_ASSIGNED_CONTEXT ( ( #1346, #3213, #3093 ) ) REPRESENTATION_CONTEXT ( 'NONE', 'WORKASPACE' ) );
#4612 =( CONVERSION_BASED_UNIT ( 'INCH', #3706 ) LENGTH_UNIT ( ) NAMED_UNIT ( #1646 ) );
#4613 = CARTESIAN_POINT ( 'NONE',  ( 0.5884414010956743324, 0.07874015748031495954, -0.07379977845660168345 ) ) ;
#4614 = VECTOR ( 'NONE', #4076, 39.37007874015748143 ) ;
#4615 = EDGE_LOOP ( 'NONE', ( #5781, #5259, #2158, #288 ) ) ;
#4616 = VERTEX_POINT ( 'NONE', #1343 ) ;
#4617 = VECTOR ( 'NONE', #1409, 39.37007874015748143 ) ;
#4618 = SURFACE_STYLE_USAGE ( .BOTH. , #2352 ) ;
#4619 = FILL_AREA_STYLE_COLOUR ( '', #1044 ) ;
#4620 = AXIS2_PLACEMENT_3D ( 'NONE', #128, #2962, #2995 ) ;
#4621 = ORIENTED_EDGE ( 'NONE', *, *, #44, .T. ) ;
#4622 = EDGE_LOOP ( 'NONE', ( #3040, #1493, #5052, #191, #2187, #3341, #3208, #2188, #1562, #2902 ) ) ;
#4623 =( NAMED_UNIT ( * ) SI_UNIT ( $, .STERADIAN. ) SOLID_ANGLE_UNIT ( ) );
#4624 = DIRECTION ( 'NONE',  ( 0.9999689738169860176, 0.000000000000000000, -0.007877271317152342509 ) ) ;
#4625 = PRESENTATION_LAYER_ASSIGNMENT (  '', '', ( #5503 ) ) ;
#4626 = CARTESIAN_POINT ( 'NONE',  ( 0.6565039370078741277, -0.1170000000000000207, -0.1039999999419981558 ) ) ;
#4627 = LENGTH_MEASURE_WITH_UNIT ( LENGTH_MEASURE( 0.02539999999999999897 ), #911 );
#4628 = SURFACE_STYLE_FILL_AREA ( #1736 ) ;
#4629 = PRESENTATION_LAYER_ASSIGNMENT (  '', '', ( #937 ) ) ;
#4630 = PLANE ( 'NONE',  #1271 ) ;
#4631 = EDGE_CURVE ( 'NONE', #1436, #1683, #3174, .T. ) ;
#4632 = LENGTH_MEASURE_WITH_UNIT ( LENGTH_MEASURE( 0.02539999999999999897 ), #4579 );
#4633 = APPLICATION_PROTOCOL_DEFINITION ( 'draft international standard', 'automotive_design', 1998, #4520 ) ;
#4634 = ORIENTED_EDGE ( 'NONE', *, *, #68, .F. ) ;
#4635 = AXIS2_PLACEMENT_3D ( 'NONE', #1459, #1957, #5710 ) ;
#4636 = EDGE_CURVE ( 'NONE', #1683, #4587, #1835, .T. ) ;
#4637 = UNCERTAINTY_MEASURE_WITH_UNIT (LENGTH_MEASURE( 1.000000000000000082E-05 ), #435, 'distance_accuracy_value', 'NONE');
#4638 = EDGE_CURVE ( 'NONE', #5454, #283, #3326, .T. ) ;
#4639 = CARTESIAN_POINT ( 'NONE',  ( 0.000000000000000000, 0.1555118110236229090, -5.429665861586793404E-16 ) ) ;
#4640 = VECTOR ( 'NONE', #3671, 39.37007874015748143 ) ;
#4641 = ORIENTED_EDGE ( 'NONE', *, *, #2975, .T. ) ;
#4642 = ORIENTED_EDGE ( 'NONE', *, *, #378, .F. ) ;
#4643 = AXIS2_PLACEMENT_3D ( 'NONE', #5518, #5944, #349 ) ;
#4644 =( NAMED_UNIT ( * ) SI_UNIT ( $, .STERADIAN. ) SOLID_ANGLE_UNIT ( ) );
#4645 = DIRECTION ( 'NONE',  ( -0.9995695637461119443, 0.000000000000000000, -0.02933747147263221500 ) ) ;
#4646 = UNCERTAINTY_MEASURE_WITH_UNIT (LENGTH_MEASURE( 1.000000000000000082E-05 ), #1346, 'distance_accuracy_value', 'NONE');
#4647 = DIMENSIONAL_EXPONENTS ( 1.000000000000000000, 0.000000000000000000, 0.000000000000000000, 0.000000000000000000, 0.000000000000000000, 0.000000000000000000, 0.000000000000000000 ) ;
#4648 =( NAMED_UNIT ( * ) SI_UNIT ( $, .STERADIAN. ) SOLID_ANGLE_UNIT ( ) );
#4649 = COLOUR_RGB ( '',0.8588235294117646523, 0.09803921568627450844, 0.09803921568627450844 ) ;
#4650 = ORIENTED_EDGE ( 'NONE', *, *, #4091, .T. ) ;
#4651 = ORIENTED_EDGE ( 'NONE', *, *, #1531, .T. ) ;
#4652 = LINE ( 'NONE', #4684, #4101 ) ;
#4653 = SURFACE_STYLE_FILL_AREA ( #1374 ) ;
#4654 = CARTESIAN_POINT ( 'NONE',  ( 0.9346926979544407654, 0.1177049337869389284, -0.001018821967556596307 ) ) ;
#4655 = SURFACE_STYLE_USAGE ( .BOTH. , #5081 ) ;
#4656 = DIRECTION ( 'NONE',  ( 0.000000000000000000, -1.000000000000000000, 1.756682000989173806E-15 ) ) ;
#4657 = VECTOR ( 'NONE', #2219, 39.37007874015748143 ) ;
#4658 = CARTESIAN_POINT ( 'NONE',  ( 0.9685039370078740717, 0.1180000000000000354, -0.1210000000000000103 ) ) ;
#4659 = CARTESIAN_POINT ( 'NONE',  ( 0.4738117109268476512, -0.09547244094488185895, -0.08451877346889291598 ) ) ;
#4660 = LINE ( 'NONE', #5113, #4564 ) ;
#4661 = LINE ( 'NONE', #5616, #4118 ) ;
#4662 = CARTESIAN_POINT ( 'NONE',  ( 0.9585912023628577749, -0.1471463123352182989, 0.01242408676217784252 ) ) ;
#4663 = SURFACE_STYLE_FILL_AREA ( #919 ) ;
#4664 = DIMENSIONAL_EXPONENTS ( 1.000000000000000000, 0.000000000000000000, 0.000000000000000000, 0.000000000000000000, 0.000000000000000000, 0.000000000000000000, 0.000000000000000000 ) ;
#4665 = PRESENTATION_STYLE_ASSIGNMENT (( #3792 ) ) ;
#4666 = AXIS2_PLACEMENT_3D ( 'NONE', #5933, #3685, #867 ) ;
#4667 = PRESENTATION_LAYER_ASSIGNMENT (  '', '', ( #2350 ) ) ;
#4668 = EDGE_CURVE ( 'NONE', #1341, #271, #5023, .T. ) ;
#4669 = ORIENTED_EDGE ( 'NONE', *, *, #4751, .F. ) ;
#4670 = CARTESIAN_POINT ( 'NONE',  ( 0.9644083931165462475, -0.1470955464805972779, 0.01569625656112763612 ) ) ;
#4671 = MECHANICAL_DESIGN_GEOMETRIC_PRESENTATION_REPRESENTATION (  '', ( #3130 ), #4767 ) ;
#4672 = DIRECTION ( 'NONE',  ( 0.000000000000000000, 1.000000000000000000, 0.000000000000000000 ) ) ;
#4673 = LINE ( 'NONE', #505, #1733 ) ;
#4674 = PLANE ( 'NONE',  #4635 ) ;
#4675 = FILL_AREA_STYLE ('',( #545 ) ) ;
#4676 = PRESENTATION_LAYER_ASSIGNMENT (  '', '', ( #1085 ) ) ;
#4677 = EDGE_LOOP ( 'NONE', ( #2457, #2268, #983, #1753 ) ) ;
#4678 = FILL_AREA_STYLE_COLOUR ( '', #4997 ) ;
#4679 = ADVANCED_FACE ( 'NONE', ( #2773 ), #486, .T. ) ;
#4680 =( NAMED_UNIT ( * ) SI_UNIT ( $, .STERADIAN. ) SOLID_ANGLE_UNIT ( ) );
#4681 = CARTESIAN_POINT ( 'NONE',  ( 0.9685039370078740717, -0.1371466931045766113, 0.000000000000000000 ) ) ;
#4682 = ORIENTED_EDGE ( 'NONE', *, *, #2716, .T. ) ;
#4683 = VERTEX_POINT ( 'NONE', #1064 ) ;
#4684 = CARTESIAN_POINT ( 'NONE',  ( 0.9394763276565629706, 0.08353543307086615244, -0.007400739545692217036 ) ) ;
#4685 = DIRECTION ( 'NONE',  ( 0.8715503265321603577, 0.007605904472638831855, 0.4902470586743359338 ) ) ;
#4686 = DIRECTION ( 'NONE',  ( 0.000000000000000000, 1.000000000000000000, 0.000000000000000000 ) ) ;
#4687 = SURFACE_STYLE_FILL_AREA ( #5141 ) ;
#4688 = SURFACE_SIDE_STYLE ('',( #1410 ) ) ;
#4689 = MECHANICAL_DESIGN_GEOMETRIC_PRESENTATION_REPRESENTATION (  '', ( #5389 ), #1705 ) ;
#4690 =( LENGTH_UNIT ( ) NAMED_UNIT ( * ) SI_UNIT ( $, .METRE. ) );
#4691 = CYLINDRICAL_SURFACE ( 'NONE', #2772, 0.01000000000000002970 ) ;
#4692 = PRESENTATION_LAYER_ASSIGNMENT (  '', '', ( #1303 ) ) ;
#4693 = PLANE ( 'NONE',  #4877 ) ;
#4694 = ORIENTED_EDGE ( 'NONE', *, *, #3584, .F. ) ;
#4695 = FILL_AREA_STYLE_COLOUR ( '', #1684 ) ;
#4696 = CARTESIAN_POINT ( 'NONE',  ( 0.01448801531027361748, 0.1553853760294569841, -0.1061978953461445441 ) ) ;
#4697 = STYLED_ITEM ( 'NONE', ( #3855 ), #562 ) ;
#4698 = CARTESIAN_POINT ( 'NONE',  ( 0.9685039370078740717, 0.000000000000000000, -0.01817000752958475990 ) ) ;
#4699 =( CONVERSION_BASED_UNIT ( 'INCH', #4308 ) LENGTH_UNIT ( ) NAMED_UNIT ( #5216 ) );
#4700 =( NAMED_UNIT ( * ) SI_UNIT ( $, .STERADIAN. ) SOLID_ANGLE_UNIT ( ) );
#4701 = MECHANICAL_DESIGN_GEOMETRIC_PRESENTATION_REPRESENTATION (  '', ( #1311 ), #2115 ) ;
#4702 = ORIENTED_EDGE ( 'NONE', *, *, #146, .T. ) ;
#4703 = SURFACE_STYLE_FILL_AREA ( #2861 ) ;
#4704 = MECHANICAL_DESIGN_GEOMETRIC_PRESENTATION_REPRESENTATION (  '', ( #5305 ), #2301 ) ;
#4705 = ADVANCED_FACE ( 'NONE', ( #5827 ), #4885, .F. ) ;
#4706 = UNCERTAINTY_MEASURE_WITH_UNIT (LENGTH_MEASURE( 1.000000000000000082E-05 ), #1953, 'distance_accuracy_value', 'NONE');
#4707 = LINE ( 'NONE', #1995, #4535 ) ;
#4708 = ADVANCED_FACE ( 'NONE', ( #1172 ), #691, .F. ) ;
#4709 = ORIENTED_EDGE ( 'NONE', *, *, #773, .F. ) ;
#4710 =( GEOMETRIC_REPRESENTATION_CONTEXT ( 3 ) GLOBAL_UNCERTAINTY_ASSIGNED_CONTEXT ( ( #1625 ) ) GLOBAL_UNIT_ASSIGNED_CONTEXT ( ( #4849, #3850, #713 ) ) REPRESENTATION_CONTEXT ( 'NONE', 'WORKASPACE' ) );
#4711 = ORIENTED_EDGE ( 'NONE', *, *, #4834, .T. ) ;
#4712 = LINE ( 'NONE', #2450, #5364 ) ;
#4713 = LINE ( 'NONE', #5137, #2973 ) ;
#4714 =( NAMED_UNIT ( * ) SI_UNIT ( $, .STERADIAN. ) SOLID_ANGLE_UNIT ( ) );
#4715 =( BOUNDED_CURVE ( )  B_SPLINE_CURVE ( 3, ( #1098, #2000, #1899, #3844 ),
 .UNSPECIFIED., .F., .T. ) 
 B_SPLINE_CURVE_WITH_KNOTS ( ( 4, 4 ),
 ( 5.819644307104032244, 7.390288334854032470 ),
 .UNSPECIFIED. ) 
 CURVE ( )  GEOMETRIC_REPRESENTATION_ITEM ( )  RATIONAL_B_SPLINE_CURVE ( ( 1.000000000000000000, 0.8047737499866900457, 0.8047737499866900457, 1.000000000000000000 ) ) 
 REPRESENTATION_ITEM ( '' )  );
#4716 = CARTESIAN_POINT ( 'NONE',  ( 0.6262433899472844567, -0.1425929623589345385, -0.1500466677547142025 ) ) ;
#4717 = VECTOR ( 'NONE', #4591, 39.37007874015748854 ) ;
#4718 = ADVANCED_FACE ( 'NONE', ( #4209 ), #854, .T. ) ;
#4719 = ORIENTED_EDGE ( 'NONE', *, *, #5461, .T. ) ;
#4720 = MECHANICAL_DESIGN_GEOMETRIC_PRESENTATION_REPRESENTATION (  '', ( #555 ), #1421 ) ;
#4721 =( CONVERSION_BASED_UNIT ( 'INCH', #1976 ) LENGTH_UNIT ( ) NAMED_UNIT ( #2978 ) );
#4722 = CARTESIAN_POINT ( 'NONE',  ( 0.5265119078539792774, -0.07874015748031493178, 0.1328689200955810723 ) ) ;
#4723 = DIRECTION ( 'NONE',  ( -1.000000000000000000, 0.000000000000000000, -0.000000000000000000 ) ) ;
#4724 =( LENGTH_UNIT ( ) NAMED_UNIT ( * ) SI_UNIT ( $, .METRE. ) );
#4725 = COLOUR_RGB ( '',0.8588235294117646523, 0.09803921568627450844, 0.09803921568627450844 ) ;
#4726 = CARTESIAN_POINT ( 'NONE',  ( 0.9685039370078740717, 0.1043641051433335104, -0.01817000752958475990 ) ) ;
#4727 = LENGTH_MEASURE_WITH_UNIT ( LENGTH_MEASURE( 0.02539999999999999897 ), #5621 );
#4728 = ORIENTED_EDGE ( 'NONE', *, *, #3166, .T. ) ;
#4729 =( CONVERSION_BASED_UNIT ( 'INCH', #1613 ) LENGTH_UNIT ( ) NAMED_UNIT ( #508 ) );
#4730 = CARTESIAN_POINT ( 'NONE',  ( 0.6161417322834645827, 0.08353543307086616632, 0.000000000000000000 ) ) ;
#4731 = DIRECTION ( 'NONE',  ( -0.000000000000000000, -0.000000000000000000, 1.000000000000000000 ) ) ;
#4732 = CARTESIAN_POINT ( 'NONE',  ( 0.4879999999999999338, -0.1555118110236234918, 0.08000000000000000167 ) ) ;
#4733 =( GEOMETRIC_REPRESENTATION_CONTEXT ( 3 ) GLOBAL_UNCERTAINTY_ASSIGNED_CONTEXT ( ( #4157 ) ) GLOBAL_UNIT_ASSIGNED_CONTEXT ( ( #4699, #2855, #608 ) ) REPRESENTATION_CONTEXT ( 'NONE', 'WORKASPACE' ) );
#4734 = ORIENTED_EDGE ( 'NONE', *, *, #2941, .T. ) ;
#4735 = FILL_AREA_STYLE_COLOUR ( '', #622 ) ;
#4736 = DIRECTION ( 'NONE',  ( 0.9999619230641711987, 0.008726535498373953759, 0.000000000000000000 ) ) ;
#4737 = VECTOR ( 'NONE', #1328, 39.37007874015748143 ) ;
#4738 = CARTESIAN_POINT ( 'NONE',  ( 0.3474196816907006435, 0.09547244094488190058, -0.07247357983688917926 ) ) ;
#4739 = LINE ( 'NONE', #1527, #1539 ) ;
#4740 = VERTEX_POINT ( 'NONE', #5946 ) ;
#4741 = ORIENTED_EDGE ( 'NONE', *, *, #1263, .F. ) ;
#4742 = DIMENSIONAL_EXPONENTS ( 1.000000000000000000, 0.000000000000000000, 0.000000000000000000, 0.000000000000000000, 0.000000000000000000, 0.000000000000000000, 0.000000000000000000 ) ;
#4743 = EDGE_CURVE ( 'NONE', #4400, #5704, #1381, .T. ) ;
#4744 = DIRECTION ( 'NONE',  ( 0.000000000000000000, 7.913884470697119594E-17, 1.000000000000000000 ) ) ;
#4745 = CARTESIAN_POINT ( 'NONE',  ( 0.5282606005958296880, 0.1509017506031535838, -0.1555118110236238804 ) ) ;
#4746 = VECTOR ( 'NONE', #3042, 39.37007874015748143 ) ;
#4747 = ORIENTED_EDGE ( 'NONE', *, *, #3539, .F. ) ;
#4748 = EDGE_CURVE ( 'NONE', #4268, #3481, #5088, .T. ) ;
#4749 = PLANE ( 'NONE',  #1176 ) ;
#4750 =( NAMED_UNIT ( * ) PLANE_ANGLE_UNIT ( ) SI_UNIT ( $, .RADIAN. ) );
#4751 = EDGE_CURVE ( 'NONE', #1500, #3292, #1909, .T. ) ;
#4752 = LENGTH_MEASURE_WITH_UNIT ( LENGTH_MEASURE( 0.02539999999999999897 ), #5348 );
#4753 = VECTOR ( 'NONE', #2969, 39.37007874015748143 ) ;
#4754 = FILL_AREA_STYLE_COLOUR ( '', #3776 ) ;
#4755 = PRESENTATION_LAYER_ASSIGNMENT (  '', '', ( #9 ) ) ;
#4756 = ORIENTED_EDGE ( 'NONE', *, *, #3305, .T. ) ;
#4757 =( NAMED_UNIT ( * ) SI_UNIT ( $, .STERADIAN. ) SOLID_ANGLE_UNIT ( ) );
#4758 = CARTESIAN_POINT ( 'NONE',  ( 0.6565039370078741277, -0.1152772172492832203, -5.463695987328526437E-16 ) ) ;
#4759 = FACE_OUTER_BOUND ( 'NONE', #1034, .T. ) ;
#4760 =( NAMED_UNIT ( * ) PLANE_ANGLE_UNIT ( ) SI_UNIT ( $, .RADIAN. ) );
#4761 = AXIS2_PLACEMENT_3D ( 'NONE', #2391, #3693, #1440 ) ;
#4762 = DIRECTION ( 'NONE',  ( 0.000000000000000000, 1.000000000000000000, 0.000000000000000000 ) ) ;
#4763 = DIRECTION ( 'NONE',  ( 0.000000000000000000, 1.000000000000000000, 0.000000000000000000 ) ) ;
#4764 = FILL_AREA_STYLE_COLOUR ( '', #4800 ) ;
#4765 = VERTEX_POINT ( 'NONE', #4149 ) ;
#4766 = FACE_OUTER_BOUND ( 'NONE', #932, .T. ) ;
#4767 =( GEOMETRIC_REPRESENTATION_CONTEXT ( 3 ) GLOBAL_UNCERTAINTY_ASSIGNED_CONTEXT ( ( #2763 ) ) GLOBAL_UNIT_ASSIGNED_CONTEXT ( ( #3224, #3553, #321 ) ) REPRESENTATION_CONTEXT ( 'NONE', 'WORKASPACE' ) );
#4768 = CARTESIAN_POINT ( 'NONE',  ( 0.000000000000000000, -0.1555118110236234918, -0.1082677165354330728 ) ) ;
#4769 = CARTESIAN_POINT ( 'NONE',  ( 0.5281035550837963610, 0.1524339136731840960, -0.07776243293653771482 ) ) ;
#4770 = LENGTH_MEASURE_WITH_UNIT ( LENGTH_MEASURE( 0.02539999999999999897 ), #5850 );
#4771 =( NAMED_UNIT ( * ) PLANE_ANGLE_UNIT ( ) SI_UNIT ( $, .RADIAN. ) );
#4772 = UNCERTAINTY_MEASURE_WITH_UNIT (LENGTH_MEASURE( 1.000000000000000082E-05 ), #2811, 'distance_accuracy_value', 'NONE');
#4773 = CARTESIAN_POINT ( 'NONE',  ( 0.4879999999999999338, -0.06392468245269397609, -0.1462307221103780752 ) ) ;
#4774 = VECTOR ( 'NONE', #4280, 39.37007874015748143 ) ;
#4775 = VERTEX_POINT ( 'NONE', #3759 ) ;
#4776 = ORIENTED_EDGE ( 'NONE', *, *, #2792, .T. ) ;
#4777 =( NAMED_UNIT ( * ) PLANE_ANGLE_UNIT ( ) SI_UNIT ( $, .RADIAN. ) );
#4778 = DIRECTION ( 'NONE',  ( 0.000000000000000000, 0.000000000000000000, -1.000000000000000000 ) ) ;
#4779 =( CONVERSION_BASED_UNIT ( 'INCH', #103 ) LENGTH_UNIT ( ) NAMED_UNIT ( #2892 ) );
#4780 = CARTESIAN_POINT ( 'NONE',  ( 0.6161417322834645827, -0.07690905344307663594, 1.334159405228599333E-17 ) ) ;
#4781 = PRESENTATION_LAYER_ASSIGNMENT (  '', '', ( #889 ) ) ;
#4782 = VERTEX_POINT ( 'NONE', #1820 ) ;
#4783 = PRODUCT_DEFINITION ( 'UNKNOWN', '', #884, #2411 ) ;
#4784 = CARTESIAN_POINT ( 'NONE',  ( 0.4888052543830392893, 0.09374015748031497286, -0.08407871139680346551 ) ) ;
#4785 = SURFACE_STYLE_FILL_AREA ( #5179 ) ;
#4786 = CARTESIAN_POINT ( 'NONE',  ( 0.4557098368097084462, 0.1555118110236222706, -0.05950000000000054551 ) ) ;
#4787 = SURFACE_STYLE_FILL_AREA ( #569 ) ;
#4788 = SURFACE_STYLE_USAGE ( .BOTH. , #2612 ) ;
#4790 = EDGE_CURVE ( 'NONE', #2768, #584, #4660, .T. ) ;
#4789 = DIMENSIONAL_EXPONENTS ( 1.000000000000000000, 0.000000000000000000, 0.000000000000000000, 0.000000000000000000, 0.000000000000000000, 0.000000000000000000, 0.000000000000000000 ) ;
#4791 = ADVANCED_FACE ( 'NONE', ( #833 ), #4630, .F. ) ;
#4792 = STYLED_ITEM ( 'NONE', ( #3076 ), #106 ) ;
#4793 = ORIENTED_EDGE ( 'NONE', *, *, #2465, .T. ) ;
#4794 = LINE ( 'NONE', #5736, #1480 ) ;
#4795 = CARTESIAN_POINT ( 'NONE',  ( 0.9685039370078740717, -0.1429641053674985396, 0.01799999999999949210 ) ) ;
#4796 = SURFACE_STYLE_FILL_AREA ( #57 ) ;
#4797 = COLOUR_RGB ( '',0.8588235294117646523, 0.09803921568627450844, 0.09803921568627450844 ) ;
#4798 = DIRECTION ( 'NONE',  ( -0.9995695637461118332, -0.000000000000000000, -0.02933747147263227745 ) ) ;
#4799 = ORIENTED_EDGE ( 'NONE', *, *, #475, .F. ) ;
#4800 = COLOUR_RGB ( '',1.000000000000000000, 0.9490196078431372140, 0.9098039215686274384 ) ;
#4801 = MECHANICAL_DESIGN_GEOMETRIC_PRESENTATION_REPRESENTATION (  '', ( #2381 ), #4905 ) ;
#4802 = EDGE_LOOP ( 'NONE', ( #72, #3011, #5911, #3765 ) ) ;
#4803 = DIRECTION ( 'NONE',  ( 0.000000000000000000, -0.000000000000000000, -1.000000000000000000 ) ) ;
#4804 = LINE ( 'NONE', #3415, #3097 ) ;
#4805 = VECTOR ( 'NONE', #3379, 39.37007874015748143 ) ;
#4806 = VECTOR ( 'NONE', #4685, 39.37007874015748854 ) ;
#4807 = CARTESIAN_POINT ( 'NONE',  ( 0.6565039370078741277, 0.1152772172492832897, 0.1082775980186415632 ) ) ;
#4808 = ORIENTED_EDGE ( 'NONE', *, *, #5623, .F. ) ;
#4809 = ORIENTED_EDGE ( 'NONE', *, *, #2576, .F. ) ;
#4810 = COLOUR_RGB ( '',0.8588235294117646523, 0.09803921568627450844, 0.09803921568627450844 ) ;
#4811 = CARTESIAN_POINT ( 'NONE',  ( 0.000000000000000000, -0.1455121917929817765, -0.1555118110236207718 ) ) ;
#4812 = FACE_OUTER_BOUND ( 'NONE', #3645, .T. ) ;
#4813 = SURFACE_STYLE_USAGE ( .BOTH. , #4417 ) ;
#4814 = ORIENTED_EDGE ( 'NONE', *, *, #3829, .T. ) ;
#4815 = PRESENTATION_STYLE_ASSIGNMENT (( #1073 ) ) ;
#4816 = FILL_AREA_STYLE_COLOUR ( '', #5369 ) ;
#4817 =( NAMED_UNIT ( * ) PLANE_ANGLE_UNIT ( ) SI_UNIT ( $, .RADIAN. ) );
#4818 =( NAMED_UNIT ( * ) SI_UNIT ( $, .STERADIAN. ) SOLID_ANGLE_UNIT ( ) );
#4819 = AXIS2_PLACEMENT_3D ( 'NONE', #3150, #2249, #5768 ) ;
#4820 = ORIENTED_EDGE ( 'NONE', *, *, #222, .F. ) ;
#4821 = CARTESIAN_POINT ( 'NONE',  ( 0.4881889763779527769, -0.06102596364055146161, -0.1512514503698644819 ) ) ;
#4822 = CARTESIAN_POINT ( 'NONE',  ( 0.6465912023628577199, -0.1498690950859350723, 0.1555118110236229645 ) ) ;
#4823 = LINE ( 'NONE', #204, #291 ) ;
#4824 =( CONVERSION_BASED_UNIT ( 'INCH', #2985 ) LENGTH_UNIT ( ) NAMED_UNIT ( #3196 ) );
#4825 = ADVANCED_FACE ( 'NONE', ( #1009 ), #3427, .T. ) ;
#4826 = COLOUR_RGB ( '',0.8588235294117646523, 0.09803921568627450844, 0.09803921568627450844 ) ;
#4827 = DIRECTION ( 'NONE',  ( 0.000000000000000000, 0.000000000000000000, -1.000000000000000000 ) ) ;
#4828 = ORIENTED_EDGE ( 'NONE', *, *, #4155, .T. ) ;
#4829 = VECTOR ( 'NONE', #1063, 39.37007874015748854 ) ;
#4830 = CARTESIAN_POINT ( 'NONE',  ( -0.0001745174200432960266, -0.1455129532302180395, 0.1455129532302174566 ) ) ;
#4831 = LINE ( 'NONE', #5079, #2206 ) ;
#4832 = FACE_OUTER_BOUND ( 'NONE', #3409, .T. ) ;
#4833 = FILL_AREA_STYLE ('',( #1128 ) ) ;
#4834 = EDGE_CURVE ( 'NONE', #836, #4765, #2910, .T. ) ;
#4835 = SURFACE_STYLE_USAGE ( .BOTH. , #2093 ) ;
#4836 = UNCERTAINTY_MEASURE_WITH_UNIT (LENGTH_MEASURE( 1.000000000000000082E-05 ), #2160, 'distance_accuracy_value', 'NONE');
#4837 = CARTESIAN_POINT ( 'NONE',  ( 0.8780243864950660893, -0.07874015748031494566, 0.01297546938129650641 ) ) ;
#4838 = STYLED_ITEM ( 'NONE', ( #2793 ), #3352 ) ;
#4839 = B_SPLINE_CURVE_WITH_KNOTS ( 'NONE', 3,
 ( #2875, #4716, #563, #4114, #4173, #1817 ),
 .UNSPECIFIED., .F., .F.,
 ( 4, 2, 4 ),
 ( 4.336808689942017736E-19, 0.0002013107724422092174, 0.0004026215448844180011 ),
 .UNSPECIFIED. ) ;
#4840 = CARTESIAN_POINT ( 'NONE',  ( 0.4840000000000000413, 0.1745118110236222320, -0.07046965511460344389 ) ) ;
#4841 = PLANE ( 'NONE',  #5628 ) ;
#4842 = ORIENTED_EDGE ( 'NONE', *, *, #309, .F. ) ;
#4843 = ORIENTED_EDGE ( 'NONE', *, *, #958, .F. ) ;
#4844 =( GEOMETRIC_REPRESENTATION_CONTEXT ( 3 ) GLOBAL_UNCERTAINTY_ASSIGNED_CONTEXT ( ( #1857 ) ) GLOBAL_UNIT_ASSIGNED_CONTEXT ( ( #2613, #3009, #661 ) ) REPRESENTATION_CONTEXT ( 'NONE', 'WORKASPACE' ) );
#4845 = SURFACE_STYLE_USAGE ( .BOTH. , #3453 ) ;
#4846 = SURFACE_STYLE_USAGE ( .BOTH. , #2838 ) ;
#4847 = DIRECTION ( 'NONE',  ( 0.9999619230641711987, 0.000000000000000000, -0.008726535498373953759 ) ) ;
#4848 = DIRECTION ( 'NONE',  ( -1.000000000000000000, 5.288791085295143656E-17, 0.000000000000000000 ) ) ;
#4849 =( CONVERSION_BASED_UNIT ( 'INCH', #2134 ) LENGTH_UNIT ( ) NAMED_UNIT ( #1804 ) );
#4850 = VECTOR ( 'NONE', #2464, 39.37007874015748143 ) ;
#4851 = ORIENTED_EDGE ( 'NONE', *, *, #636, .F. ) ;
#4852 = AXIS2_PLACEMENT_3D ( 'NONE', #975, #71, #3937 ) ;
#4853 = SURFACE_SIDE_STYLE ('',( #1542 ) ) ;
#4854 = SURFACE_SIDE_STYLE ('',( #322 ) ) ;
#4855 = VERTEX_POINT ( 'NONE', #978 ) ;
#4856 =( NAMED_UNIT ( * ) SI_UNIT ( $, .STERADIAN. ) SOLID_ANGLE_UNIT ( ) );
#4857 = CARTESIAN_POINT ( 'NONE',  ( 0.5303396793241390572, 0.1408839875273233400, -0.1508836067579656104 ) ) ;
#4858 =( CONVERSION_BASED_UNIT ( 'INCH', #3466 ) LENGTH_UNIT ( ) NAMED_UNIT ( #703 ) );
#4859 = FILL_AREA_STYLE_COLOUR ( '', #6005 ) ;
#4860 = SURFACE_STYLE_USAGE ( .BOTH. , #3016 ) ;
#4861 = EDGE_CURVE ( 'NONE', #2014, #3995, #624, .T. ) ;
#4862 = EDGE_LOOP ( 'NONE', ( #2628, #4442, #4621, #2005, #961, #5742, #1776, #4160, #4018, #520, #1272, #3970 ) ) ;
#4863 = CARTESIAN_POINT ( 'NONE',  ( 0.6275315615141009440, -0.1489126832016021140, 0.1453340064392739661 ) ) ;
#4864 = SURFACE_SIDE_STYLE ('',( #3504 ) ) ;
#4865 = STYLED_ITEM ( 'NONE', ( #4815 ), #4825 ) ;
#4866 = PRESENTATION_STYLE_ASSIGNMENT (( #3475 ) ) ;
#4867 = CARTESIAN_POINT ( 'NONE',  ( 0.9685039370078740717, 0.000000000000000000, 0.000000000000000000 ) ) ;
#4868 = PLANE ( 'NONE',  #1643 ) ;
#4869 = CARTESIAN_POINT ( 'NONE',  ( 0.6565039370078741277, 0.000000000000000000, -0.1398694758552906370 ) ) ;
#4870 = MECHANICAL_DESIGN_GEOMETRIC_PRESENTATION_REPRESENTATION (  '', ( #1673 ), #2935 ) ;
#4871 = VECTOR ( 'NONE', #3037, 39.37007874015748854 ) ;
#4872 = ORIENTED_EDGE ( 'NONE', *, *, #646, .F. ) ;
#4873 = EDGE_CURVE ( 'NONE', #2565, #5720, #1475, .T. ) ;
#4874 = ORIENTED_EDGE ( 'NONE', *, *, #2471, .F. ) ;
#4875 = B_SPLINE_CURVE_WITH_KNOTS ( 'NONE', 3,
 ( #3978, #1605, #3518, #5277, #2575, #1104 ),
 .UNSPECIFIED., .F., .F.,
 ( 4, 2, 4 ),
 ( 4.336808689942017736E-19, 0.0002011110737639376319, 0.0004022221475278748301 ),
 .UNSPECIFIED. ) ;
#4876 = CARTESIAN_POINT ( 'NONE',  ( 0.4883432469582734137, 0.09374015748031497286, -0.06833745842442373597 ) ) ;
#4877 = AXIS2_PLACEMENT_3D ( 'NONE', #2851, #4277, #3861 ) ;
#4878 = CARTESIAN_POINT ( 'NONE',  ( 0.5323794021485056538, 0.07874015748031498729, -0.06704499265364122218 ) ) ;
#4879 = ORIENTED_EDGE ( 'NONE', *, *, #1765, .F. ) ;
#4880 = CIRCLE ( 'NONE', #4188, 0.01499999999999997863 ) ;
#4881 = DIRECTION ( 'NONE',  ( -0.02933747147263221153, 0.000000000000000000, 0.9995695637461118332 ) ) ;
#4882 = LINE ( 'NONE', #2168, #205 ) ;
#4883 = SPHERICAL_SURFACE ( 'NONE', #4286, 0.01000000000000000021 ) ;
#4884 = EDGE_LOOP ( 'NONE', ( #1833, #5019, #5371, #2932, #5989, #643, #4888, #5555 ) ) ;
#4885 = PLANE ( 'NONE',  #3696 ) ;
#4886 = COLOUR_RGB ( '',0.8588235294117646523, 0.09803921568627450844, 0.09803921568627450844 ) ;
#4887 = CARTESIAN_POINT ( 'NONE',  ( 0.4881889763779527769, -0.1512514503698672297, -0.06102596364055029587 ) ) ;
#4888 = ORIENTED_EDGE ( 'NONE', *, *, #4222, .T. ) ;
#4889 = DIRECTION ( 'NONE',  ( -0.000000000000000000, 1.000000000000000000, -1.707470011266209428E-15 ) ) ;
#4890 = VECTOR ( 'NONE', #5868, 39.37007874015748143 ) ;
#4891 = SURFACE_STYLE_FILL_AREA ( #4833 ) ;
#4892 = CARTESIAN_POINT ( 'NONE',  ( 0.6276428471321302549, 0.1500344548768826891, -0.1400348356462415289 ) ) ;
#4893 = CARTESIAN_POINT ( 'NONE',  ( 0.6565039370078741277, 0.1170000000000000068, -0.1039999999419981280 ) ) ;
#4894 = UNCERTAINTY_MEASURE_WITH_UNIT (LENGTH_MEASURE( 1.000000000000000082E-05 ), #3977, 'distance_accuracy_value', 'NONE');
#4895 = DIMENSIONAL_EXPONENTS ( 1.000000000000000000, 0.000000000000000000, 0.000000000000000000, 0.000000000000000000, 0.000000000000000000, 0.000000000000000000, 0.000000000000000000 ) ;
#4896 = PRODUCT_RELATED_PRODUCT_CATEGORY ( 'part', '', ( #2845 ) ) ;
#4897 = CARTESIAN_POINT ( 'NONE',  ( 0.5839210001291272878, 0.07874015748031495954, -0.05871447199293869379 ) ) ;
#4898 = COLOUR_RGB ( '',0.8588235294117646523, 0.09803921568627450844, 0.09803921568627450844 ) ;
#4899 = COLOUR_RGB ( '',1.000000000000000000, 0.9490196078431372140, 0.9098039215686274384 ) ;
#4900 = ORIENTED_EDGE ( 'NONE', *, *, #1342, .T. ) ;
#4901 = VERTEX_POINT ( 'NONE', #3395 ) ;
#4902 = EDGE_CURVE ( 'NONE', #3484, #904, #5646, .T. ) ;
#4903 = COLOUR_RGB ( '',0.8588235294117646523, 0.09803921568627450844, 0.09803921568627450844 ) ;
#4904 = DIRECTION ( 'NONE',  ( 4.674918761062074908E-19, 3.491481338843132961E-15, 1.000000000000000000 ) ) ;
#4905 =( GEOMETRIC_REPRESENTATION_CONTEXT ( 3 ) GLOBAL_UNCERTAINTY_ASSIGNED_CONTEXT ( ( #2774 ) ) GLOBAL_UNIT_ASSIGNED_CONTEXT ( ( #1848, #351, #4116 ) ) REPRESENTATION_CONTEXT ( 'NONE', 'WORKASPACE' ) );
#4906 = SURFACE_SIDE_STYLE ('',( #4054 ) ) ;
#4907 = EDGE_CURVE ( 'NONE', #4855, #5167, #531, .T. ) ;
#4908 = DIRECTION ( 'NONE',  ( -0.02933747147263220806, 0.000000000000000000, 0.9995695637461119443 ) ) ;
#4909 = ORIENTED_EDGE ( 'NONE', *, *, #1828, .T. ) ;
#4910 =( GEOMETRIC_REPRESENTATION_CONTEXT ( 3 ) GLOBAL_UNCERTAINTY_ASSIGNED_CONTEXT ( ( #160 ) ) GLOBAL_UNIT_ASSIGNED_CONTEXT ( ( #3275, #2815, #4422 ) ) REPRESENTATION_CONTEXT ( 'NONE', 'WORKASPACE' ) );
#4911 = SURFACE_STYLE_FILL_AREA ( #827 ) ;
#4912 = CARTESIAN_POINT ( 'NONE',  ( 0.9685039370078739607, -0.1138581144771439735, 0.1210000000000000103 ) ) ;
#4913 = EDGE_CURVE ( 'NONE', #584, #3387, #4959, .T. ) ;
#4914 = ADVANCED_FACE ( 'NONE', ( #3335 ), #4749, .F. ) ;
#4915 = MECHANICAL_DESIGN_GEOMETRIC_PRESENTATION_REPRESENTATION (  '', ( #1907 ), #1813 ) ;
#4916 = STYLED_ITEM ( 'NONE', ( #4534 ), #1041 ) ;
#4917 = EDGE_LOOP ( 'NONE', ( #2818, #2886, #5169, #5961, #2294 ) ) ;
#4918 = LINE ( 'NONE', #1707, #2488 ) ;
#4919 = CARTESIAN_POINT ( 'NONE',  ( 0.9685039388418237305, -0.1101815157121912858, -0.1085037664086343362 ) ) ;
#4920 = CARTESIAN_POINT ( 'NONE',  ( 0.4666794919243111850, -0.07046965511460284715, 0.1745118110236225095 ) ) ;
#4921 =( GEOMETRIC_REPRESENTATION_CONTEXT ( 3 ) GLOBAL_UNCERTAINTY_ASSIGNED_CONTEXT ( ( #2353 ) ) GLOBAL_UNIT_ASSIGNED_CONTEXT ( ( #1129, #2927, #3838 ) ) REPRESENTATION_CONTEXT ( 'NONE', 'WORKASPACE' ) );
#4922 = CYLINDRICAL_SURFACE ( 'NONE', #3822, 0.01000000000000000194 ) ;
#4923 = VERTEX_POINT ( 'NONE', #1166 ) ;
#4924 =( CONVERSION_BASED_UNIT ( 'INCH', #1714 ) LENGTH_UNIT ( ) NAMED_UNIT ( #1042 ) );
#4925 = CARTESIAN_POINT ( 'NONE',  ( 0.4738117109268476512, -0.09547244094488185895, -0.08451877346889291598 ) ) ;
#4926 = PLANE ( 'NONE',  #5744 ) ;
#4927 = LINE ( 'NONE', #5776, #4219 ) ;
#4928 = PRESENTATION_STYLE_ASSIGNMENT (( #1276 ) ) ;
#4929 = CARTESIAN_POINT ( 'NONE',  ( 0.000000000000000000, 0.1745118110236222320, -0.07046965511460344389 ) ) ;
#4930 = CARTESIAN_POINT ( 'NONE',  ( 0.4879999999999999338, 0.08000000000000054290, -0.1555118110236232143 ) ) ;
#4931 = ORIENTED_EDGE ( 'NONE', *, *, #820, .T. ) ;
#4932 = ORIENTED_EDGE ( 'NONE', *, *, #5986, .T. ) ;
#4933 = FILL_AREA_STYLE ('',( #3998 ) ) ;
#4934 = COLOUR_RGB ( '',0.8588235294117646523, 0.09803921568627450844, 0.09803921568627450844 ) ;
#4935 = PLANE ( 'NONE',  #3423 ) ;
#4936 = CARTESIAN_POINT ( 'NONE',  ( 0.9692488885175383206, 0.1142707161559479295, -0.01860351858997180696 ) ) ;
#4937 = CARTESIAN_POINT ( 'NONE',  ( 0.6253892509847909231, -0.1400545024818758699, -0.1500541217125148374 ) ) ;
#4938 = DIMENSIONAL_EXPONENTS ( 1.000000000000000000, 0.000000000000000000, 0.000000000000000000, 0.000000000000000000, 0.000000000000000000, 0.000000000000000000, 0.000000000000000000 ) ;
#4939 = ORIENTED_EDGE ( 'NONE', *, *, #1787, .F. ) ;
#4940 = AXIS2_PLACEMENT_3D ( 'NONE', #640, #2500, #4339 ) ;
#4941 =( CONVERSION_BASED_UNIT ( 'INCH', #1815 ) LENGTH_UNIT ( ) NAMED_UNIT ( #2807 ) );
#4942 = CARTESIAN_POINT ( 'NONE',  ( 0.000000000000000000, -0.07299999999999953748, -0.1305118110236237750 ) ) ;
#4943 = PLANE ( 'NONE',  #3798 ) ;
#4944 = LINE ( 'NONE', #292, #4871 ) ;
#4945 = AXIS2_PLACEMENT_3D ( 'NONE', #1078, #5117, #2012 ) ;
#4946 = DIRECTION ( 'NONE',  ( 0.4999999999999968359, 0.000000000000000000, 0.8660254037844403729 ) ) ;
#4947 = ADVANCED_FACE ( 'NONE', ( #5857 ), #4943, .T. ) ;
#4948 = EDGE_CURVE ( 'NONE', #1706, #585, #4026, .T. ) ;
#4949 = SURFACE_SIDE_STYLE ('',( #5891 ) ) ;
#4950 = CARTESIAN_POINT ( 'NONE',  ( 0.4879999999999999338, -0.1555118110236234918, 0.08000000000000000167 ) ) ;
#4951 = CARTESIAN_POINT ( 'NONE',  ( 0.01522734699637517605, 0.1073856625836299011, -0.1553789239795793919 ) ) ;
#4952 = DIRECTION ( 'NONE',  ( -0.9984709653832553045, -1.930044425197133819E-16, -0.05527866936377882207 ) ) ;
#4953 = DIRECTION ( 'NONE',  ( 1.707404996040159433E-15, 1.000000000000000000, 0.000000000000000000 ) ) ;
#4954 = VECTOR ( 'NONE', #2585, 39.37007874015748143 ) ;
#4955 =( NAMED_UNIT ( * ) PLANE_ANGLE_UNIT ( ) SI_UNIT ( $, .RADIAN. ) );
#4956 = ORIENTED_EDGE ( 'NONE', *, *, #4668, .T. ) ;
#4957 = CARTESIAN_POINT ( 'NONE',  ( 0.4730303448853974690, 0.1555118110236231310, 0.05278958680028668360 ) ) ;
#4958 = DIRECTION ( 'NONE',  ( -0.9984330628367411586, -0.05527657095289914557, 0.008713193337298719490 ) ) ;
#4959 =( BOUNDED_CURVE ( )  B_SPLINE_CURVE ( 3, ( #4270, #5213, #108, #1045 ),
 .UNSPECIFIED., .F., .T. ) 
 B_SPLINE_CURVE_WITH_KNOTS ( ( 4, 4 ),
 ( 4.721115626644659002, 6.283185307179586232 ),
 .UNSPECIFIED. ) 
 CURVE ( )  GEOMETRIC_REPRESENTATION_ITEM ( )  RATIONAL_B_SPLINE_CURVE ( ( 1.000000000000000000, 0.8067902504155229915, 0.8067902504155229915, 1.000000000000000000 ) ) 
 REPRESENTATION_ITEM ( '' )  );
#4960 = PRESENTATION_STYLE_ASSIGNMENT (( #4835 ) ) ;
#4961 = AXIS2_PLACEMENT_3D ( 'NONE', #365, #3945, #3030 ) ;
#4962 = UNCERTAINTY_MEASURE_WITH_UNIT (LENGTH_MEASURE( 1.000000000000000082E-05 ), #2214, 'distance_accuracy_value', 'NONE');
#4963 = CARTESIAN_POINT ( 'NONE',  ( 0.6253892509847895909, 0.1400545024818725670, 0.1500541217125165305 ) ) ;
#4964 = ORIENTED_EDGE ( 'NONE', *, *, #1528, .T. ) ;
#4965 = VERTEX_POINT ( 'NONE', #4170 ) ;
#4966 = LINE ( 'NONE', #3972, #5142 ) ;
#4967 = FACE_OUTER_BOUND ( 'NONE', #1492, .T. ) ;
#4968 = LENGTH_MEASURE_WITH_UNIT ( LENGTH_MEASURE( 0.02539999999999999897 ), #5511 );
#4969 = PRESENTATION_LAYER_ASSIGNMENT (  '', '', ( #3908 ) ) ;
#4970 = COLOUR_RGB ( '',1.000000000000000000, 0.9490196078431372140, 0.9098039215686274384 ) ;
#4971 = ORIENTED_EDGE ( 'NONE', *, *, #370, .F. ) ;
#4972 = PRESENTATION_STYLE_ASSIGNMENT (( #254 ) ) ;
#4973 = CARTESIAN_POINT ( 'NONE',  ( -0.0007743536898872195942, 0.09845223787710334629, 6.099983369882684734E-06 ) ) ;
#4974 = MECHANICAL_DESIGN_GEOMETRIC_PRESENTATION_REPRESENTATION (  '', ( #1079 ), #5057 ) ;
#4975 =( GEOMETRIC_REPRESENTATION_CONTEXT ( 3 ) GLOBAL_UNCERTAINTY_ASSIGNED_CONTEXT ( ( #388 ) ) GLOBAL_UNIT_ASSIGNED_CONTEXT ( ( #4779, #5696, #619 ) ) REPRESENTATION_CONTEXT ( 'NONE', 'WORKASPACE' ) );
#4976 = FILL_AREA_STYLE ('',( #4061 ) ) ;
#4977 = CARTESIAN_POINT ( 'NONE',  ( 0.5282606005958295770, 0.1509017506031535838, 0.07775373837531684984 ) ) ;
#4978 =( LENGTH_UNIT ( ) NAMED_UNIT ( * ) SI_UNIT ( $, .METRE. ) );
#4979 = VECTOR ( 'NONE', #5402, 39.37007874015748143 ) ;
#4980 = SURFACE_STYLE_FILL_AREA ( #5352 ) ;
#4981 = DIRECTION ( 'NONE',  ( -0.000000000000000000, -1.000000000000000000, -0.000000000000000000 ) ) ;
#4982 = FILL_AREA_STYLE ('',( #3127 ) ) ;
#4983 = COLOUR_RGB ( '',0.8588235294117646523, 0.09803921568627450844, 0.09803921568627450844 ) ;
#4984 = EDGE_CURVE ( 'NONE', #5504, #2316, #1874, .T. ) ;
#4985 = CARTESIAN_POINT ( 'NONE',  ( 0.4840000000000000413, 0.1745118110236227038, 0.06375924191488918646 ) ) ;
#4986 = EDGE_CURVE ( 'NONE', #2370, #3222, #4569, .T. ) ;
#4987 = SURFACE_SIDE_STYLE ('',( #327 ) ) ;
#4988 = DIRECTION ( 'NONE',  ( 1.000000000000000000, -0.000000000000000000, 0.000000000000000000 ) ) ;
#4989 = ORIENTED_EDGE ( 'NONE', *, *, #1305, .T. ) ;
#4990 = FILL_AREA_STYLE_COLOUR ( '', #4797 ) ;
#4991 = CARTESIAN_POINT ( 'NONE',  ( -0.002677364717795919710, -0.1071482278044454395, 0.1555351760315427101 ) ) ;
#4992 = CARTESIAN_POINT ( 'NONE',  ( 0.4888052543830392893, -0.09374015748031491735, -0.08407871139680346551 ) ) ;
#4993 = SURFACE_STYLE_USAGE ( .BOTH. , #357 ) ;
#4994 = EDGE_CURVE ( 'NONE', #5697, #2328, #3633, .T. ) ;
#4995 = PLANE ( 'NONE',  #2045 ) ;
#4996 = VERTEX_POINT ( 'NONE', #3212 ) ;
#4997 = COLOUR_RGB ( '',0.8588235294117646523, 0.09803921568627450844, 0.09803921568627450844 ) ;
#4998 = ORIENTED_EDGE ( 'NONE', *, *, #1259, .T. ) ;
#4999 = PRESENTATION_STYLE_ASSIGNMENT (( #2190 ) ) ;
#5000 = VERTEX_POINT ( 'NONE', #1320 ) ;
#5001 = CARTESIAN_POINT ( 'NONE',  ( 0.000000000000000000, -0.1555118110236234918, 0.1513699255007669997 ) ) ;
#5002 = SURFACE_STYLE_USAGE ( .BOTH. , #2276 ) ;
#5003 =( NAMED_UNIT ( * ) SI_UNIT ( $, .STERADIAN. ) SOLID_ANGLE_UNIT ( ) );
#5004 = LENGTH_MEASURE_WITH_UNIT ( LENGTH_MEASURE( 0.02539999999999999897 ), #2725 );
#5005 =( NAMED_UNIT ( * ) SI_UNIT ( $, .STERADIAN. ) SOLID_ANGLE_UNIT ( ) );
#5006 =( GEOMETRIC_REPRESENTATION_CONTEXT ( 3 ) GLOBAL_UNCERTAINTY_ASSIGNED_CONTEXT ( ( #514 ) ) GLOBAL_UNIT_ASSIGNED_CONTEXT ( ( #5032, #1002, #5573 ) ) REPRESENTATION_CONTEXT ( 'NONE', 'WORKASPACE' ) );
#5007 = LENGTH_MEASURE_WITH_UNIT ( LENGTH_MEASURE( 0.02539999999999999897 ), #3186 );
#5008 = MANIFOLD_SOLID_BREP ( 'Fillet3', #1996 ) ;
#5009 = STYLED_ITEM ( 'NONE', ( #1479 ), #1566 ) ;
#5010 = CIRCLE ( 'NONE', #1517, 0.01000000000000000194 ) ;
#5011 = LINE ( 'NONE', #4010, #2914 ) ;
#5012 = ORIENTED_EDGE ( 'NONE', *, *, #5195, .F. ) ;
#5013 = EDGE_CURVE ( 'NONE', #1043, #2405, #3721, .T. ) ;
#5014 = MECHANICAL_DESIGN_GEOMETRIC_PRESENTATION_REPRESENTATION (  '', ( #1914 ), #4921 ) ;
#5015 = UNCERTAINTY_MEASURE_WITH_UNIT (LENGTH_MEASURE( 1.000000000000000082E-05 ), #1306, 'distance_accuracy_value', 'NONE');
#5016 = EDGE_CURVE ( 'NONE', #2893, #163, #866, .T. ) ;
#5017 = ORIENTED_EDGE ( 'NONE', *, *, #2713, .T. ) ;
#5018 = CIRCLE ( 'NONE', #2794, 0.01000000000000002970 ) ;
#5019 = ORIENTED_EDGE ( 'NONE', *, *, #736, .T. ) ;
#5020 = EDGE_CURVE ( 'NONE', #3750, #2803, #4712, .T. ) ;
#5021 = EDGE_CURVE ( 'NONE', #1729, #5937, #2480, .T. ) ;
#5022 = CARTESIAN_POINT ( 'NONE',  ( 0.4730303448853973580, -0.04217949192431132838, 0.1555118110236226869 ) ) ;
#5023 = LINE ( 'NONE', #3233, #1579 ) ;
#5024 = CARTESIAN_POINT ( 'NONE',  ( 0.4840000000000000413, 0.1745118110236227038, 0.05314914703891337328 ) ) ;
#5025 = SURFACE_STYLE_USAGE ( .BOTH. , #936 ) ;
#5026 = STYLED_ITEM ( 'NONE', ( #4368 ), #2546 ) ;
#5027 = FILL_AREA_STYLE ('',( #738 ) ) ;
#5028 = ORIENTED_EDGE ( 'NONE', *, *, #4053, .F. ) ;
#5029 = ORIENTED_EDGE ( 'NONE', *, *, #2140, .F. ) ;
#5030 = PRESENTATION_LAYER_ASSIGNMENT (  '', '', ( #2699 ) ) ;
#5031 =( CONVERSION_BASED_UNIT ( 'INCH', #5078 ) LENGTH_UNIT ( ) NAMED_UNIT ( #51 ) );
#5032 =( CONVERSION_BASED_UNIT ( 'INCH', #5939 ) LENGTH_UNIT ( ) NAMED_UNIT ( #5112 ) );
#5033 = LINE ( 'NONE', #1936, #1177 ) ;
#5034 = SURFACE_SIDE_STYLE ('',( #233 ) ) ;
#5035 = SURFACE_STYLE_USAGE ( .BOTH. , #1262 ) ;
#5036 =( CONVERSION_BASED_UNIT ( 'INCH', #5007 ) LENGTH_UNIT ( ) NAMED_UNIT ( #2472 ) );
#5037 =( NAMED_UNIT ( * ) PLANE_ANGLE_UNIT ( ) SI_UNIT ( $, .RADIAN. ) );
#5038 =( NAMED_UNIT ( * ) SI_UNIT ( $, .STERADIAN. ) SOLID_ANGLE_UNIT ( ) );
#5039 = VECTOR ( 'NONE', #5434, 39.37007874015748143 ) ;
#5040 = ORIENTED_EDGE ( 'NONE', *, *, #1528, .F. ) ;
#5041 = SURFACE_STYLE_FILL_AREA ( #1797 ) ;
#5042 = DIRECTION ( 'NONE',  ( -0.000000000000000000, 1.000000000000000000, -2.422893929682867656E-16 ) ) ;
#5043 = EDGE_CURVE ( 'NONE', #3292, #4341, #4715, .T. ) ;
#5044 = CARTESIAN_POINT ( 'NONE',  ( 0.4840000000000000413, 0.1745118110236222875, -0.05314914703891465003 ) ) ;
#5045 = VERTEX_POINT ( 'NONE', #3810 ) ;
#5046 = ORIENTED_EDGE ( 'NONE', *, *, #741, .T. ) ;
#5047 = CARTESIAN_POINT ( 'NONE',  ( 0.002539331245590682479, 0.1454892698317056532, 0.1454892698317078459 ) ) ;
#5048 = CARTESIAN_POINT ( 'NONE',  ( 0.4730303448853973580, -0.1555118110236234918, 0.1555118110236226869 ) ) ;
#5049 = FACE_OUTER_BOUND ( 'NONE', #865, .T. ) ;
#5050 = ADVANCED_FACE ( 'NONE', ( #5694 ), #1565, .T. ) ;
#5051 =( GEOMETRIC_REPRESENTATION_CONTEXT ( 3 ) GLOBAL_UNCERTAINTY_ASSIGNED_CONTEXT ( ( #2291 ) ) GLOBAL_UNIT_ASSIGNED_CONTEXT ( ( #4721, #4299, #5144 ) ) REPRESENTATION_CONTEXT ( 'NONE', 'WORKASPACE' ) );
#5052 = ORIENTED_EDGE ( 'NONE', *, *, #741, .F. ) ;
#5053 = EDGE_LOOP ( 'NONE', ( #5395, #2274, #3682, #4258, #1211, #3451, #1158, #208, #2921, #3308 ) ) ;
#5054 = SURFACE_STYLE_USAGE ( .BOTH. , #1319 ) ;
#5055 = SURFACE_STYLE_FILL_AREA ( #800 ) ;
#5056 = LINE ( 'NONE', #6004, #4259 ) ;
#5057 =( GEOMETRIC_REPRESENTATION_CONTEXT ( 3 ) GLOBAL_UNCERTAINTY_ASSIGNED_CONTEXT ( ( #277 ) ) GLOBAL_UNIT_ASSIGNED_CONTEXT ( ( #3701, #26, #2404 ) ) REPRESENTATION_CONTEXT ( 'NONE', 'WORKASPACE' ) );
#5058 = COLOUR_RGB ( '',0.8588235294117646523, 0.09803921568627450844, 0.09803921568627450844 ) ;
#5059 = FILL_AREA_STYLE_COLOUR ( '', #4607 ) ;
#5060 =( NAMED_UNIT ( * ) PLANE_ANGLE_UNIT ( ) SI_UNIT ( $, .RADIAN. ) );
#5061 = LINE ( 'NONE', #2176, #2972 ) ;
#5062 = SURFACE_STYLE_USAGE ( .BOTH. , #4550 ) ;
#5063 = ORIENTED_EDGE ( 'NONE', *, *, #1531, .F. ) ;
#5064 = FILL_AREA_STYLE ('',( #4990 ) ) ;
#5065 = CARTESIAN_POINT ( 'NONE',  ( -0.002677364717795887184, 0.1555351760315400733, 0.1071482278044448705 ) ) ;
#5066 = FILL_AREA_STYLE ('',( #4522 ) ) ;
#5067 = UNCERTAINTY_MEASURE_WITH_UNIT (LENGTH_MEASURE( 1.000000000000000082E-05 ), #2133, 'distance_accuracy_value', 'NONE');
#5068 = DIRECTION ( 'NONE',  ( 0.000000000000000000, 1.000000000000000000, 0.000000000000000000 ) ) ;
#5069 = ORIENTED_EDGE ( 'NONE', *, *, #5945, .T. ) ;
#5070 = VERTEX_POINT ( 'NONE', #5421 ) ;
#5071 = LINE ( 'NONE', #5535, #5294 ) ;
#5072 = UNCERTAINTY_MEASURE_WITH_UNIT (LENGTH_MEASURE( 1.000000000000000082E-05 ), #4924, 'distance_accuracy_value', 'NONE');
#5073 = DIMENSIONAL_EXPONENTS ( 1.000000000000000000, 0.000000000000000000, 0.000000000000000000, 0.000000000000000000, 0.000000000000000000, 0.000000000000000000, 0.000000000000000000 ) ;
#5074 = CARTESIAN_POINT ( 'NONE',  ( 0.3478816891154665192, 0.09547244094488190058, -0.08821483280926889492 ) ) ;
#5075 = ORIENTED_EDGE ( 'NONE', *, *, #5080, .T. ) ;
#5076 = ORIENTED_EDGE ( 'NONE', *, *, #1305, .F. ) ;
#5077 = LENGTH_MEASURE_WITH_UNIT ( LENGTH_MEASURE( 0.02539999999999999897 ), #5997 );
#5078 = LENGTH_MEASURE_WITH_UNIT ( LENGTH_MEASURE( 0.02539999999999999897 ), #4536 );
#5079 = CARTESIAN_POINT ( 'NONE',  ( 0.000000000000000000, 0.05856624327025974908, -0.1555118110236232976 ) ) ;
#5080 = EDGE_CURVE ( 'NONE', #2893, #841, #1252, .T. ) ;
#5081 = SURFACE_SIDE_STYLE ('',( #1377 ) ) ;
#5082 = FILL_AREA_STYLE ('',( #1877 ) ) ;
#5083 = CARTESIAN_POINT ( 'NONE',  ( 0.6161417322834645827, -0.08353543307086615244, 0.000000000000000000 ) ) ;
#5084 = LINE ( 'NONE', #2333, #5039 ) ;
#5085 =( GEOMETRIC_REPRESENTATION_CONTEXT ( 3 ) GLOBAL_UNCERTAINTY_ASSIGNED_CONTEXT ( ( #96 ) ) GLOBAL_UNIT_ASSIGNED_CONTEXT ( ( #1336, #2292, #5560 ) ) REPRESENTATION_CONTEXT ( 'NONE', 'WORKASPACE' ) );
#5086 = AXIS2_PLACEMENT_3D ( 'NONE', #2467, #1916, #117 ) ;
#5087 =( NAMED_UNIT ( * ) PLANE_ANGLE_UNIT ( ) SI_UNIT ( $, .RADIAN. ) );
#5088 = LINE ( 'NONE', #1413, #5146 ) ;
#5089 = CARTESIAN_POINT ( 'NONE',  ( 0.000000000000000000, 0.1455121917929785014, 0.1555118110236224371 ) ) ;
#5090 = EDGE_CURVE ( 'NONE', #3066, #1719, #3086, .T. ) ;
#5091 = PRESENTATION_LAYER_ASSIGNMENT (  '', '', ( #1311 ) ) ;
#5092 = DIMENSIONAL_EXPONENTS ( 1.000000000000000000, 0.000000000000000000, 0.000000000000000000, 0.000000000000000000, 0.000000000000000000, 0.000000000000000000, 0.000000000000000000 ) ;
#5093 = CARTESIAN_POINT ( 'NONE',  ( 0.9505101051583139116, 0.1144342470408835494, -0.007698822460043137396 ) ) ;
#5094 =( NAMED_UNIT ( * ) SI_UNIT ( $, .STERADIAN. ) SOLID_ANGLE_UNIT ( ) );
#5095 = VERTEX_POINT ( 'NONE', #3541 ) ;
#5096 = MECHANICAL_DESIGN_GEOMETRIC_PRESENTATION_REPRESENTATION (  '', ( #5587 ), #5006 ) ;
#5097 = LENGTH_MEASURE_WITH_UNIT ( LENGTH_MEASURE( 0.02539999999999999897 ), #1885 );
#5098 = CARTESIAN_POINT ( 'NONE',  ( 0.4879999999999999338, -0.1555118110236234918, 0.08000000000000000167 ) ) ;
#5099 =( CONVERSION_BASED_UNIT ( 'INCH', #1749 ) LENGTH_UNIT ( ) NAMED_UNIT ( #90 ) );
#5100 = VERTEX_POINT ( 'NONE', #5396 ) ;
#5101 = ORIENTED_EDGE ( 'NONE', *, *, #3923, .T. ) ;
#5102 = PRESENTATION_LAYER_ASSIGNMENT (  '', '', ( #3572 ) ) ;
#5103 = PRESENTATION_STYLE_ASSIGNMENT (( #2414 ) ) ;
#5104 =( NAMED_UNIT ( * ) PLANE_ANGLE_UNIT ( ) SI_UNIT ( $, .RADIAN. ) );
#5105 = VERTEX_POINT ( 'NONE', #3943 ) ;
#5106 = EDGE_LOOP ( 'NONE', ( #2732, #5729, #1561, #3566, #1872, #3349 ) ) ;
#5107 = DIRECTION ( 'NONE',  ( -0.008726535498373950289, 0.000000000000000000, 0.9999619230641713097 ) ) ;
#5108 = CARTESIAN_POINT ( 'NONE',  ( 0.6066917420637457647, 0.08448640609338516072, -0.1502172924008853272 ) ) ;
#5109 = VECTOR ( 'NONE', #5642, 39.37007874015748854 ) ;
#5110 = CARTESIAN_POINT ( 'NONE',  ( 0.5303396793241390572, 0.1408839875273233122, 0.1508836067579672757 ) ) ;
#5111 = PLANE ( 'NONE',  #2124 ) ;
#5112 = DIMENSIONAL_EXPONENTS ( 1.000000000000000000, 0.000000000000000000, 0.000000000000000000, 0.000000000000000000, 0.000000000000000000, 0.000000000000000000, 0.000000000000000000 ) ;
#5113 = CARTESIAN_POINT ( 'NONE',  ( 0.9585912023628577749, -0.1143637243739752257, 3.948412434048302818E-19 ) ) ;
#5114 =( CONVERSION_BASED_UNIT ( 'INCH', #3336 ) LENGTH_UNIT ( ) NAMED_UNIT ( #1840 ) );
#5115 = COLOUR_RGB ( '',0.8588235294117646523, 0.09803921568627450844, 0.09803921568627450844 ) ;
#5116 = EDGE_CURVE ( 'NONE', #662, #783, #5808, .T. ) ;
#5117 = DIRECTION ( 'NONE',  ( 0.000000000000000000, 1.497723680736986336E-16, -1.000000000000000000 ) ) ;
#5118 = ADVANCED_FACE ( 'NONE', ( #5304 ), #2631, .F. ) ;
#5119 = VERTEX_POINT ( 'NONE', #3144 ) ;
#5120 = COLOUR_RGB ( '',0.8588235294117646523, 0.09803921568627450844, 0.09803921568627450844 ) ;
#5121 = FILL_AREA_STYLE ('',( #2372 ) ) ;
#5122 = DIRECTION ( 'NONE',  ( 0.000000000000000000, 0.5000000000000072164, -0.8660254037844344888 ) ) ;
#5123 = UNCERTAINTY_MEASURE_WITH_UNIT (LENGTH_MEASURE( 1.000000000000000082E-05 ), #3249, 'distance_accuracy_value', 'NONE');
#5124 = DIRECTION ( 'NONE',  ( 0.000000000000000000, -1.000000000000000000, -3.491481338843132961E-15 ) ) ;
#5125 = VECTOR ( 'NONE', #4120, 39.37007874015748143 ) ;
#5126 = DIRECTION ( 'NONE',  ( 0.02933747147263230520, 0.000000000000000000, -0.9995695637461119443 ) ) ;
#5127 = CARTESIAN_POINT ( 'NONE',  ( 0.000000000000000000, 0.1555118110236226869, 0.05949999999999944916 ) ) ;
#5128 = EDGE_CURVE ( 'NONE', #2030, #2870, #3600, .T. ) ;
#5129 = DIMENSIONAL_EXPONENTS ( 1.000000000000000000, 0.000000000000000000, 0.000000000000000000, 0.000000000000000000, 0.000000000000000000, 0.000000000000000000, 0.000000000000000000 ) ;
#5130 = ORIENTED_EDGE ( 'NONE', *, *, #5021, .T. ) ;
#5131 =( CONVERSION_BASED_UNIT ( 'INCH', #1960 ) LENGTH_UNIT ( ) NAMED_UNIT ( #2877 ) );
#5132 = PRESENTATION_LAYER_ASSIGNMENT (  '', '', ( #88 ) ) ;
#5133 =( NAMED_UNIT ( * ) SI_UNIT ( $, .STERADIAN. ) SOLID_ANGLE_UNIT ( ) );
#5134 =( NAMED_UNIT ( * ) SI_UNIT ( $, .STERADIAN. ) SOLID_ANGLE_UNIT ( ) );
#5135 = ORIENTED_EDGE ( 'NONE', *, *, #3426, .T. ) ;
#5136 = VERTEX_POINT ( 'NONE', #5161 ) ;
#5137 = CARTESIAN_POINT ( 'NONE',  ( 0.9394763276565629706, -0.08353543307086615244, -0.007400739545692217036 ) ) ;
#5138 = FACE_OUTER_BOUND ( 'NONE', #5570, .T. ) ;
#5139 = SURFACE_STYLE_FILL_AREA ( #3300 ) ;
#5140 = SURFACE_SIDE_STYLE ('',( #3725 ) ) ;
#5141 = FILL_AREA_STYLE ('',( #3303 ) ) ;
#5142 = VECTOR ( 'NONE', #3053, 39.37007874015748143 ) ;
#5143 = CARTESIAN_POINT ( 'NONE',  ( -0.001078514082633471281, 0.05856080922076998402, -0.1555212230734303869 ) ) ;
#5144 =( NAMED_UNIT ( * ) SI_UNIT ( $, .STERADIAN. ) SOLID_ANGLE_UNIT ( ) );
#5145 = DIRECTION ( 'NONE',  ( 0.000000000000000000, 1.000000000000000000, -1.756682000989173806E-15 ) ) ;
#5146 = VECTOR ( 'NONE', #916, 39.37007874015748143 ) ;
#5147 = SURFACE_STYLE_USAGE ( .BOTH. , #1447 ) ;
#5148 = LINE ( 'NONE', #1478, #2717 ) ;
#5149 = MECHANICAL_DESIGN_GEOMETRIC_PRESENTATION_REPRESENTATION (  '', ( #1772 ), #973 ) ;
#5150 =( NAMED_UNIT ( * ) SI_UNIT ( $, .STERADIAN. ) SOLID_ANGLE_UNIT ( ) );
#5151 = EDGE_LOOP ( 'NONE', ( #2601, #1982, #1340 ) ) ;
#5152 = CARTESIAN_POINT ( 'NONE',  ( 0.6161417322834645827, 0.07690905344307663594, 0.000000000000000000 ) ) ;
#5153 = EDGE_CURVE ( 'NONE', #2551, #5898, #580, .T. ) ;
#5154 = MECHANICAL_DESIGN_GEOMETRIC_PRESENTATION_REPRESENTATION (  '', ( #4481 ), #2550 ) ;
#5155 = EDGE_CURVE ( 'NONE', #5105, #5837, #3123, .T. ) ;
#5156 = LENGTH_MEASURE_WITH_UNIT ( LENGTH_MEASURE( 0.02539999999999999897 ), #3285 );
#5157 = CARTESIAN_POINT ( 'NONE',  ( 0.9585912023628577749, -0.1143637243739752118, -0.09872704711124133392 ) ) ;
#5158 =( GEOMETRIC_REPRESENTATION_CONTEXT ( 3 ) GLOBAL_UNCERTAINTY_ASSIGNED_CONTEXT ( ( #813 ) ) GLOBAL_UNIT_ASSIGNED_CONTEXT ( ( #2879, #139, #3854 ) ) REPRESENTATION_CONTEXT ( 'NONE', 'WORKASPACE' ) );
#5159 = ORIENTED_EDGE ( 'NONE', *, *, #5655, .T. ) ;
#5160 =( CONVERSION_BASED_UNIT ( 'INCH', #1462 ) LENGTH_UNIT ( ) NAMED_UNIT ( #3344 ) );
#5161 = CARTESIAN_POINT ( 'NONE',  ( 0.6465912023628577199, -0.1398694758552933570, -0.1498690950859323523 ) ) ;
#5162 = EDGE_CURVE ( 'NONE', #4996, #5837, #94, .T. ) ;
#5163 = LENGTH_MEASURE_WITH_UNIT ( LENGTH_MEASURE( 0.02539999999999999897 ), #2325 );
#5164 = MECHANICAL_DESIGN_GEOMETRIC_PRESENTATION_REPRESENTATION (  '', ( #410 ), #3817 ) ;
#5165 = DIRECTION ( 'NONE',  ( -0.9579169604425993301, 0.000000000000000000, -0.2870454613757401074 ) ) ;
#5166 = FILL_AREA_STYLE ('',( #5663 ) ) ;
#5167 = VERTEX_POINT ( 'NONE', #4768 ) ;
#5168 = VECTOR ( 'NONE', #3339, 39.37007874015748143 ) ;
#5169 = ORIENTED_EDGE ( 'NONE', *, *, #5945, .F. ) ;
#5170 =( CONVERSION_BASED_UNIT ( 'INCH', #3179 ) LENGTH_UNIT ( ) NAMED_UNIT ( #2058 ) );
#5171 = DIMENSIONAL_EXPONENTS ( 1.000000000000000000, 0.000000000000000000, 0.000000000000000000, 0.000000000000000000, 0.000000000000000000, 0.000000000000000000, 0.000000000000000000 ) ;
#5172 = LENGTH_MEASURE_WITH_UNIT ( LENGTH_MEASURE( 0.02539999999999999897 ), #1935 );
#5173 = CARTESIAN_POINT ( 'NONE',  ( 0.9585912023628577749, 0.1143637243739751980, -0.09872704711124133392 ) ) ;
#5174 = CARTESIAN_POINT ( 'NONE',  ( 0.4249473003118039993, 0.01141695542640663863, 0.1122295348395595388 ) ) ;
#5175 = LINE ( 'NONE', #5607, #457 ) ;
#5176 = PRESENTATION_STYLE_ASSIGNMENT (( #2907 ) ) ;
#5177 = ORIENTED_EDGE ( 'NONE', *, *, #3959, .F. ) ;
#5178 = SURFACE_STYLE_USAGE ( .BOTH. , #168 ) ;
#5179 = FILL_AREA_STYLE ('',( #1446 ) ) ;
#5180 = PRESENTATION_STYLE_ASSIGNMENT (( #499 ) ) ;
#5181 =( GEOMETRIC_REPRESENTATION_CONTEXT ( 3 ) GLOBAL_UNCERTAINTY_ASSIGNED_CONTEXT ( ( #1432 ) ) GLOBAL_UNIT_ASSIGNED_CONTEXT ( ( #5160, #1524, #273 ) ) REPRESENTATION_CONTEXT ( 'NONE', 'WORKASPACE' ) );
#5182 = FILL_AREA_STYLE ('',( #1544 ) ) ;
#5183 = SURFACE_SIDE_STYLE ('',( #1950 ) ) ;
#5184 = EDGE_LOOP ( 'NONE', ( #5854, #2836, #1898, #1951 ) ) ;
#5185 = LINE ( 'NONE', #1954, #1187 ) ;
#5186 = PRESENTATION_STYLE_ASSIGNMENT (( #4281 ) ) ;
#5187 = VECTOR ( 'NONE', #4034, 39.37007874015748854 ) ;
#5188 =( LENGTH_UNIT ( ) NAMED_UNIT ( * ) SI_UNIT ( $, .METRE. ) );
#5189 = DIRECTION ( 'NONE',  ( -0.008726535498373950289, 0.000000000000000000, 0.9999619230641713097 ) ) ;
#5190 = DIRECTION ( 'NONE',  ( -0.9998432799835252904, -0.01585495716938235822, 0.007876281162002545660 ) ) ;
#5191 = PLANE ( 'NONE',  #1696 ) ;
#5192 = COLOUR_RGB ( '',0.8588235294117646523, 0.09803921568627450844, 0.09803921568627450844 ) ;
#5193 = VECTOR ( 'NONE', #5416, 39.37007874015748143 ) ;
#5194 = ORIENTED_EDGE ( 'NONE', *, *, #3603, .F. ) ;
#5195 = EDGE_CURVE ( 'NONE', #4923, #1959, #2860, .T. ) ;
#5196 = CARTESIAN_POINT ( 'NONE',  ( 0.3474196816907006435, -0.09547244094488185895, -0.07247357983688917926 ) ) ;
#5197 = VECTOR ( 'NONE', #3514, 39.37007874015748143 ) ;
#5198 = FILL_AREA_STYLE ('',( #4315 ) ) ;
#5199 = UNCERTAINTY_MEASURE_WITH_UNIT (LENGTH_MEASURE( 1.000000000000000082E-05 ), #4493, 'distance_accuracy_value', 'NONE');
#5200 = LINE ( 'NONE', #4773, #5906 ) ;
#5201 = ADVANCED_FACE ( 'NONE', ( #550 ), #4192, .T. ) ;
#5202 = ORIENTED_EDGE ( 'NONE', *, *, #2906, .F. ) ;
#5203 = EDGE_CURVE ( 'NONE', #841, #1000, #1368, .T. ) ;
#5204 = ORIENTED_EDGE ( 'NONE', *, *, #848, .F. ) ;
#5205 = PLANE ( 'NONE',  #1808 ) ;
#5206 = DIRECTION ( 'NONE',  ( -0.9994440204484172918, 0.01584862593432247516, -0.02933378676368519206 ) ) ;
#5207 = DIRECTION ( 'NONE',  ( -1.000000000000000000, 0.000000000000000000, 0.000000000000000000 ) ) ;
#5208 =( LENGTH_UNIT ( ) NAMED_UNIT ( * ) SI_UNIT ( $, .METRE. ) );
#5209 = MECHANICAL_DESIGN_GEOMETRIC_PRESENTATION_REPRESENTATION (  '', ( #1231 ), #832 ) ;
#5210 = CARTESIAN_POINT ( 'NONE',  ( 0.4879999999999999338, -0.1512530995417331880, 0.1555118110236229645 ) ) ;
#5211 = ORIENTED_EDGE ( 'NONE', *, *, #4123, .F. ) ;
#5212 = STYLED_ITEM ( 'NONE', ( #4960 ), #2283 ) ;
#5213 = CARTESIAN_POINT ( 'NONE',  ( 0.9644083931165462475, -0.1143129585193541770, -0.01578667982011900880 ) ) ;
#5214 = PRESENTATION_STYLE_ASSIGNMENT (( #737 ) ) ;
#5215 = CARTESIAN_POINT ( 'NONE',  ( 0.6465039370078740077, 0.1398694758552900819, -0.1398694758552906370 ) ) ;
#5216 = DIMENSIONAL_EXPONENTS ( 1.000000000000000000, 0.000000000000000000, 0.000000000000000000, 0.000000000000000000, 0.000000000000000000, 0.000000000000000000, 0.000000000000000000 ) ;
#5217 = SURFACE_STYLE_USAGE ( .BOTH. , #1577 ) ;
#5218 = AXIS2_PLACEMENT_3D ( 'NONE', #4358, #1069, #589 ) ;
#5219 = ORIENTED_EDGE ( 'NONE', *, *, #3753, .F. ) ;
#5220 = SURFACE_STYLE_FILL_AREA ( #984 ) ;
#5221 = VECTOR ( 'NONE', #3806, 39.37007874015747433 ) ;
#5222 = DIRECTION ( 'NONE',  ( -0.9995695637461118332, -0.000000000000000000, -0.02933747147263230173 ) ) ;
#5223 = CARTESIAN_POINT ( 'NONE',  ( 0.5328414095732715294, -0.07874015748031494566, -0.08278624562602093784 ) ) ;
#5224 =( LENGTH_UNIT ( ) NAMED_UNIT ( * ) SI_UNIT ( $, .METRE. ) );
#5225 = DIRECTION ( 'NONE',  ( 0.000000000000000000, 0.000000000000000000, -1.000000000000000000 ) ) ;
#5226 = FACE_OUTER_BOUND ( 'NONE', #1743, .T. ) ;
#5227 = COLOUR_RGB ( '',0.8588235294117646523, 0.09803921568627450844, 0.09803921568627450844 ) ;
#5228 = ORIENTED_EDGE ( 'NONE', *, *, #775, .T. ) ;
#5229 = DIRECTION ( 'NONE',  ( 0.000000000000000000, -1.734723475976807341E-16, -1.000000000000000000 ) ) ;
#5230 = EDGE_CURVE ( 'NONE', #5563, #5407, #2992, .T. ) ;
#5231 = AXIS2_PLACEMENT_3D ( 'NONE', #1452, #535, #2816 ) ;
#5232 = SURFACE_STYLE_USAGE ( .BOTH. , #4346 ) ;
#5233 = CARTESIAN_POINT ( 'NONE',  ( 0.6565039370078741277, -0.1111353317264272417, 0.1182772172492832785 ) ) ;
#5234 = SURFACE_SIDE_STYLE ('',( #3478 ) ) ;
#5235 = VERTEX_POINT ( 'NONE', #3411 ) ;
#5236 = VECTOR ( 'NONE', #3242, 39.37007874015748854 ) ;
#5237 = ORIENTED_EDGE ( 'NONE', *, *, #403, .F. ) ;
#5238 = FILL_AREA_STYLE ('',( #3452 ) ) ;
#5239 = FILL_AREA_STYLE_COLOUR ( '', #3416 ) ;
#5240 = ADVANCED_FACE ( 'NONE', ( #4832 ), #4926, .F. ) ;
#5241 = SURFACE_STYLE_FILL_AREA ( #4296 ) ;
#5242 = ORIENTED_EDGE ( 'NONE', *, *, #2716, .F. ) ;
#5243 = DIRECTION ( 'NONE',  ( 0.000000000000000000, 0.000000000000000000, 1.000000000000000000 ) ) ;
#5244 = SURFACE_STYLE_USAGE ( .BOTH. , #2008 ) ;
#5245 = SURFACE_STYLE_FILL_AREA ( #4933 ) ;
#5246 = EDGE_CURVE ( 'NONE', #454, #5980, #3846, .T. ) ;
#5247 = SURFACE_STYLE_FILL_AREA ( #2883 ) ;
#5248 = PRESENTATION_LAYER_ASSIGNMENT (  '', '', ( #3996 ) ) ;
#5249 = ORIENTED_EDGE ( 'NONE', *, *, #775, .F. ) ;
#5250 = DIRECTION ( 'NONE',  ( 0.4472135954999554297, -0.4472135954999567620, 0.7745966692414856247 ) ) ;
#5251 = FACE_OUTER_BOUND ( 'NONE', #650, .T. ) ;
#5252 = FILL_AREA_STYLE_COLOUR ( '', #2712 ) ;
#5253 = LINE ( 'NONE', #868, #2400 ) ;
#5254 = PRESENTATION_LAYER_ASSIGNMENT (  '', '', ( #5936 ) ) ;
#5255 = UNCERTAINTY_MEASURE_WITH_UNIT (LENGTH_MEASURE( 1.000000000000000082E-05 ), #921, 'distance_accuracy_value', 'NONE');
#5256 = CARTESIAN_POINT ( 'NONE',  ( 0.6565039370078741277, -0.1070011422645787413, -0.1140000000000000041 ) ) ;
#5257 =( CONVERSION_BASED_UNIT ( 'INCH', #3408 ) LENGTH_UNIT ( ) NAMED_UNIT ( #1742 ) );
#5258 = DIMENSIONAL_EXPONENTS ( 1.000000000000000000, 0.000000000000000000, 0.000000000000000000, 0.000000000000000000, 0.000000000000000000, 0.000000000000000000, 0.000000000000000000 ) ;
#5259 = ORIENTED_EDGE ( 'NONE', *, *, #3984, .T. ) ;
#5260 = AXIS2_PLACEMENT_3D ( 'NONE', #4295, #2424, #1969 ) ;
#5261 = COLOUR_RGB ( '',0.8588235294117646523, 0.09803921568627450844, 0.09803921568627450844 ) ;
#5262 =( LENGTH_UNIT ( ) NAMED_UNIT ( * ) SI_UNIT ( $, .METRE. ) );
#5263 = CARTESIAN_POINT ( 'NONE',  ( 0.6565039370078740166, 0.1128585222510937597, -0.1140000000000000041 ) ) ;
#5264 = DIRECTION ( 'NONE',  ( 1.000000000000000000, 0.000000000000000000, 0.000000000000000000 ) ) ;
#5265 = VERTEX_POINT ( 'NONE', #586 ) ;
#5266 = ORIENTED_EDGE ( 'NONE', *, *, #4455, .T. ) ;
#5267 = FACE_OUTER_BOUND ( 'NONE', #875, .T. ) ;
#5268 = DIRECTION ( 'NONE',  ( 0.000000000000000000, -3.733770731811420860E-15, -1.000000000000000000 ) ) ;
#5269 = VECTOR ( 'NONE', #4479, 39.37007874015748143 ) ;
#5270 = FILL_AREA_STYLE ('',( #618 ) ) ;
#5271 = CARTESIAN_POINT ( 'NONE',  ( 0.6565039370078741277, -0.1152772172492832203, -0.1210000000000000103 ) ) ;
#5272 =( NAMED_UNIT ( * ) PLANE_ANGLE_UNIT ( ) SI_UNIT ( $, .RADIAN. ) );
#5273 = ORIENTED_EDGE ( 'NONE', *, *, #2949, .T. ) ;
#5274 = DIRECTION ( 'NONE',  ( -1.000000000000000000, 0.000000000000000000, 0.000000000000000000 ) ) ;
#5275 = ADVANCED_FACE ( 'NONE', ( #5138 ), #1469, .T. ) ;
#5276 = DIRECTION ( 'NONE',  ( 0.000000000000000000, 1.000000000000000000, 3.491481338843132961E-15 ) ) ;
#5277 = CARTESIAN_POINT ( 'NONE',  ( 0.5289670551957845746, 0.1460311391668914216, 0.1498684907012180489 ) ) ;
#5278 = SURFACE_STYLE_USAGE ( .BOTH. , #3458 ) ;
#5279 = CARTESIAN_POINT ( 'NONE',  ( 0.4840000000000000413, -0.1555118110236234918, 0.1745118110236224540 ) ) ;
#5280 = STYLED_ITEM ( 'NONE', ( #613 ), #36 ) ;
#5281 = CARTESIAN_POINT ( 'NONE',  ( 0.000000000000000000, 0.1455121917929785014, -0.1555118110236207718 ) ) ;
#5282 = ORIENTED_EDGE ( 'NONE', *, *, #3198, .T. ) ;
#5283 = EDGE_CURVE ( 'NONE', #2509, #2428, #134, .T. ) ;
#5284 = CARTESIAN_POINT ( 'NONE',  ( 0.9389763779527559029, 0.000000000000000000, -0.07086614173228346358 ) ) ;
#5285 = SURFACE_STYLE_USAGE ( .BOTH. , #4458 ) ;
#5286 = DIMENSIONAL_EXPONENTS ( 1.000000000000000000, 0.000000000000000000, 0.000000000000000000, 0.000000000000000000, 0.000000000000000000, 0.000000000000000000, 0.000000000000000000 ) ;
#5287 = CARTESIAN_POINT ( 'NONE',  ( -8.725206505955620986E-05, -0.1455129532302180395, -0.1555125724608570348 ) ) ;
#5288 =( NAMED_UNIT ( * ) SI_UNIT ( $, .STERADIAN. ) SOLID_ANGLE_UNIT ( ) );
#5289 = FILL_AREA_STYLE ('',( #3183 ) ) ;
#5290 = FILL_AREA_STYLE ('',( #3438 ) ) ;
#5291 = LINE ( 'NONE', #4369, #466 ) ;
#5292 = DIRECTION ( 'NONE',  ( 0.000000000000000000, -0.5000000000000041078, 0.8660254037844362651 ) ) ;
#5293 = ORIENTED_EDGE ( 'NONE', *, *, #5585, .T. ) ;
#5294 = VECTOR ( 'NONE', #3232, 39.37007874015748143 ) ;
#5295 = AXIS2_PLACEMENT_3D ( 'NONE', #568, #917, #4271 ) ;
#5296 = DIRECTION ( 'NONE',  ( 0.008726535498373965902, 0.000000000000000000, 0.9999619230641713097 ) ) ;
#5297 = LINE ( 'NONE', #994, #5411 ) ;
#5298 = CARTESIAN_POINT ( 'NONE',  ( 0.6565039370078740166, 0.1170000000000000207, -0.1098580491066931120 ) ) ;
#5299 = LENGTH_MEASURE_WITH_UNIT ( LENGTH_MEASURE( 0.02539999999999999897 ), #4290 );
#5300 = VECTOR ( 'NONE', #1778, 39.37007874015748143 ) ;
#5301 = COLOUR_RGB ( '',0.8588235294117646523, 0.09803921568627450844, 0.09803921568627450844 ) ;
#5302 = ORIENTED_EDGE ( 'NONE', *, *, #5577, .T. ) ;
#5303 = ORIENTED_EDGE ( 'NONE', *, *, #914, .T. ) ;
#5304 = FACE_OUTER_BOUND ( 'NONE', #4884, .T. ) ;
#5305 = STYLED_ITEM ( 'NONE', ( #2790 ), #956 ) ;
#5306 = SURFACE_SIDE_STYLE ('',( #1842 ) ) ;
#5307 = DIRECTION ( 'NONE',  ( 0.02933747147263221153, -0.000000000000000000, -0.9995695637461118332 ) ) ;
#5308 = VECTOR ( 'NONE', #1261, 39.37007874015748143 ) ;
#5309 = DIRECTION ( 'NONE',  ( -0.01745240643727654500, 0.000000000000000000, 0.9998476951563913806 ) ) ;
#5310 = PRESENTATION_STYLE_ASSIGNMENT (( #4361 ) ) ;
#5311 = VECTOR ( 'NONE', #1465, 39.37007874015748143 ) ;
#5312 = LINE ( 'NONE', #627, #1680 ) ;
#5313 = EDGE_CURVE ( 'NONE', #3930, #5119, #2513, .T. ) ;
#5314 = EDGE_CURVE ( 'NONE', #3989, #4318, #1254, .T. ) ;
#5315 =( NAMED_UNIT ( * ) PLANE_ANGLE_UNIT ( ) SI_UNIT ( $, .RADIAN. ) );
#5316 = AXIS2_PLACEMENT_3D ( 'NONE', #3568, #5810, #3476 ) ;
#5317 = ORIENTED_EDGE ( 'NONE', *, *, #253, .T. ) ;
#5318 = FACE_OUTER_BOUND ( 'NONE', #1095, .T. ) ;
#5319 = SURFACE_SIDE_STYLE ('',( #3436 ) ) ;
#5320 = EDGE_CURVE ( 'NONE', #5930, #459, #3088, .T. ) ;
#5321 = AXIS2_PLACEMENT_3D ( 'NONE', #266, #5943, #694 ) ;
#5322 = EDGE_CURVE ( 'NONE', #3540, #3719, #3574, .T. ) ;
#5323 = PLANE ( 'NONE',  #4452 ) ;
#5324 = PRESENTATION_STYLE_ASSIGNMENT (( #3929 ) ) ;
#5325 = ORIENTED_EDGE ( 'NONE', *, *, #3785, .F. ) ;
#5326 = MECHANICAL_DESIGN_GEOMETRIC_PRESENTATION_REPRESENTATION (  '', ( #840 ), #462 ) ;
#5327 = CARTESIAN_POINT ( 'NONE',  ( 0.6276428471321305880, -0.1500344548768859643, 0.1400348356462436938 ) ) ;
#5328 = FILL_AREA_STYLE_COLOUR ( '', #4898 ) ;
#5329 = DIRECTION ( 'NONE',  ( 0.000000000000000000, 1.000000000000000000, 0.000000000000000000 ) ) ;
#5330 = SURFACE_STYLE_FILL_AREA ( #2624 ) ;
#5331 = UNCERTAINTY_MEASURE_WITH_UNIT (LENGTH_MEASURE( 1.000000000000000082E-05 ), #1334, 'distance_accuracy_value', 'NONE');
#5332 = DIMENSIONAL_EXPONENTS ( 1.000000000000000000, 0.000000000000000000, 0.000000000000000000, 0.000000000000000000, 0.000000000000000000, 0.000000000000000000, 0.000000000000000000 ) ;
#5333 = EDGE_CURVE ( 'NONE', #4318, #4855, #4105, .T. ) ;
#5334 = DIRECTION ( 'NONE',  ( -0.9999238504775705971, 0.008726203243944236423, 0.008726203243944222546 ) ) ;
#5335 =( GEOMETRIC_REPRESENTATION_CONTEXT ( 3 ) GLOBAL_UNCERTAINTY_ASSIGNED_CONTEXT ( ( #5015 ) ) GLOBAL_UNIT_ASSIGNED_CONTEXT ( ( #1306, #2708, #1803 ) ) REPRESENTATION_CONTEXT ( 'NONE', 'WORKASPACE' ) );
#5336 = CARTESIAN_POINT ( 'NONE',  ( 0.6276428471321305880, -0.1500344548768859643, 0.1400348356462436938 ) ) ;
#5337 = ORIENTED_EDGE ( 'NONE', *, *, #2987, .F. ) ;
#5338 = ORIENTED_EDGE ( 'NONE', *, *, #4631, .T. ) ;
#5339 = STYLED_ITEM ( 'NONE', ( #3637 ), #3643 ) ;
#5340 = CARTESIAN_POINT ( 'NONE',  ( 0.9585039370078740628, 0.1371466931045733084, 0.1371466931045755289 ) ) ;
#5341 = CARTESIAN_POINT ( 'NONE',  ( 0.8735039855285190447, -0.07874015748031494566, 0.02806077584495939720 ) ) ;
#5342 = LINE ( 'NONE', #1163, #3968 ) ;
#5343 = VECTOR ( 'NONE', #5679, 39.37007874015748143 ) ;
#5344 = ORIENTED_EDGE ( 'NONE', *, *, #2896, .T. ) ;
#5345 = PRESENTATION_STYLE_ASSIGNMENT (( #5244 ) ) ;
#5346 = LINE ( 'NONE', #225, #153 ) ;
#5347 = VECTOR ( 'NONE', #3276, 39.37007874015748143 ) ;
#5348 =( LENGTH_UNIT ( ) NAMED_UNIT ( * ) SI_UNIT ( $, .METRE. ) );
#5349 = PRESENTATION_STYLE_ASSIGNMENT (( #3555 ) ) ;
#5350 = FILL_AREA_STYLE ('',( #3010 ) ) ;
#5351 = ORIENTED_EDGE ( 'NONE', *, *, #2975, .F. ) ;
#5352 = FILL_AREA_STYLE ('',( #1203 ) ) ;
#5353 = CARTESIAN_POINT ( 'NONE',  ( 0.4888052543830392893, 0.07874015748031498729, -0.08407871139680342387 ) ) ;
#5354 =( BOUNDED_CURVE ( )  B_SPLINE_CURVE ( 3, ( #5089, #855, #4485, #323 ),
 .UNSPECIFIED., .F., .T. ) 
 B_SPLINE_CURVE_WITH_KNOTS ( ( 4, 4 ),
 ( 5.497825219993075940, 7.068545394366094747 ),
 .UNSPECIFIED. ) 
 CURVE ( )  GEOMETRIC_REPRESENTATION_ITEM ( )  RATIONAL_B_SPLINE_CURVE ( ( 1.000000000000000000, 0.8047558030806112317, 0.8047558030806112317, 1.000000000000000000 ) ) 
 REPRESENTATION_ITEM ( '' )  );
#5355 = SURFACE_SIDE_STYLE ('',( #1322 ) ) ;
#5356 = SURFACE_STYLE_FILL_AREA ( #3986 ) ;
#5357 = CARTESIAN_POINT ( 'NONE',  ( 0.8735039855285190447, 0.07874015748031498729, 0.02806077584495938679 ) ) ;
#5358 = MECHANICAL_DESIGN_GEOMETRIC_PRESENTATION_REPRESENTATION (  '', ( #9 ), #4085 ) ;
#5359 = EDGE_CURVE ( 'NONE', #3939, #3455, #4589, .T. ) ;
#5360 = EDGE_LOOP ( 'NONE', ( #644, #3780, #4851, #3975 ) ) ;
#5361 =( LENGTH_UNIT ( ) NAMED_UNIT ( * ) SI_UNIT ( $, .METRE. ) );
#5362 = EDGE_CURVE ( 'NONE', #1058, #923, #4223, .T. ) ;
#5363 = LINE ( 'NONE', #2152, #2584 ) ;
#5364 = VECTOR ( 'NONE', #4261, 39.37007874015748854 ) ;
#5365 = DIRECTION ( 'NONE',  ( 0.000000000000000000, -0.8660254037844361541, 0.5000000000000041078 ) ) ;
#5366 = CARTESIAN_POINT ( 'NONE',  ( 0.9365039370078737102, 0.1473390649798273777, -5.463695987328526437E-16 ) ) ;
#5367 = DIRECTION ( 'NONE',  ( 1.000000000000000000, 0.000000000000000000, -0.000000000000000000 ) ) ;
#5368 = STYLED_ITEM ( 'NONE', ( #3065 ), #5436 ) ;
#5369 = COLOUR_RGB ( '',0.8588235294117646523, 0.09803921568627450844, 0.09803921568627450844 ) ;
#5370 = VERTEX_POINT ( 'NONE', #124 ) ;
#5371 = ORIENTED_EDGE ( 'NONE', *, *, #811, .F. ) ;
#5372 = ADVANCED_FACE ( 'NONE', ( #3322 ), #2926, .T. ) ;
#5373 = DIRECTION ( 'NONE',  ( 0.000000000000000000, 1.000000000000000000, -1.756682000989173806E-15 ) ) ;
#5374 = LENGTH_MEASURE_WITH_UNIT ( LENGTH_MEASURE( 0.02539999999999999897 ), #3114 );
#5375 = VERTEX_POINT ( 'NONE', #3368 ) ;
#5376 =( LENGTH_UNIT ( ) NAMED_UNIT ( * ) SI_UNIT ( $, .METRE. ) );
#5377 = SURFACE_STYLE_FILL_AREA ( #2043 ) ;
#5378 = SURFACE_SIDE_STYLE ('',( #1671 ) ) ;
#5379 = AXIS2_PLACEMENT_3D ( 'NONE', #2837, #941, #2871 ) ;
#5380 = EDGE_LOOP ( 'NONE', ( #2067, #3832, #4408, #5652, #4298, #2868, #4581, #3716, #3734, #5512, #5666, #418, #5470, #2980, #3492, #5101 ) ) ;
#5381 = MECHANICAL_DESIGN_GEOMETRIC_PRESENTATION_REPRESENTATION (  '', ( #5759 ), #3145 ) ;
#5382 = SURFACE_STYLE_USAGE ( .BOTH. , #352 ) ;
#5383 = LINE ( 'NONE', #1785, #2226 ) ;
#5384 = UNCERTAINTY_MEASURE_WITH_UNIT (LENGTH_MEASURE( 1.000000000000000082E-05 ), #1425, 'distance_accuracy_value', 'NONE');
#5385 = PRESENTATION_STYLE_ASSIGNMENT (( #4860 ) ) ;
#5386 = EDGE_LOOP ( 'NONE', ( #4464, #5273, #5439 ) ) ;
#5387 = LINE ( 'NONE', #2090, #4890 ) ;
#5388 = LENGTH_MEASURE_WITH_UNIT ( LENGTH_MEASURE( 0.02539999999999999897 ), #1151 );
#5389 = STYLED_ITEM ( 'NONE', ( #1924 ), #4 ) ;
#5390 = UNCERTAINTY_MEASURE_WITH_UNIT (LENGTH_MEASURE( 1.000000000000000082E-05 ), #2326, 'distance_accuracy_value', 'NONE');
#5391 = CARTESIAN_POINT ( 'NONE',  ( 0.6161417322834645827, -0.08353543307086615244, -0.07086614173228346358 ) ) ;
#5392 = CARTESIAN_POINT ( 'NONE',  ( 0.9685039370078740717, 0.000000000000000000, 0.000000000000000000 ) ) ;
#5393 = AXIS2_PLACEMENT_3D ( 'NONE', #3561, #3068, #2085 ) ;
#5394 = ORIENTED_EDGE ( 'NONE', *, *, #2867, .F. ) ;
#5395 = ORIENTED_EDGE ( 'NONE', *, *, #4743, .F. ) ;
#5396 = CARTESIAN_POINT ( 'NONE',  ( 0.6465912023628577199, 0.1498690950859317972, -0.1398694758552906370 ) ) ;
#5397 = VECTOR ( 'NONE', #859, 39.37007874015748143 ) ;
#5398 = FILL_AREA_STYLE ('',( #5450 ) ) ;
#5399 = SURFACE_SIDE_STYLE ('',( #5425 ) ) ;
#5400 =( NAMED_UNIT ( * ) PLANE_ANGLE_UNIT ( ) SI_UNIT ( $, .RADIAN. ) );
#5401 = ADVANCED_FACE ( 'NONE', ( #3764 ), #4693, .F. ) ;
#5402 = DIRECTION ( 'NONE',  ( 0.000000000000000000, 1.000000000000000000, 0.000000000000000000 ) ) ;
#5403 = FACE_OUTER_BOUND ( 'NONE', #188, .T. ) ;
#5404 = PRESENTATION_LAYER_ASSIGNMENT (  '', '', ( #1516 ) ) ;
#5405 = PRESENTATION_STYLE_ASSIGNMENT (( #4541 ) ) ;
#5406 =( GEOMETRIC_REPRESENTATION_CONTEXT ( 3 ) GLOBAL_UNCERTAINTY_ASSIGNED_CONTEXT ( ( #4348 ) ) GLOBAL_UNIT_ASSIGNED_CONTEXT ( ( #274, #3077, #1244 ) ) REPRESENTATION_CONTEXT ( 'NONE', 'WORKASPACE' ) );
#5407 = VERTEX_POINT ( 'NONE', #5281 ) ;
#5408 =( GEOMETRIC_REPRESENTATION_CONTEXT ( 3 ) GLOBAL_UNCERTAINTY_ASSIGNED_CONTEXT ( ( #3262 ) ) GLOBAL_UNIT_ASSIGNED_CONTEXT ( ( #3490, #4817, #5700 ) ) REPRESENTATION_CONTEXT ( 'NONE', 'WORKASPACE' ) );
#5409 = DIRECTION ( 'NONE',  ( 0.000000000000000000, 1.000000000000000000, 0.000000000000000000 ) ) ;
#5410 = SPHERICAL_SURFACE ( 'NONE', #668, 0.01000000000000000021 ) ;
#5411 = VECTOR ( 'NONE', #3354, 39.37007874015748143 ) ;
#5412 =( NAMED_UNIT ( * ) SI_UNIT ( $, .STERADIAN. ) SOLID_ANGLE_UNIT ( ) );
#5413 = VERTEX_POINT ( 'NONE', #536 ) ;
#5414 = SURFACE_STYLE_FILL_AREA ( #1213 ) ;
#5415 = VECTOR ( 'NONE', #416, 39.37007874015748143 ) ;
#5416 = DIRECTION ( 'NONE',  ( 0.000000000000000000, 1.000000000000000000, 0.000000000000000000 ) ) ;
#5417 = LENGTH_MEASURE_WITH_UNIT ( LENGTH_MEASURE( 0.02539999999999999897 ), #4436 );
#5418 = LINE ( 'NONE', #359, #5611 ) ;
#5419 = ORIENTED_EDGE ( 'NONE', *, *, #2140, .T. ) ;
#5420 = ORIENTED_EDGE ( 'NONE', *, *, #1406, .T. ) ;
#5421 = CARTESIAN_POINT ( 'NONE',  ( 0.000000000000000000, -0.1555118110236234918, -0.05856624327025919396 ) ) ;
#5422 = DIMENSIONAL_EXPONENTS ( 1.000000000000000000, 0.000000000000000000, 0.000000000000000000, 0.000000000000000000, 0.000000000000000000, 0.000000000000000000, 0.000000000000000000 ) ;
#5423 = MECHANICAL_DESIGN_GEOMETRIC_PRESENTATION_REPRESENTATION (  '', ( #5998 ), #4250 ) ;
#5424 = CARTESIAN_POINT ( 'NONE',  ( 0.5283520911099978123, -0.1497782122580197106, 0.1462021613596565794 ) ) ;
#5425 = SURFACE_STYLE_FILL_AREA ( #1285 ) ;
#5426 = ORIENTED_EDGE ( 'NONE', *, *, #3923, .F. ) ;
#5427 = VECTOR ( 'NONE', #182, 39.37007874015748143 ) ;
#5428 = EDGE_CURVE ( 'NONE', #1998, #5814, #2434, .T. ) ;
#5429 = FILL_AREA_STYLE_COLOUR ( '', #1194 ) ;
#5430 = PRESENTATION_STYLE_ASSIGNMENT (( #3661 ) ) ;
#5431 = ADVANCED_FACE ( 'NONE', ( #4247 ), #4883, .T. ) ;
#5432 =( LENGTH_UNIT ( ) NAMED_UNIT ( * ) SI_UNIT ( $, .METRE. ) );
#5433 =( GEOMETRIC_REPRESENTATION_CONTEXT ( 3 ) GLOBAL_UNCERTAINTY_ASSIGNED_CONTEXT ( ( #5985 ) ) GLOBAL_UNIT_ASSIGNED_CONTEXT ( ( #1108, #5315, #4818 ) ) REPRESENTATION_CONTEXT ( 'NONE', 'WORKASPACE' ) );
#5434 = DIRECTION ( 'NONE',  ( -1.000000000000000000, -0.000000000000000000, -0.000000000000000000 ) ) ;
#5435 =( GEOMETRIC_REPRESENTATION_CONTEXT ( 3 ) GLOBAL_UNCERTAINTY_ASSIGNED_CONTEXT ( ( #3194 ) ) GLOBAL_UNIT_ASSIGNED_CONTEXT ( ( #2128, #5876, #2627 ) ) REPRESENTATION_CONTEXT ( 'NONE', 'WORKASPACE' ) );
#5436 = ADVANCED_FACE ( 'NONE', ( #81 ), #1610, .T. ) ;
#5437 = LINE ( 'NONE', #1709, #1116 ) ;
#5438 = CARTESIAN_POINT ( 'NONE',  ( 0.002539331245590682046, 0.1454892698317056532, -0.1454892698317061805 ) ) ;
#5439 = ORIENTED_EDGE ( 'NONE', *, *, #5839, .T. ) ;
#5440 = DIRECTION ( 'NONE',  ( -0.9999619230641711987, 0.008726535498373953759, 0.000000000000000000 ) ) ;
#5441 = DIRECTION ( 'NONE',  ( 0.000000000000000000, -3.414809992080330699E-15, -1.000000000000000000 ) ) ;
#5442 = LINE ( 'NONE', #4374, #2409 ) ;
#5443 = UNCERTAINTY_MEASURE_WITH_UNIT (LENGTH_MEASURE( 1.000000000000000082E-05 ), #2671, 'distance_accuracy_value', 'NONE');
#5444 =( CONVERSION_BASED_UNIT ( 'INCH', #788 ) LENGTH_UNIT ( ) NAMED_UNIT ( #3699 ) );
#5445 = CYLINDRICAL_SURFACE ( 'NONE', #2912, 0.01000000000000000194 ) ;
#5446 = EDGE_LOOP ( 'NONE', ( #33, #5282, #4132, #874 ) ) ;
#5447 = ORIENTED_EDGE ( 'NONE', *, *, #403, .T. ) ;
#5448 = STYLED_ITEM ( 'NONE', ( #3493 ), #4705 ) ;
#5449 = PRESENTATION_STYLE_ASSIGNMENT (( #3259 ) ) ;
#5450 = FILL_AREA_STYLE_COLOUR ( '', #199 ) ;
#5451 = LINE ( 'NONE', #1256, #4614 ) ;
#5452 =( NAMED_UNIT ( * ) PLANE_ANGLE_UNIT ( ) SI_UNIT ( $, .RADIAN. ) );
#5453 = PRESENTATION_LAYER_ASSIGNMENT (  '', '', ( #1772 ) ) ;
#5454 = VERTEX_POINT ( 'NONE', #2788 ) ;
#5455 = CARTESIAN_POINT ( 'NONE',  ( 0.4840000000000000413, 0.1745118110236230924, 0.1745118110236225095 ) ) ;
#5456 = SURFACE_STYLE_FILL_AREA ( #4060 ) ;
#5457 = COLOUR_RGB ( '',0.8588235294117646523, 0.09803921568627450844, 0.09803921568627450844 ) ;
#5458 = PRESENTATION_STYLE_ASSIGNMENT (( #2227 ) ) ;
#5459 =( NAMED_UNIT ( * ) PLANE_ANGLE_UNIT ( ) SI_UNIT ( $, .RADIAN. ) );
#5460 =( GEOMETRIC_REPRESENTATION_CONTEXT ( 3 ) GLOBAL_UNCERTAINTY_ASSIGNED_CONTEXT ( ( #4216 ) ) GLOBAL_UNIT_ASSIGNED_CONTEXT ( ( #4941, #3606, #4082 ) ) REPRESENTATION_CONTEXT ( 'NONE', 'WORKASPACE' ) );
#5461 = EDGE_CURVE ( 'NONE', #3772, #3455, #4544, .T. ) ;
#5462 =( CONVERSION_BASED_UNIT ( 'INCH', #3614 ) LENGTH_UNIT ( ) NAMED_UNIT ( #1451 ) );
#5463 = CARTESIAN_POINT ( 'NONE',  ( 0.9389763779527559029, -0.08353543307086615244, -0.07086614173228346358 ) ) ;
#5464 = SURFACE_SIDE_STYLE ('',( #2646 ) ) ;
#5465 = VECTOR ( 'NONE', #799, 39.37007874015747433 ) ;
#5466 = DIRECTION ( 'NONE',  ( -0.008726535498373955493, 0.9999619230641713097, 0.000000000000000000 ) ) ;
#5467 = CARTESIAN_POINT ( 'NONE',  ( 0.000000000000000000, 0.1745118110236222320, -0.07046965511460344389 ) ) ;
#5468 = ADVANCED_FACE ( 'NONE', ( #3665 ), #2727, .T. ) ;
#5469 = AXIS2_PLACEMENT_3D ( 'NONE', #990, #1027, #1490 ) ;
#5470 = ORIENTED_EDGE ( 'NONE', *, *, #773, .T. ) ;
#5471 = DIRECTION ( 'NONE',  ( 0.000000000000000000, 0.000000000000000000, 1.000000000000000000 ) ) ;
#5472 =( NAMED_UNIT ( * ) PLANE_ANGLE_UNIT ( ) SI_UNIT ( $, .RADIAN. ) );
#5473 = ORIENTED_EDGE ( 'NONE', *, *, #1612, .T. ) ;
#5474 = EDGE_LOOP ( 'NONE', ( #3911, #3328, #3580, #3840 ) ) ;
#5475 = LENGTH_MEASURE_WITH_UNIT ( LENGTH_MEASURE( 0.02539999999999999897 ), #1779 );
#5476 = FILL_AREA_STYLE_COLOUR ( '', #2015 ) ;
#5477 = DIRECTION ( 'NONE',  ( 0.000000000000000000, -0.5000000000000016653, -0.8660254037844377084 ) ) ;
#5478 = SURFACE_STYLE_FILL_AREA ( #5027 ) ;
#5479 =( GEOMETRIC_REPRESENTATION_CONTEXT ( 3 ) GLOBAL_UNCERTAINTY_ASSIGNED_CONTEXT ( ( #5747 ) ) GLOBAL_UNIT_ASSIGNED_CONTEXT ( ( #2733, #808, #414 ) ) REPRESENTATION_CONTEXT ( 'NONE', 'WORKASPACE' ) );
#5480 = ORIENTED_EDGE ( 'NONE', *, *, #259, .F. ) ;
#5481 = VECTOR ( 'NONE', #2626, 39.37007874015748143 ) ;
#5482 = CARTESIAN_POINT ( 'NONE',  ( 0.9585912023628577749, 0.1143637243739752257, 7.896824868095395189E-19 ) ) ;
#5483 = PRESENTATION_LAYER_ASSIGNMENT (  '', '', ( #2381 ) ) ;
#5484 = DIMENSIONAL_EXPONENTS ( 1.000000000000000000, 0.000000000000000000, 0.000000000000000000, 0.000000000000000000, 0.000000000000000000, 0.000000000000000000, 0.000000000000000000 ) ;
#5485 = FACE_OUTER_BOUND ( 'NONE', #2744, .T. ) ;
#5486 =( LENGTH_UNIT ( ) NAMED_UNIT ( * ) SI_UNIT ( $, .METRE. ) );
#5487 = MECHANICAL_DESIGN_GEOMETRIC_PRESENTATION_REPRESENTATION (  '', ( #4419 ), #243 ) ;
#5488 = DIRECTION ( 'NONE',  ( -0.9999619230641711987, 0.000000000000000000, -0.008726535498373953759 ) ) ;
#5489 = EDGE_CURVE ( 'NONE', #1692, #3939, #4880, .T. ) ;
#5490 = MECHANICAL_DESIGN_GEOMETRIC_PRESENTATION_REPRESENTATION (  '', ( #4513 ), #2119 ) ;
#5491 = FILL_AREA_STYLE_COLOUR ( '', #4166 ) ;
#5492 = CARTESIAN_POINT ( 'NONE',  ( 0.5779999999999999583, 0.07499999999999999722, 0.1555118110236226869 ) ) ;
#5493 = COLOUR_RGB ( '',0.8588235294117646523, 0.09803921568627450844, 0.09803921568627450844 ) ;
#5494 =( LENGTH_UNIT ( ) NAMED_UNIT ( * ) SI_UNIT ( $, .METRE. ) );
#5495 = ORIENTED_EDGE ( 'NONE', *, *, #222, .T. ) ;
#5496 = SURFACE_SIDE_STYLE ('',( #2704 ) ) ;
#5497 = EDGE_CURVE ( 'NONE', #459, #3084, #4328, .T. ) ;
#5498 = ADVANCED_FACE ( 'NONE', ( #2489, #4240 ), #3394, .T. ) ;
#5499 = AXIS2_PLACEMENT_3D ( 'NONE', #4738, #1093, #4803 ) ;
#5500 = LENGTH_MEASURE_WITH_UNIT ( LENGTH_MEASURE( 0.02539999999999999897 ), #860 );
#5501 = LINE ( 'NONE', #417, #763 ) ;
#5502 = VERTEX_POINT ( 'NONE', #4659 ) ;
#5503 = STYLED_ITEM ( 'NONE', ( #4282 ), #2423 ) ;
#5504 = VERTEX_POINT ( 'NONE', #2364 ) ;
#5505 = CARTESIAN_POINT ( 'NONE',  ( 0.4730303448853973580, 0.04217949192431132838, 0.1555118110236226869 ) ) ;
#5506 = FILL_AREA_STYLE_COLOUR ( '', #5 ) ;
#5507 = DIRECTION ( 'NONE',  ( -0.9999238504775704861, -0.008726203243944236423, -0.008726203243944236423 ) ) ;
#5508 = UNCERTAINTY_MEASURE_WITH_UNIT (LENGTH_MEASURE( 1.000000000000000082E-05 ), #3191, 'distance_accuracy_value', 'NONE');
#5509 = PRESENTATION_STYLE_ASSIGNMENT (( #5025 ) ) ;
#5510 =( GEOMETRIC_REPRESENTATION_CONTEXT ( 3 ) GLOBAL_UNCERTAINTY_ASSIGNED_CONTEXT ( ( #1423 ) ) GLOBAL_UNIT_ASSIGNED_CONTEXT ( ( #3390, #2570, #768 ) ) REPRESENTATION_CONTEXT ( 'NONE', 'WORKASPACE' ) );
#5511 =( LENGTH_UNIT ( ) NAMED_UNIT ( * ) SI_UNIT ( $, .METRE. ) );
#5512 = ORIENTED_EDGE ( 'NONE', *, *, #4019, .T. ) ;
#5513 = EDGE_LOOP ( 'NONE', ( #633, #1192, #1092 ) ) ;
#5514 = CARTESIAN_POINT ( 'NONE',  ( 0.4879999999999999338, -0.1462307221103778532, 0.06392468245269448957 ) ) ;
#5515 = DIRECTION ( 'NONE',  ( 0.02933747147263221153, -0.000000000000000000, -0.9995695637461118332 ) ) ;
#5516 = CARTESIAN_POINT ( 'NONE',  ( 0.4730303448853976356, 0.1555118110236227702, -0.05278958680028777994 ) ) ;
#5517 = DIRECTION ( 'NONE',  ( 0.000000000000000000, 0.000000000000000000, -1.000000000000000000 ) ) ;
#5518 = CARTESIAN_POINT ( 'NONE',  ( 0.9389763779527559029, -0.08353543307086615244, -0.07086614173228346358 ) ) ;
#5519 = CIRCLE ( 'NONE', #3771, 0.01000000000000002970 ) ;
#5520 = LENGTH_MEASURE_WITH_UNIT ( LENGTH_MEASURE( 0.02539999999999999897 ), #2252 );
#5521 = CARTESIAN_POINT ( 'NONE',  ( 0.5282606005958296880, 0.1509017506031536116, -0.07775373837531790455 ) ) ;
#5522 = LINE ( 'NONE', #5618, #5530 ) ;
#5523 = CARTESIAN_POINT ( 'NONE',  ( 0.9685039370078740717, 0.1180000000000000354, -0.1210000000000000103 ) ) ;
#5524 = DIMENSIONAL_EXPONENTS ( 1.000000000000000000, 0.000000000000000000, 0.000000000000000000, 0.000000000000000000, 0.000000000000000000, 0.000000000000000000, 0.000000000000000000 ) ;
#5525 = LINE ( 'NONE', #5492, #2048 ) ;
#5526 = PRESENTATION_LAYER_ASSIGNMENT (  '', '', ( #1655 ) ) ;
#5527 = VERTEX_POINT ( 'NONE', #4208 ) ;
#5528 = PRESENTATION_STYLE_ASSIGNMENT (( #891 ) ) ;
#5529 = SURFACE_SIDE_STYLE ('',( #3675 ) ) ;
#5530 = VECTOR ( 'NONE', #3304, 39.37007874015748143 ) ;
#5531 = EDGE_LOOP ( 'NONE', ( #4108, #5878, #890, #1812, #1066 ) ) ;
#5532 = EDGE_CURVE ( 'NONE', #584, #3230, #1908, .T. ) ;
#5533 = ORIENTED_EDGE ( 'NONE', *, *, #924, .T. ) ;
#5534 =( GEOMETRIC_REPRESENTATION_CONTEXT ( 3 ) GLOBAL_UNCERTAINTY_ASSIGNED_CONTEXT ( ( #1802 ) ) GLOBAL_UNIT_ASSIGNED_CONTEXT ( ( #2905, #5670, #3421 ) ) REPRESENTATION_CONTEXT ( 'NONE', 'WORKASPACE' ) );
#5535 = CARTESIAN_POINT ( 'NONE',  ( 0.6565039370078741277, -0.1398694758552933570, 0.000000000000000000 ) ) ;
#5536 = CARTESIAN_POINT ( 'NONE',  ( 0.9685039370078740717, 0.1429641053674953199, 0.01799999999999948516 ) ) ;
#5537 =( CONVERSION_BASED_UNIT ( 'INCH', #3687 ) LENGTH_UNIT ( ) NAMED_UNIT ( #4119 ) );
#5538 = VECTOR ( 'NONE', #3364, 39.37007874015748143 ) ;
#5539 = ORIENTED_EDGE ( 'NONE', *, *, #2033, .T. ) ;
#5540 = EDGE_CURVE ( 'NONE', #5167, #783, #5645, .T. ) ;
#5541 = ORIENTED_EDGE ( 'NONE', *, *, #2979, .F. ) ;
#5542 =( NAMED_UNIT ( * ) SI_UNIT ( $, .STERADIAN. ) SOLID_ANGLE_UNIT ( ) );
#5543 = CARTESIAN_POINT ( 'NONE',  ( 0.4881889763779527769, -0.1555118110236234918, 0.05856624327025919396 ) ) ;
#5544 =( LENGTH_UNIT ( ) NAMED_UNIT ( * ) SI_UNIT ( $, .METRE. ) );
#5545 = FACE_OUTER_BOUND ( 'NONE', #4248, .T. ) ;
#5546 = PRESENTATION_LAYER_ASSIGNMENT (  '', '', ( #2171 ) ) ;
#5547 = COLOUR_RGB ( '',0.8588235294117646523, 0.09803921568627450844, 0.09803921568627450844 ) ;
#5548 = CARTESIAN_POINT ( 'NONE',  ( 0.000000000000000000, -0.1305118110236235252, -0.07299999999999999545 ) ) ;
#5549 = DIMENSIONAL_EXPONENTS ( 1.000000000000000000, 0.000000000000000000, 0.000000000000000000, 0.000000000000000000, 0.000000000000000000, 0.000000000000000000, 0.000000000000000000 ) ;
#5550 = STYLED_ITEM ( 'NONE', ( #4999 ), #4571 ) ;
#5551 = FILL_AREA_STYLE_COLOUR ( '', #2342 ) ;
#5552 = SURFACE_STYLE_USAGE ( .BOTH. , #1293 ) ;
#5553 = VECTOR ( 'NONE', #497, 39.37007874015748143 ) ;
#5554 = CARTESIAN_POINT ( 'NONE',  ( 0.4883432469582734137, 0.07874015748031498729, -0.06833745842442372209 ) ) ;
#5555 = ORIENTED_EDGE ( 'NONE', *, *, #4524, .T. ) ;
#5556 = LENGTH_MEASURE_WITH_UNIT ( LENGTH_MEASURE( 0.02539999999999999897 ), #1745 );
#5557 = LINE ( 'NONE', #1886, #5415 ) ;
#5558 = UNCERTAINTY_MEASURE_WITH_UNIT (LENGTH_MEASURE( 1.000000000000000082E-05 ), #5790, 'distance_accuracy_value', 'NONE');
#5559 = LINE ( 'NONE', #3286, #364 ) ;
#5560 =( NAMED_UNIT ( * ) SI_UNIT ( $, .STERADIAN. ) SOLID_ANGLE_UNIT ( ) );
#5561 = DIMENSIONAL_EXPONENTS ( 1.000000000000000000, 0.000000000000000000, 0.000000000000000000, 0.000000000000000000, 0.000000000000000000, 0.000000000000000000, 0.000000000000000000 ) ;
#5562 = ORIENTED_EDGE ( 'NONE', *, *, #4873, .F. ) ;
#5563 = VERTEX_POINT ( 'NONE', #1730 ) ;
#5564 = SURFACE_STYLE_FILL_AREA ( #3713 ) ;
#5565 =( LENGTH_UNIT ( ) NAMED_UNIT ( * ) SI_UNIT ( $, .METRE. ) );
#5566 = UNCERTAINTY_MEASURE_WITH_UNIT (LENGTH_MEASURE( 1.000000000000000082E-05 ), #4086, 'distance_accuracy_value', 'NONE');
#5567 = CARTESIAN_POINT ( 'NONE',  ( 0.9684166849428144097, -0.1370609474171209097, 0.1470605666477620699 ) ) ;
#5568 = DIRECTION ( 'NONE',  ( -0.000000000000000000, -0.000000000000000000, -1.000000000000000000 ) ) ;
#5569 = ORIENTED_EDGE ( 'NONE', *, *, #3131, .F. ) ;
#5570 = EDGE_LOOP ( 'NONE', ( #98, #4168, #4842, #3393 ) ) ;
#5571 =( CONVERSION_BASED_UNIT ( 'INCH', #5077 ) LENGTH_UNIT ( ) NAMED_UNIT ( #2512 ) );
#5572 = FILL_AREA_STYLE ('',( #3267 ) ) ;
#5573 =( NAMED_UNIT ( * ) SI_UNIT ( $, .STERADIAN. ) SOLID_ANGLE_UNIT ( ) );
#5574 = EDGE_CURVE ( 'NONE', #5167, #5070, #657, .T. ) ;
#5575 = CARTESIAN_POINT ( 'NONE',  ( 0.4879999999999999338, 0.06102501149073151498, -0.1512530995417304680 ) ) ;
#5576 = VECTOR ( 'NONE', #3164, 39.37007874015748143 ) ;
#5577 = EDGE_CURVE ( 'NONE', #2383, #4268, #4448, .T. ) ;
#5578 = CARTESIAN_POINT ( 'NONE',  ( 0.6066917420637457647, 0.08448640609338523011, 0.1502172924008871036 ) ) ;
#5579 = LINE ( 'NONE', #5083, #4617 ) ;
#5580 = FILL_AREA_STYLE_COLOUR ( '', #1348 ) ;
#5581 = PRESENTATION_LAYER_ASSIGNMENT (  '', '', ( #2482 ) ) ;
#5582 = MECHANICAL_DESIGN_GEOMETRIC_PRESENTATION_REPRESENTATION (  '', ( #2293 ), #4317 ) ;
#5583 = SURFACE_STYLE_FILL_AREA ( #498 ) ;
#5584 = PLANE ( 'NONE',  #3833 ) ;
#5585 = EDGE_CURVE ( 'NONE', #2803, #2636, #3919, .T. ) ;
#5586 = VECTOR ( 'NONE', #1295, 39.37007874015748143 ) ;
#5587 = STYLED_ITEM ( 'NONE', ( #5430 ), #744 ) ;
#5588 = CARTESIAN_POINT ( 'NONE',  ( 0.4733497035020817201, -0.07874015748031493178, -0.06877752049651320032 ) ) ;
#5589 = LINE ( 'NONE', #982, #5168 ) ;
#5590 = VERTEX_POINT ( 'NONE', #319 ) ;
#5591 = SURFACE_STYLE_FILL_AREA ( #503 ) ;
#5592 = CARTESIAN_POINT ( 'NONE',  ( 0.5282606005958296880, 0.1509017506031535838, -0.1409021313725124236 ) ) ;
#5593 = LINE ( 'NONE', #863, #3388 ) ;
#5594 = COLOUR_RGB ( '',0.8588235294117646523, 0.09803921568627450844, 0.09803921568627450844 ) ;
#5595 = PRESENTATION_STYLE_ASSIGNMENT (( #2891 ) ) ;
#5596 = VERTEX_POINT ( 'NONE', #3119 ) ;
#5597 = ORIENTED_EDGE ( 'NONE', *, *, #4561, .T. ) ;
#5598 = COLOUR_RGB ( '',0.8588235294117646523, 0.09803921568627450844, 0.09803921568627450844 ) ;
#5599 = AXIS2_PLACEMENT_3D ( 'NONE', #242, #4015, #1656 ) ;
#5600 = ORIENTED_EDGE ( 'NONE', *, *, #2149, .F. ) ;
#5601 = EDGE_LOOP ( 'NONE', ( #824, #2664, #4879, #1966 ) ) ;
#5602 = CARTESIAN_POINT ( 'NONE',  ( 0.4840000000000000413, 0.1745118110236222320, -0.07046965511460344389 ) ) ;
#5603 = CARTESIAN_POINT ( 'NONE',  ( 0.5480645435208897354, -0.08499803790400720094, -0.1507289242115113781 ) ) ;
#5604 = DIMENSIONAL_EXPONENTS ( 1.000000000000000000, 0.000000000000000000, 0.000000000000000000, 0.000000000000000000, 0.000000000000000000, 0.000000000000000000, 0.000000000000000000 ) ;
#5605 = AXIS2_PLACEMENT_3D ( 'NONE', #2162, #5477, #4000 ) ;
#5606 = FILL_AREA_STYLE_COLOUR ( '', #5261 ) ;
#5607 = CARTESIAN_POINT ( 'NONE',  ( 0.000000000000000000, 0.09842519685039369248, -0.09842519685039369248 ) ) ;
#5608 = CARTESIAN_POINT ( 'NONE',  ( 0.5779999999999999583, -0.1555118110236234918, 0.1504676814405643825 ) ) ;
#5609 = CARTESIAN_POINT ( 'NONE',  ( 0.4881889763779527769, 0.07300000000000045342, -0.1305118110236232476 ) ) ;
#5610 = ADVANCED_FACE ( 'NONE', ( #4111 ), #4502, .F. ) ;
#5611 = VECTOR ( 'NONE', #5334, 39.37007874015748143 ) ;
#5612 = DIRECTION ( 'NONE',  ( -0.8642810200127761799, -0.007542466195713739760, 0.5029527111462485101 ) ) ;
#5613 = EDGE_CURVE ( 'NONE', #4049, #4616, #4794, .T. ) ;
#5614 =( BOUNDED_CURVE ( )  B_SPLINE_CURVE ( 3, ( #2106, #5858, #5791, #1639 ),
 .UNSPECIFIED., .F., .T. ) 
 B_SPLINE_CURVE_WITH_KNOTS ( ( 4, 4 ),
 ( 2.482534617763381579, 3.800650689416201988 ),
 .UNSPECIFIED. ) 
 CURVE ( )  GEOMETRIC_REPRESENTATION_ITEM ( )  RATIONAL_B_SPLINE_CURVE ( ( 1.000000000000000000, 0.8603796100280627357, 0.8603796100280627357, 1.000000000000000000 ) ) 
 REPRESENTATION_ITEM ( '' )  );
#5615 =( LENGTH_UNIT ( ) NAMED_UNIT ( * ) SI_UNIT ( $, .METRE. ) );
#5616 = CARTESIAN_POINT ( 'NONE',  ( 0.6565039370078741277, -0.1179999999999999660, 0.1182772172492832646 ) ) ;
#5617 = CARTESIAN_POINT ( 'NONE',  ( 0.4879999999999999338, -0.1555118110236234918, 0.05856624327025920090 ) ) ;
#5618 = CARTESIAN_POINT ( 'NONE',  ( 0.8780243864950660893, -0.07874015748031494566, 0.01297546938129646131 ) ) ;
#5619 = MECHANICAL_DESIGN_GEOMETRIC_PRESENTATION_REPRESENTATION (  '', ( #280 ), #4065 ) ;
#5620 =( CONVERSION_BASED_UNIT ( 'INCH', #1481 ) LENGTH_UNIT ( ) NAMED_UNIT ( #3398 ) );
#5621 =( LENGTH_UNIT ( ) NAMED_UNIT ( * ) SI_UNIT ( $, .METRE. ) );
#5622 = ORIENTED_EDGE ( 'NONE', *, *, #5585, .F. ) ;
#5623 = EDGE_CURVE ( 'NONE', #2895, #2030, #5185, .T. ) ;
#5624 = VECTOR ( 'NONE', #2138, 39.37007874015748143 ) ;
#5625 = DIRECTION ( 'NONE',  ( -1.000000000000000000, 0.000000000000000000, 0.000000000000000000 ) ) ;
#5626 = FILL_AREA_STYLE_COLOUR ( '', #3181 ) ;
#5627 = CARTESIAN_POINT ( 'NONE',  ( 0.000000000000000000, 0.1513699255007642519, -0.1555118110236207718 ) ) ;
#5628 = AXIS2_PLACEMENT_3D ( 'NONE', #5609, #2537, #4207 ) ;
#5629 =( NAMED_UNIT ( * ) PLANE_ANGLE_UNIT ( ) SI_UNIT ( $, .RADIAN. ) );
#5630 = SURFACE_SIDE_STYLE ('',( #895 ) ) ;
#5631 = VERTEX_POINT ( 'NONE', #2492 ) ;
#5632 =( LENGTH_UNIT ( ) NAMED_UNIT ( * ) SI_UNIT ( $, .METRE. ) );
#5633 = MECHANICAL_DESIGN_GEOMETRIC_PRESENTATION_REPRESENTATION (  '', ( #3596 ), #2430 ) ;
#5634 = CARTESIAN_POINT ( 'NONE',  ( 0.5280174214226432960, 0.1539716938780349709, -0.07776720158213790146 ) ) ;
#5635 = PLANE ( 'NONE',  #4521 ) ;
#5636 = PRESENTATION_STYLE_ASSIGNMENT (( #3777 ) ) ;
#5637 = UNCERTAINTY_MEASURE_WITH_UNIT (LENGTH_MEASURE( 1.000000000000000082E-05 ), #5114, 'distance_accuracy_value', 'NONE');
#5638 = EDGE_LOOP ( 'NONE', ( #2740, #2047, #547, #3178, #5420, #3462 ) ) ;
#5639 = ORIENTED_EDGE ( 'NONE', *, *, #2224, .F. ) ;
#5640 = LINE ( 'NONE', #4654, #4806 ) ;
#5641 = DIRECTION ( 'NONE',  ( -0.008726535498371386368, 0.000000000000000000, -0.9999619230641713097 ) ) ;
#5642 = DIRECTION ( 'NONE',  ( 0.000000000000000000, -0.5000000000000072164, 0.8660254037844344888 ) ) ;
#5643 = VECTOR ( 'NONE', #965, 39.37007874015748854 ) ;
#5644 = ORIENTED_EDGE ( 'NONE', *, *, #2569, .F. ) ;
#5645 = LINE ( 'NONE', #977, #405 ) ;
#5646 = LINE ( 'NONE', #1103, #590 ) ;
#5647 = CARTESIAN_POINT ( 'NONE',  ( 6.736246273439711212E-18, 0.1555118110236232976, 0.1069999999999994289 ) ) ;
#5648 = ADVANCED_FACE ( 'NONE', ( #603 ), #5653, .T. ) ;
#5649 =( NAMED_UNIT ( * ) PLANE_ANGLE_UNIT ( ) SI_UNIT ( $, .RADIAN. ) );
#5650 = STYLED_ITEM ( 'NONE', ( #1541 ), #4197 ) ;
#5651 = DIRECTION ( 'NONE',  ( -1.000000000000000000, 0.000000000000000000, 0.000000000000000000 ) ) ;
#5652 = ORIENTED_EDGE ( 'NONE', *, *, #3460, .T. ) ;
#5653 = CYLINDRICAL_SURFACE ( 'NONE', #500, 0.02000000000000000042 ) ;
#5654 = LINE ( 'NONE', #4305, #3152 ) ;
#5655 = EDGE_CURVE ( 'NONE', #5691, #65, #3433, .T. ) ;
#5656 = EDGE_CURVE ( 'NONE', #4199, #4268, #2049, .T. ) ;
#5657 = SURFACE_STYLE_USAGE ( .BOTH. , #543 ) ;
#5658 =( CONVERSION_BASED_UNIT ( 'INCH', #3801 ) LENGTH_UNIT ( ) NAMED_UNIT ( #1205 ) );
#5659 = COLOUR_RGB ( '',0.8588235294117646523, 0.09803921568627450844, 0.09803921568627450844 ) ;
#5660 = VERTEX_POINT ( 'NONE', #2982 ) ;
#5661 = LINE ( 'NONE', #3413, #166 ) ;
#5662 = VECTOR ( 'NONE', #2303, 39.37007874015748143 ) ;
#5663 = FILL_AREA_STYLE_COLOUR ( '', #5598 ) ;
#5664 = VERTEX_POINT ( 'NONE', #4821 ) ;
#5665 =( GEOMETRIC_REPRESENTATION_CONTEXT ( 3 ) GLOBAL_UNCERTAINTY_ASSIGNED_CONTEXT ( ( #2953 ) ) GLOBAL_UNIT_ASSIGNED_CONTEXT ( ( #384, #4955, #5412 ) ) REPRESENTATION_CONTEXT ( 'NONE', 'WORKASPACE' ) );
#5666 = ORIENTED_EDGE ( 'NONE', *, *, #5230, .T. ) ;
#5667 =( LENGTH_UNIT ( ) NAMED_UNIT ( * ) SI_UNIT ( $, .METRE. ) );
#5668 = FACE_OUTER_BOUND ( 'NONE', #5926, .T. ) ;
#5669 = DIRECTION ( 'NONE',  ( 0.000000000000000000, -1.000000000000000000, 0.000000000000000000 ) ) ;
#5670 =( NAMED_UNIT ( * ) PLANE_ANGLE_UNIT ( ) SI_UNIT ( $, .RADIAN. ) );
#5671 = CARTESIAN_POINT ( 'NONE',  ( 0.4879999999999999338, -0.1555118110236234918, -0.05856624327025919396 ) ) ;
#5672 = ORIENTED_EDGE ( 'NONE', *, *, #2319, .F. ) ;
#5673 = MECHANICAL_DESIGN_GEOMETRIC_PRESENTATION_REPRESENTATION (  '', ( #5280 ), #5181 ) ;
#5674 = DIRECTION ( 'NONE',  ( 1.000000000000000000, 0.000000000000000000, 0.000000000000000000 ) ) ;
#5675 = MECHANICAL_DESIGN_GEOMETRIC_PRESENTATION_REPRESENTATION (  '', ( #3061 ), #5479 ) ;
#5676 = SURFACE_SIDE_STYLE ('',( #1545 ) ) ;
#5677 = ORIENTED_EDGE ( 'NONE', *, *, #3166, .F. ) ;
#5678 = FILL_AREA_STYLE ('',( #3825 ) ) ;
#5679 = DIRECTION ( 'NONE',  ( -0.000000000000000000, -0.000000000000000000, 1.000000000000000000 ) ) ;
#5680 = CARTESIAN_POINT ( 'NONE',  ( 0.000000000000000000, 0.1555118110236202167, -0.1455121917929790565 ) ) ;
#5681 =( LENGTH_UNIT ( ) NAMED_UNIT ( * ) SI_UNIT ( $, .METRE. ) );
#5682 = PRESENTATION_LAYER_ASSIGNMENT (  '', '', ( #49 ) ) ;
#5683 = STYLED_ITEM ( 'NONE', ( #346 ), #706 ) ;
#5685 = ADVANCED_FACE ( 'NONE', ( #5318 ), #2637, .F. ) ;
#5684 = DIMENSIONAL_EXPONENTS ( 1.000000000000000000, 0.000000000000000000, 0.000000000000000000, 0.000000000000000000, 0.000000000000000000, 0.000000000000000000, 0.000000000000000000 ) ;
#5686 = VERTEX_POINT ( 'NONE', #4533 ) ;
#5687 =( NAMED_UNIT ( * ) SI_UNIT ( $, .STERADIAN. ) SOLID_ANGLE_UNIT ( ) );
#5688 = UNCERTAINTY_MEASURE_WITH_UNIT (LENGTH_MEASURE( 1.000000000000000082E-05 ), #3830, 'distance_accuracy_value', 'NONE');
#5689 = ORIENTED_EDGE ( 'NONE', *, *, #3385, .F. ) ;
#5690 = AXIS2_PLACEMENT_3D ( 'NONE', #1849, #2647, #326 ) ;
#5691 = VERTEX_POINT ( 'NONE', #826 ) ;
#5692 = SURFACE_STYLE_FILL_AREA ( #1999 ) ;
#5693 = EDGE_CURVE ( 'NONE', #5045, #1669, #426, .T. ) ;
#5694 = FACE_OUTER_BOUND ( 'NONE', #5184, .T. ) ;
#5695 = CARTESIAN_POINT ( 'NONE',  ( 0.6161417322834645827, -0.08353543307086615244, -0.004853666185752438141 ) ) ;
#5696 =( NAMED_UNIT ( * ) PLANE_ANGLE_UNIT ( ) SI_UNIT ( $, .RADIAN. ) );
#5697 = VERTEX_POINT ( 'NONE', #851 ) ;
#5698 = CARTESIAN_POINT ( 'NONE',  ( 0.000000000000000000, 0.09842519685039372024, 0.09842519685039372024 ) ) ;
#5699 = FACE_OUTER_BOUND ( 'NONE', #4008, .T. ) ;
#5700 =( NAMED_UNIT ( * ) SI_UNIT ( $, .STERADIAN. ) SOLID_ANGLE_UNIT ( ) );
#5701 = CYLINDRICAL_SURFACE ( 'NONE', #4945, 0.009999999999999995004 ) ;
#5702 = VECTOR ( 'NONE', #5307, 39.37007874015748143 ) ;
#5703 = FILL_AREA_STYLE ('',( #3794 ) ) ;
#5704 = VERTEX_POINT ( 'NONE', #3659 ) ;
#5705 = CARTESIAN_POINT ( 'NONE',  ( 0.9685039370078740717, -0.1371466931045766113, 0.01799999999999950598 ) ) ;
#5706 = MECHANICAL_DESIGN_GEOMETRIC_PRESENTATION_REPRESENTATION (  '', ( #177 ), #1929 ) ;
#5707 = FILL_AREA_STYLE ('',( #4306 ) ) ;
#5708 = SURFACE_SIDE_STYLE ('',( #3043 ) ) ;
#5709 = CARTESIAN_POINT ( 'NONE',  ( 0.4663199316856842525, -0.05950000000000022632, 0.1555118110236227147 ) ) ;
#5710 = DIRECTION ( 'NONE',  ( 0.000000000000000000, 0.000000000000000000, -1.000000000000000000 ) ) ;
#5711 = CARTESIAN_POINT ( 'NONE',  ( 0.9685039370078740717, 0.1043641051433334827, -0.1085540197423983111 ) ) ;
#5712 = VERTEX_POINT ( 'NONE', #4059 ) ;
#5713 = ORIENTED_EDGE ( 'NONE', *, *, #914, .F. ) ;
#5714 = DIRECTION ( 'NONE',  ( 0.000000000000000000, -0.5000000000000015543, -0.8660254037844377084 ) ) ;
#5715 = AXIS2_PLACEMENT_3D ( 'NONE', #5279, #1234, #4946 ) ;
#5716 = LINE ( 'NONE', #1526, #5311 ) ;
#5717 = EDGE_CURVE ( 'NONE', #3442, #5167, #2194, .T. ) ;
#5718 = EDGE_LOOP ( 'NONE', ( #3295, #3501, #1281, #3981 ) ) ;
#5719 = VECTOR ( 'NONE', #677, 39.37007874015748143 ) ;
#5720 = VERTEX_POINT ( 'NONE', #4501 ) ;
#5721 = DIMENSIONAL_EXPONENTS ( 1.000000000000000000, 0.000000000000000000, 0.000000000000000000, 0.000000000000000000, 0.000000000000000000, 0.000000000000000000, 0.000000000000000000 ) ;
#5722 = SURFACE_STYLE_FILL_AREA ( #4356 ) ;
#5723 = EDGE_CURVE ( 'NONE', #3517, #1144, #4110, .T. ) ;
#5724 = DIRECTION ( 'NONE',  ( 0.000000000000000000, -0.4999999999999979461, 0.8660254037844397068 ) ) ;
#5725 = LENGTH_MEASURE_WITH_UNIT ( LENGTH_MEASURE( 0.02539999999999999897 ), #4324 );
#5726 = DIRECTION ( 'NONE',  ( -0.9996573249755573709, 0.000000000000000000, 0.02617694830786631774 ) ) ;
#5727 = CARTESIAN_POINT ( 'NONE',  ( 0.6565039370078741277, 0.1170000000000000484, 1.213184216936841517E-31 ) ) ;
#5728 = EDGE_CURVE ( 'NONE', #4616, #5000, #2443, .T. ) ;
#5729 = ORIENTED_EDGE ( 'NONE', *, *, #3829, .F. ) ;
#5730 = FILL_AREA_STYLE ('',( #2460 ) ) ;
#5731 = SPHERICAL_SURFACE ( 'NONE', #1863, 0.01000000000000000021 ) ;
#5732 = PRESENTATION_LAYER_ASSIGNMENT (  '', '', ( #2338 ) ) ;
#5733 = PRESENTATION_STYLE_ASSIGNMENT (( #5217 ) ) ;
#5734 = AXIS2_PLACEMENT_3D ( 'NONE', #3243, #5970, #5488 ) ;
#5735 = ORIENTED_EDGE ( 'NONE', *, *, #3020, .F. ) ;
#5736 = CARTESIAN_POINT ( 'NONE',  ( -8.725206505955668420E-05, -0.1555125724608597548, 0.1455129532302174566 ) ) ;
#5737 = CARTESIAN_POINT ( 'NONE',  ( 0.6465039370078740077, 0.1398694758552900819, -5.463695987328526437E-16 ) ) ;
#5738 =( LENGTH_UNIT ( ) NAMED_UNIT ( * ) SI_UNIT ( $, .METRE. ) );
#5739 = CYLINDRICAL_SURFACE ( 'NONE', #5690, 0.009999999999999991535 ) ;
#5740 = PRESENTATION_LAYER_ASSIGNMENT (  '', '', ( #3611 ) ) ;
#5741 = CARTESIAN_POINT ( 'NONE',  ( 0.9389763779527559029, -0.08353543307086615244, -0.007396801184038077903 ) ) ;
#5742 = ORIENTED_EDGE ( 'NONE', *, *, #5362, .T. ) ;
#5743 = FACE_OUTER_BOUND ( 'NONE', #5446, .T. ) ;
#5744 = AXIS2_PLACEMENT_3D ( 'NONE', #2968, #5669, #4778 ) ;
#5745 = PRESENTATION_LAYER_ASSIGNMENT (  '', '', ( #2178 ) ) ;
#5746 = LINE ( 'NONE', #2862, #4331 ) ;
#5747 = UNCERTAINTY_MEASURE_WITH_UNIT (LENGTH_MEASURE( 1.000000000000000082E-05 ), #2733, 'distance_accuracy_value', 'NONE');
#5748 = MECHANICAL_DESIGN_GEOMETRIC_PRESENTATION_REPRESENTATION (  '', ( #3229 ), #704 ) ;
#5749 = SURFACE_STYLE_USAGE ( .BOTH. , #2507 ) ;
#5750 = ORIENTED_EDGE ( 'NONE', *, *, #3762, .T. ) ;
#5751 = ORIENTED_EDGE ( 'NONE', *, *, #2281, .T. ) ;
#5752 = EDGE_CURVE ( 'NONE', #1436, #237, #1701, .T. ) ;
#5753 =( LENGTH_UNIT ( ) NAMED_UNIT ( * ) SI_UNIT ( $, .METRE. ) );
#5754 = PRESENTATION_LAYER_ASSIGNMENT (  '', '', ( #2185 ) ) ;
#5755 = EDGE_CURVE ( 'NONE', #5991, #2615, #1226, .T. ) ;
#5756 = PRESENTATION_STYLE_ASSIGNMENT (( #1470 ) ) ;
#5757 = CARTESIAN_POINT ( 'NONE',  ( 0.000000000000000000, -0.1555118110236234918, 0.1555118110236229645 ) ) ;
#5758 = FILL_AREA_STYLE_COLOUR ( '', #3280 ) ;
#5759 = STYLED_ITEM ( 'NONE', ( #5865 ), #5976 ) ;
#5760 = DIRECTION ( 'NONE',  ( -0.9999619230641711987, 0.008726535498373953759, 0.000000000000000000 ) ) ;
#5761 = ADVANCED_FACE ( 'NONE', ( #1288 ), #3581, .T. ) ;
#5762 = DIRECTION ( 'NONE',  ( 0.000000000000000000, 0.000000000000000000, -1.000000000000000000 ) ) ;
#5763 = DIRECTION ( 'NONE',  ( -1.000000000000000000, -0.000000000000000000, 0.000000000000000000 ) ) ;
#5764 =( LENGTH_UNIT ( ) NAMED_UNIT ( * ) SI_UNIT ( $, .METRE. ) );
#5765 = DIRECTION ( 'NONE',  ( 0.000000000000000000, 0.000000000000000000, -1.000000000000000000 ) ) ;
#5766 = ORIENTED_EDGE ( 'NONE', *, *, #5839, .F. ) ;
#5767 = LENGTH_MEASURE_WITH_UNIT ( LENGTH_MEASURE( 0.02539999999999999897 ), #4396 );
#5768 = DIRECTION ( 'NONE',  ( 0.000000000000000000, 1.000000000000000000, 0.000000000000000000 ) ) ;
#5769 =( NAMED_UNIT ( * ) PLANE_ANGLE_UNIT ( ) SI_UNIT ( $, .RADIAN. ) );
#5770 = VECTOR ( 'NONE', #3403, 39.37007874015748143 ) ;
#5771 = APPLICATION_CONTEXT ( 'automotive_design' ) ;
#5772 = DIRECTION ( 'NONE',  ( 0.000000000000000000, -0.8660254037844398178, -0.4999999999999979461 ) ) ;
#5773 = ORIENTED_EDGE ( 'NONE', *, *, #3206, .T. ) ;
#5774 = PLANE ( 'NONE',  #1102 ) ;
#5775 = LINE ( 'NONE', #209, #1317 ) ;
#5776 = CARTESIAN_POINT ( 'NONE',  ( 0.6565039370078741277, -0.1170000000000000484, 1.213184216936841517E-31 ) ) ;
#5777 = LINE ( 'NONE', #2560, #453 ) ;
#5778 = CARTESIAN_POINT ( 'NONE',  ( 0.4879999999999999338, -0.05856624327025864579, -0.1555118110236237139 ) ) ;
#5779 = STYLED_ITEM ( 'NONE', ( #5310 ), #602 ) ;
#5780 = LINE ( 'NONE', #4658, #1843 ) ;
#5781 = ORIENTED_EDGE ( 'NONE', *, *, #820, .F. ) ;
#5782 = EDGE_LOOP ( 'NONE', ( #2142, #970, #1228, #66, #3898, #2538, #843, #5076 ) ) ;
#5783 = SURFACE_STYLE_USAGE ( .BOTH. , #2449 ) ;
#5784 = VECTOR ( 'NONE', #3973, 39.37007874015748143 ) ;
#5785 = PRESENTATION_STYLE_ASSIGNMENT (( #2131 ) ) ;
#5786 = DIRECTION ( 'NONE',  ( 0.000000000000000000, -1.000000000000000000, -1.707404996040165350E-15 ) ) ;
#5787 = FILL_AREA_STYLE ('',( #2456 ) ) ;
#5788 = AXIS2_PLACEMENT_3D ( 'NONE', #200, #5763, #1607 ) ;
#5789 = ORIENTED_EDGE ( 'NONE', *, *, #2248, .T. ) ;
#5790 =( CONVERSION_BASED_UNIT ( 'INCH', #3952 ) LENGTH_UNIT ( ) NAMED_UNIT ( #930 ) );
#5791 = CARTESIAN_POINT ( 'NONE',  ( 0.4772895868002869357, 0.07046965511460288878, 0.1745118110236224540 ) ) ;
#5792 = ADVANCED_FACE ( 'NONE', ( #100 ), #461, .T. ) ;
#5793 = EDGE_CURVE ( 'NONE', #1683, #454, #4652, .T. ) ;
#5794 = MECHANICAL_DESIGN_GEOMETRIC_PRESENTATION_REPRESENTATION (  '', ( #3579 ), #64 ) ;
#5795 = DIRECTION ( 'NONE',  ( -0.000000000000000000, 1.000000000000000000, 0.000000000000000000 ) ) ;
#5796 = ORIENTED_EDGE ( 'NONE', *, *, #2149, .T. ) ;
#5797 = CARTESIAN_POINT ( 'NONE',  ( 0.6161417322834645827, -0.08353543307086615244, 0.000000000000000000 ) ) ;
#5798 = PRESENTATION_LAYER_ASSIGNMENT (  '', '', ( #5026 ) ) ;
#5799 = SURFACE_STYLE_USAGE ( .BOTH. , #5355 ) ;
#5800 =( NAMED_UNIT ( * ) SI_UNIT ( $, .STERADIAN. ) SOLID_ANGLE_UNIT ( ) );
#5801 = ADVANCED_FACE ( 'NONE', ( #2329 ), #4169, .F. ) ;
#5802 = FACE_OUTER_BOUND ( 'NONE', #3018, .T. ) ;
#5803 =( NAMED_UNIT ( * ) PLANE_ANGLE_UNIT ( ) SI_UNIT ( $, .RADIAN. ) );
#5804 = ADVANCED_FACE ( 'NONE', ( #652 ), #4320, .T. ) ;
#5805 = ORIENTED_EDGE ( 'NONE', *, *, #3503, .F. ) ;
#5806 = CARTESIAN_POINT ( 'NONE',  ( 0.000000000000000000, 0.000000000000000000, 0.000000000000000000 ) ) ;
#5807 = CARTESIAN_POINT ( 'NONE',  ( 0.4879999999999999338, 0.02392468245269455465, -0.2155127544131332507 ) ) ;
#5808 =( BOUNDED_CURVE ( )  B_SPLINE_CURVE ( 3, ( #4811, #653, #2511, #4355 ),
 .UNSPECIFIED., .F., .T. ) 
 B_SPLINE_CURVE_WITH_KNOTS ( ( 4, 4 ),
 ( 5.497825219993076828, 7.068545394366095636 ),
 .UNSPECIFIED. ) 
 CURVE ( )  GEOMETRIC_REPRESENTATION_ITEM ( )  RATIONAL_B_SPLINE_CURVE ( ( 1.000000000000000000, 0.8047558030806112317, 0.8047558030806112317, 1.000000000000000000 ) ) 
 REPRESENTATION_ITEM ( '' )  );
#5809 =( CONVERSION_BASED_UNIT ( 'INCH', #2993 ) LENGTH_UNIT ( ) NAMED_UNIT ( #3935 ) );
#5810 = DIRECTION ( 'NONE',  ( 0.05782871121279575810, 0.9983265198117633465, 3.485638413994981607E-15 ) ) ;
#5811 = UNCERTAINTY_MEASURE_WITH_UNIT (LENGTH_MEASURE( 1.000000000000000082E-05 ), #4032, 'distance_accuracy_value', 'NONE');
#5812 = FILL_AREA_STYLE ('',( #3049 ) ) ;
#5813 = CARTESIAN_POINT ( 'NONE',  ( 0.6276428471321302549, 0.1500344548768827169, 0.1427153620770879594 ) ) ;
#5814 = VERTEX_POINT ( 'NONE', #3419 ) ;
#5815 = ORIENTED_EDGE ( 'NONE', *, *, #4743, .T. ) ;
#5816 = SURFACE_SIDE_STYLE ('',( #2132 ) ) ;
#5817 = FACE_OUTER_BOUND ( 'NONE', #5638, .T. ) ;
#5818 = CARTESIAN_POINT ( 'NONE',  ( 0.9685039370078740717, -0.1179999999999999660, -0.1210000000000000103 ) ) ;
#5819 = ORIENTED_EDGE ( 'NONE', *, *, #1685, .F. ) ;
#5820 = FILL_AREA_STYLE_COLOUR ( '', #825 ) ;
#5821 = CARTESIAN_POINT ( 'NONE',  ( 0.9685039370078740717, -0.1179999999999999660, 0.1110003807693583228 ) ) ;
#5822 = STYLED_ITEM ( 'NONE', ( #3790 ), #4150 ) ;
#5823 = CARTESIAN_POINT ( 'NONE',  ( 0.5265119078539792774, 0.07874015748031500117, 0.1328689200955810445 ) ) ;
#5824 = LINE ( 'NONE', #1672, #4547 ) ;
#5825 = LENGTH_MEASURE_WITH_UNIT ( LENGTH_MEASURE( 0.02539999999999999897 ), #3558 );
#5826 = ORIENTED_EDGE ( 'NONE', *, *, #74, .F. ) ;
#5827 = FACE_OUTER_BOUND ( 'NONE', #1892, .T. ) ;
#5828 =( NAMED_UNIT ( * ) PLANE_ANGLE_UNIT ( ) SI_UNIT ( $, .RADIAN. ) );
#5829 = DIMENSIONAL_EXPONENTS ( 1.000000000000000000, 0.000000000000000000, 0.000000000000000000, 0.000000000000000000, 0.000000000000000000, 0.000000000000000000, 0.000000000000000000 ) ;
#5830 = PLANE ( 'NONE',  #477 ) ;
#5831 = CARTESIAN_POINT ( 'NONE',  ( 0.4840000000000000413, 0.07046965511460284715, 0.1745118110236224540 ) ) ;
#5832 = ADVANCED_FACE ( 'NONE', ( #5267 ), #2966, .T. ) ;
#5833 = DIRECTION ( 'NONE',  ( 4.674918761062074908E-19, -1.000000000000000000, -0.000000000000000000 ) ) ;
#5834 = CARTESIAN_POINT ( 'NONE',  ( 0.5632189690309560293, -0.07874015748031494566, -0.08135782883884996874 ) ) ;
#5835 = CARTESIAN_POINT ( 'NONE',  ( 0.4881889763779527769, -0.1555118110236234918, 0.05856624327025919396 ) ) ;
#5836 = COLOUR_RGB ( '',1.000000000000000000, 0.9490196078431372140, 0.9098039215686274384 ) ;
#5837 = VERTEX_POINT ( 'NONE', #2440 ) ;
#5838 = FACE_OUTER_BOUND ( 'NONE', #5782, .T. ) ;
#5839 = EDGE_CURVE ( 'NONE', #1309, #923, #960, .T. ) ;
#5840 = FACE_OUTER_BOUND ( 'NONE', #3924, .T. ) ;
#5841 = VECTOR ( 'NONE', #4112, 39.37007874015749564 ) ;
#5842 = EDGE_CURVE ( 'NONE', #2215, #662, #3316, .T. ) ;
#5843 =( NAMED_UNIT ( * ) PLANE_ANGLE_UNIT ( ) SI_UNIT ( $, .RADIAN. ) );
#5844 =( NAMED_UNIT ( * ) SI_UNIT ( $, .STERADIAN. ) SOLID_ANGLE_UNIT ( ) );
#5845 = DIRECTION ( 'NONE',  ( -0.9987827659587182882, -0.03487826274237468965, 0.03487826274237469659 ) ) ;
#5846 = MECHANICAL_DESIGN_GEOMETRIC_PRESENTATION_REPRESENTATION (  '', ( #5368 ), #3330 ) ;
#5847 = ORIENTED_EDGE ( 'NONE', *, *, #2821, .F. ) ;
#5848 = ORIENTED_EDGE ( 'NONE', *, *, #4081, .F. ) ;
#5849 = DIMENSIONAL_EXPONENTS ( 1.000000000000000000, 0.000000000000000000, 0.000000000000000000, 0.000000000000000000, 0.000000000000000000, 0.000000000000000000, 0.000000000000000000 ) ;
#5850 =( LENGTH_UNIT ( ) NAMED_UNIT ( * ) SI_UNIT ( $, .METRE. ) );
#5851 = DIRECTION ( 'NONE',  ( 0.02933747147263230173, 0.000000000000000000, -0.9995695637461118332 ) ) ;
#5852 = STYLED_ITEM ( 'NONE', ( #3819 ), #5498 ) ;
#5853 = FILL_AREA_STYLE_COLOUR ( '', #2139 ) ;
#5854 = ORIENTED_EDGE ( 'NONE', *, *, #3426, .F. ) ;
#5855 = STYLED_ITEM ( 'NONE', ( #1991 ), #5875 ) ;
#5856 = DIRECTION ( 'NONE',  ( -0.4999999999999968359, -0.8660254037844405950, 0.000000000000000000 ) ) ;
#5857 = FACE_OUTER_BOUND ( 'NONE', #3045, .T. ) ;
#5858 = CARTESIAN_POINT ( 'NONE',  ( 0.4840000000000000413, 0.06375924191488983872, 0.1745118110236224540 ) ) ;
#5859 =( GEOMETRIC_REPRESENTATION_CONTEXT ( 3 ) GLOBAL_UNCERTAINTY_ASSIGNED_CONTEXT ( ( #5384 ) ) GLOBAL_UNIT_ASSIGNED_CONTEXT ( ( #1425, #3770, #4700 ) ) REPRESENTATION_CONTEXT ( 'NONE', 'WORKASPACE' ) );
#5860 = FACE_OUTER_BOUND ( 'NONE', #2245, .T. ) ;
#5861 = ORIENTED_EDGE ( 'NONE', *, *, #993, .F. ) ;
#5862 = SURFACE_STYLE_FILL_AREA ( #5707 ) ;
#5863 = CARTESIAN_POINT ( 'NONE',  ( 0.4879999999999999338, -0.1555118110236234918, 0.08000000000000000167 ) ) ;
#5864 = CARTESIAN_POINT ( 'NONE',  ( 0.9585039370078740628, -0.1371466931045765836, 0.1371466931045760285 ) ) ;
#5865 = PRESENTATION_STYLE_ASSIGNMENT (( #5062 ) ) ;
#5866 = VECTOR ( 'NONE', #3443, 39.37007874015748143 ) ;
#5867 = ORIENTED_EDGE ( 'NONE', *, *, #924, .F. ) ;
#5868 = DIRECTION ( 'NONE',  ( -0.000000000000000000, -0.000000000000000000, 1.000000000000000000 ) ) ;
#5869 = DIRECTION ( 'NONE',  ( 0.000000000000000000, -1.000000000000000000, -3.491481338843134539E-15 ) ) ;
#5870 = VECTOR ( 'NONE', #5229, 39.37007874015748143 ) ;
#5871 = CARTESIAN_POINT ( 'NONE',  ( 0.6253892509847895909, 0.1400545024818725670, -0.1500541217125148374 ) ) ;
#5872 = UNCERTAINTY_MEASURE_WITH_UNIT (LENGTH_MEASURE( 1.000000000000000082E-05 ), #1703, 'distance_accuracy_value', 'NONE');
#5873 =( LENGTH_UNIT ( ) NAMED_UNIT ( * ) SI_UNIT ( $, .METRE. ) );
#5874 = CARTESIAN_POINT ( 'NONE',  ( 0.000000000000000000, -0.1555118110236234918, 0.1082677165354330728 ) ) ;
#5875 = ADVANCED_FACE ( 'NONE', ( #928 ), #3347, .F. ) ;
#5876 =( NAMED_UNIT ( * ) PLANE_ANGLE_UNIT ( ) SI_UNIT ( $, .RADIAN. ) );
#5877 = VECTOR ( 'NONE', #5625, 39.37007874015748143 ) ;
#5878 = ORIENTED_EDGE ( 'NONE', *, *, #301, .T. ) ;
#5879 = ADVANCED_FACE ( 'NONE', ( #5226 ), #5191, .F. ) ;
#5880 = ORIENTED_EDGE ( 'NONE', *, *, #3613, .T. ) ;
#5881 = CARTESIAN_POINT ( 'NONE',  ( 0.5884414010956743324, -0.07874015748031494566, -0.07379977845660169733 ) ) ;
#5882 = AXIS2_PLACEMENT_3D ( 'NONE', #3828, #3373, #2820 ) ;
#5883 = CARTESIAN_POINT ( 'NONE',  ( 0.5323794021485056538, 0.07874015748031498729, -0.06704499265364122218 ) ) ;
#5884 = EDGE_LOOP ( 'NONE', ( #1515, #5931, #4310, #91, #34 ) ) ;
#5885 =( GEOMETRIC_REPRESENTATION_CONTEXT ( 3 ) GLOBAL_UNCERTAINTY_ASSIGNED_CONTEXT ( ( #2832 ) ) GLOBAL_UNIT_ASSIGNED_CONTEXT ( ( #3488, #597, #4391 ) ) REPRESENTATION_CONTEXT ( 'NONE', 'WORKASPACE' ) );
#5886 = CARTESIAN_POINT ( 'NONE',  ( 0.6565039370078741277, -0.1398694758552933570, -0.1398694758552906370 ) ) ;
#5887 = DIRECTION ( 'NONE',  ( -1.000000000000000000, -0.000000000000000000, 0.000000000000000000 ) ) ;
#5888 =( GEOMETRIC_REPRESENTATION_CONTEXT ( 3 ) GLOBAL_UNCERTAINTY_ASSIGNED_CONTEXT ( ( #3324 ) ) GLOBAL_UNIT_ASSIGNED_CONTEXT ( ( #300, #5769, #5800 ) ) REPRESENTATION_CONTEXT ( 'NONE', 'WORKASPACE' ) );
#5889 = LINE ( 'NONE', #2309, #3366 ) ;
#5890 = STYLED_ITEM ( 'NONE', ( #676 ), #2180 ) ;
#5891 = SURFACE_STYLE_FILL_AREA ( #4033 ) ;
#5892 = LINE ( 'NONE', #5971, #530 ) ;
#5893 =( LENGTH_UNIT ( ) NAMED_UNIT ( * ) SI_UNIT ( $, .METRE. ) );
#5894 = CARTESIAN_POINT ( 'NONE',  ( 0.4840000000000000413, 0.1745118110236227038, 0.05314914703891337328 ) ) ;
#5895 = PLANE ( 'NONE',  #4447 ) ;
#5896 = AXIS2_PLACEMENT_3D ( 'NONE', #1053, #637, #5122 ) ;
#5897 = CARTESIAN_POINT ( 'NONE',  ( 0.4879999999999999338, -0.07999999999999946043, -0.1555118110236237694 ) ) ;
#5898 = VERTEX_POINT ( 'NONE', #1682 ) ;
#5899 = SURFACE_SIDE_STYLE ('',( #5414 ) ) ;
#5900 = CARTESIAN_POINT ( 'NONE',  ( 0.6465039370078740077, -0.1398694758552933570, -0.1398694758552906370 ) ) ;
#5901 = LINE ( 'NONE', #2658, #1257 ) ;
#5902 = PRESENTATION_LAYER_ASSIGNMENT (  '', '', ( #3284 ) ) ;
#5903 = ORIENTED_EDGE ( 'NONE', *, *, #5116, .T. ) ;
#5904 = VERTEX_POINT ( 'NONE', #5357 ) ;
#5905 = FACE_OUTER_BOUND ( 'NONE', #4351, .T. ) ;
#5906 = VECTOR ( 'NONE', #3879, 39.37007874015748143 ) ;
#5907 = CARTESIAN_POINT ( 'NONE',  ( 0.5282606005958295770, 0.1509017506031535838, 0.07775373837531684984 ) ) ;
#5908 = FILL_AREA_STYLE_COLOUR ( '', #2779 ) ;
#5909 = EDGE_CURVE ( 'NONE', #5631, #3939, #2148, .T. ) ;
#5910 = DIRECTION ( 'NONE',  ( 0.000000000000000000, 0.8660254037844417052, 0.4999999999999949485 ) ) ;
#5911 = ORIENTED_EDGE ( 'NONE', *, *, #4861, .F. ) ;
#5912 = VECTOR ( 'NONE', #450, 39.37007874015748854 ) ;
#5913 = CARTESIAN_POINT ( 'NONE',  ( 0.9685039370078740717, 0.1043641051433335104, -0.01817000752958475990 ) ) ;
#5914 = SURFACE_SIDE_STYLE ('',( #2747 ) ) ;
#5915 =( NAMED_UNIT ( * ) PLANE_ANGLE_UNIT ( ) SI_UNIT ( $, .RADIAN. ) );
#5916 = CYLINDRICAL_SURFACE ( 'NONE', #3169, 0.02000000000000000042 ) ;
#5917 = ADVANCED_FACE ( 'NONE', ( #641 ), #1210, .T. ) ;
#5918 = COLOUR_RGB ( '',0.8588235294117646523, 0.09803921568627450844, 0.09803921568627450844 ) ;
#5919 = SURFACE_SIDE_STYLE ('',( #4628 ) ) ;
#5920 =( NAMED_UNIT ( * ) SI_UNIT ( $, .STERADIAN. ) SOLID_ANGLE_UNIT ( ) );
#5921 = VECTOR ( 'NONE', #1157, 39.37007874015748854 ) ;
#5922 = CARTESIAN_POINT ( 'NONE',  ( 0.6565039370078741277, -0.1170000000000000484, 1.213184216936841517E-31 ) ) ;
#5923 = CARTESIAN_POINT ( 'NONE',  ( 0.4733497035020817201, 0.07874015748031498729, -0.06877752049651320032 ) ) ;
#5924 = SURFACE_SIDE_STYLE ('',( #5948 ) ) ;
#5925 = CARTESIAN_POINT ( 'NONE',  ( 0.3474196816907006435, -0.09547244094488185895, -0.07247357983688917926 ) ) ;
#5926 = EDGE_LOOP ( 'NONE', ( #2130, #4998, #99, #3258, #5017, #847, #2739 ) ) ;
#5927 = DIRECTION ( 'NONE',  ( 0.9999238504775705971, 0.008726203243944236423, 0.008726203243944238158 ) ) ;
#5928 = SURFACE_STYLE_USAGE ( .BOTH. , #5529 ) ;
#5929 = UNCERTAINTY_MEASURE_WITH_UNIT (LENGTH_MEASURE( 1.000000000000000082E-05 ), #630, 'distance_accuracy_value', 'NONE');
#5930 = VERTEX_POINT ( 'NONE', #270 ) ;
#5931 = ORIENTED_EDGE ( 'NONE', *, *, #2021, .T. ) ;
#5932 = AXIS2_PLACEMENT_3D ( 'NONE', #5047, #2743, #1801 ) ;
#5933 = CARTESIAN_POINT ( 'NONE',  ( 0.5779999999999999583, -0.1559999999999999165, -0.1555118110236238804 ) ) ;
#5934 = CARTESIAN_POINT ( 'NONE',  ( 0.9389763779527559029, 0.08353543307086615244, -0.007396801184038077903 ) ) ;
#5935 = CARTESIAN_POINT ( 'NONE',  ( 0.6276428471321305880, -0.1500344548768859643, -0.1555118110236238804 ) ) ;
#5936 = STYLED_ITEM ( 'NONE', ( #4972 ), #4947 ) ;
#5937 = VERTEX_POINT ( 'NONE', #3074 ) ;
#5938 =( LENGTH_UNIT ( ) NAMED_UNIT ( * ) SI_UNIT ( $, .METRE. ) );
#5939 = LENGTH_MEASURE_WITH_UNIT ( LENGTH_MEASURE( 0.02539999999999999897 ), #3607 );
#5940 = VECTOR ( 'NONE', #5329, 39.37007874015748143 ) ;
#5941 = PRESENTATION_STYLE_ASSIGNMENT (( #375 ) ) ;
#5942 = FACE_OUTER_BOUND ( 'NONE', #5952, .T. ) ;
#5943 = DIRECTION ( 'NONE',  ( 0.000000000000000000, 0.8660254037844394848, -0.4999999999999986122 ) ) ;
#5944 = DIRECTION ( 'NONE',  ( 1.000000000000000000, -0.000000000000000000, 0.000000000000000000 ) ) ;
#5945 = EDGE_CURVE ( 'NONE', #1132, #4433, #3521, .T. ) ;
#5946 = CARTESIAN_POINT ( 'NONE',  ( 0.6565039370078741277, -0.1170000000000000484, -5.461825460945851005E-16 ) ) ;
#5947 = SURFACE_STYLE_USAGE ( .BOTH. , #1763 ) ;
#5948 = SURFACE_STYLE_FILL_AREA ( #4068 ) ;
#5949 = PRESENTATION_STYLE_ASSIGNMENT (( #1296 ) ) ;
#5950 = DIMENSIONAL_EXPONENTS ( 1.000000000000000000, 0.000000000000000000, 0.000000000000000000, 0.000000000000000000, 0.000000000000000000, 0.000000000000000000, 0.000000000000000000 ) ;
#5951 =( LENGTH_UNIT ( ) NAMED_UNIT ( * ) SI_UNIT ( $, .METRE. ) );
#5952 = EDGE_LOOP ( 'NONE', ( #3058, #3751, #715, #5562 ) ) ;
#5953 = ADVANCED_FACE ( 'NONE', ( #207 ), #4922, .T. ) ;
#5954 = CARTESIAN_POINT ( 'NONE',  ( 0.9685039370078740717, 0.000000000000000000, -0.01817000752958475990 ) ) ;
#5955 = DIRECTION ( 'NONE',  ( -0.007877271317152342509, 0.000000000000000000, -0.9999689738169860176 ) ) ;
#5956 = DIRECTION ( 'NONE',  ( 0.000000000000000000, 0.000000000000000000, -1.000000000000000000 ) ) ;
#5957 = LINE ( 'NONE', #1830, #5912 ) ;
#5958 = ORIENTED_EDGE ( 'NONE', *, *, #4279, .T. ) ;
#5959 = ORIENTED_EDGE ( 'NONE', *, *, #986, .T. ) ;
#5960 = CARTESIAN_POINT ( 'NONE',  ( 0.9585039370078740628, 0.1371466931045733084, 0.1371466931045755289 ) ) ;
#5961 = ORIENTED_EDGE ( 'NONE', *, *, #1443, .F. ) ;
#5962 = ORIENTED_EDGE ( 'NONE', *, *, #2614, .T. ) ;
#5963 = SURFACE_STYLE_USAGE ( .BOTH. , #4249 ) ;
#5964 = FILL_AREA_STYLE_COLOUR ( '', #2940 ) ;
#5965 = CARTESIAN_POINT ( 'NONE',  ( 0.5282606005958293549, -0.1509017506031568312, -0.1435792815060221994 ) ) ;
#5966 = DIRECTION ( 'NONE',  ( 0.000000000000000000, 0.000000000000000000, -1.000000000000000000 ) ) ;
#5967 = LENGTH_MEASURE_WITH_UNIT ( LENGTH_MEASURE( 0.02539999999999999897 ), #5486 );
#5968 = VECTOR ( 'NONE', #1375, 39.37007874015748143 ) ;
#5969 = LENGTH_MEASURE_WITH_UNIT ( LENGTH_MEASURE( 0.02539999999999999897 ), #2334 );
#5970 = DIRECTION ( 'NONE',  ( 0.008726535498373955493, 0.000000000000000000, -0.9999619230641713097 ) ) ;
#5971 = CARTESIAN_POINT ( 'NONE',  ( 0.6161417322834645827, -0.08353543307086615244, -0.004853666185752438141 ) ) ;
#5972 = VECTOR ( 'NONE', #588, 39.37007874015748143 ) ;
#5973 = EDGE_CURVE ( 'NONE', #3290, #5664, #2257, .T. ) ;
#5974 =( NAMED_UNIT ( * ) SI_UNIT ( $, .STERADIAN. ) SOLID_ANGLE_UNIT ( ) );
#5975 = CARTESIAN_POINT ( 'NONE',  ( 0.4772895868002869912, 0.1745118110236227593, 0.07046965511460223652 ) ) ;
#5976 = ADVANCED_FACE ( 'NONE', ( #5978 ), #3102, .T. ) ;
#5977 = CARTESIAN_POINT ( 'NONE',  ( 0.9685039370078740717, -0.1043641051433335104, -0.01817000752958475990 ) ) ;
#5978 = FACE_OUTER_BOUND ( 'NONE', #3571, .T. ) ;
#5979 =( GEOMETRIC_REPRESENTATION_CONTEXT ( 3 ) GLOBAL_UNCERTAINTY_ASSIGNED_CONTEXT ( ( #3805 ) ) GLOBAL_UNIT_ASSIGNED_CONTEXT ( ( #2952, #4760, #3345 ) ) REPRESENTATION_CONTEXT ( 'NONE', 'WORKASPACE' ) );
#5980 = VERTEX_POINT ( 'NONE', #1711 ) ;
#5981 = DIRECTION ( 'NONE',  ( 0.000000000000000000, -1.000000000000000000, 0.000000000000000000 ) ) ;
#5982 = ADVANCED_FACE ( 'NONE', ( #4039 ), #781, .T. ) ;
#5983 = FILL_AREA_STYLE ('',( #4128 ) ) ;
#5984 = SURFACE_STYLE_FILL_AREA ( #2264 ) ;
#5985 = UNCERTAINTY_MEASURE_WITH_UNIT (LENGTH_MEASURE( 1.000000000000000082E-05 ), #1108, 'distance_accuracy_value', 'NONE');
#5986 = EDGE_CURVE ( 'NONE', #4782, #5904, #5589, .T. ) ;
#5987 = FILL_AREA_STYLE_COLOUR ( '', #5120 ) ;
#5988 = DIMENSIONAL_EXPONENTS ( 1.000000000000000000, 0.000000000000000000, 0.000000000000000000, 0.000000000000000000, 0.000000000000000000, 0.000000000000000000, 0.000000000000000000 ) ;
#5989 = ORIENTED_EDGE ( 'NONE', *, *, #1761, .F. ) ;
#5990 = COLOUR_RGB ( '',0.8588235294117646523, 0.09803921568627450844, 0.09803921568627450844 ) ;
#5991 = VERTEX_POINT ( 'NONE', #4726 ) ;
#5992 = CARTESIAN_POINT ( 'NONE',  ( 0.6565039370078741277, 0.08353543307086615244, -5.467004328741352407E-16 ) ) ;
#5993 = UNCERTAINTY_MEASURE_WITH_UNIT (LENGTH_MEASURE( 1.000000000000000082E-05 ), #2843, 'distance_accuracy_value', 'NONE');
#5994 = PRESENTATION_STYLE_ASSIGNMENT (( #4136 ) ) ;
#5995 = ORIENTED_EDGE ( 'NONE', *, *, #958, .T. ) ;
#5996 = EDGE_LOOP ( 'NONE', ( #4874, #5903, #896, #3510, #3672, #4388, #818, #481, #3248, #1631, #678, #1455, #329, #578, #3148, #3522, #4428, #3334, #1974, #2420, #3210, #2447, #4650, #2121, #399, #5773, #3834, #1660, #4971, #5622, #2653, #4682 ) ) ;
#5997 =( LENGTH_UNIT ( ) NAMED_UNIT ( * ) SI_UNIT ( $, .METRE. ) );
#5998 = STYLED_ITEM ( 'NONE', ( #279 ), #2984 ) ;
#5999 =( BOUNDED_CURVE ( )  B_SPLINE_CURVE ( 3, ( #3532, #4957, #784, #3595 ),
 .UNSPECIFIED., .F., .T. ) 
 B_SPLINE_CURVE_WITH_KNOTS ( ( 4, 4 ),
 ( 5.624127271353169810, 6.942243343006005318 ),
 .UNSPECIFIED. ) 
 CURVE ( )  GEOMETRIC_REPRESENTATION_ITEM ( )  RATIONAL_B_SPLINE_CURVE ( ( 1.000000000000000000, 0.8603796100280596271, 0.8603796100280596271, 1.000000000000000000 ) ) 
 REPRESENTATION_ITEM ( '' )  );
#6000 = LENGTH_MEASURE_WITH_UNIT ( LENGTH_MEASURE( 0.02539999999999999897 ), #69 );
#6001 = FILL_AREA_STYLE ('',( #4143 ) ) ;
#6002 = PLANE ( 'NONE',  #3873 ) ;
#6003 = DIRECTION ( 'NONE',  ( -0.000000000000000000, -0.000000000000000000, -1.000000000000000000 ) ) ;
#6004 = CARTESIAN_POINT ( 'NONE',  ( 0.4733497035020817201, -0.09374015748031491735, -0.06877752049651320032 ) ) ;
#6005 = COLOUR_RGB ( '',0.8588235294117646523, 0.09803921568627450844, 0.09803921568627450844 ) ;
#6006 = LENGTH_MEASURE_WITH_UNIT ( LENGTH_MEASURE( 0.02539999999999999897 ), #4546 );
#6007 = PRESENTATION_LAYER_ASSIGNMENT (  '', '', ( #2619 ) ) ;
#6008 = LINE ( 'NONE', #5925, #284 ) ;
#6009 = MECHANICAL_DESIGN_GEOMETRIC_PRESENTATION_REPRESENTATION (  '', ( #2623 ), #575 ) ;
#6010 = ORIENTED_EDGE ( 'NONE', *, *, #5655, .F. ) ;
#6011 = DIRECTION ( 'NONE',  ( -0.5029670179438436861, -0.000000000000000000, -0.8643056050151920466 ) ) ;
#6012 = COLOUR_RGB ( '',1.000000000000000000, 0.9490196078431372140, 0.9098039215686274384 ) ;
#6013 = CARTESIAN_POINT ( 'NONE',  ( 0.4881889763779527769, -0.1305118110236235252, 0.07299999999999999545 ) ) ;
#6014 = CARTESIAN_POINT ( 'NONE',  ( 0.9685039370078740717, -0.1371466931045766113, 0.1371466931045760285 ) ) ;
ENDSEC;
END-ISO-10303-21;
